primary_artist,first_chart_date,first_chart_year,last_chart_date,career_span_years,charted_songs,top10_songs,number_one_songs,total_chart_weeks,best_peak_position,avg_weeks_per_song
Taylor Swift,2006-09-23,2006,2026-08-22,19.9,271,70,15,1954,1,7.2
Drake,2009-05-23,2009,2026-08-22,17.2,261,62,11,1954,1,7.5
Morgan Wallen,2018-04-07,2018,2026-08-22,8.4,99,17,3,1282,1,12.9
Elvis Presley,1958-08-04,1958,2026-01-03,67.4,109,25,7,1015,1,9.3
Chris Brown,2005-08-27,2005,2026-05-23,20.7,65,11,2,942,1,14.5
Kenny Chesney,1998-05-09,1998,2026-08-22,28.3,55,0,0,917,16,16.7
Rihanna,2005-06-11,2005,2025-11-15,20.4,42,23,11,907,1,21.6
Elton John,1970-08-15,1970,2000-07-29,30.0,58,23,5,889,1,15.3
Madonna,1983-10-29,1983,2015-07-11,31.7,56,38,12,885,1,15.8
Tim McGraw,1994-03-05,1994,2023-11-25,29.7,53,2,0,841,7,15.9
Beyonce,2003-05-24,2003,2026-08-22,23.2,82,17,7,814,1,9.9
Post Malone,2015-09-26,2015,2025-08-30,9.9,78,10,4,777,1,10.0
Maroon 5,2003-08-23,2003,2021-09-04,18.0,32,15,4,757,1,23.7
Keith Urban,2000-07-15,2000,2022-06-11,21.9,42,0,0,752,16,17.9
Mariah Carey,1990-06-02,1990,2026-01-03,35.6,43,25,18,743,1,17.3
Jason Aldean,2005-08-13,2005,2026-08-22,21.0,43,2,1,740,1,17.2
Justin Bieber,2009-07-25,2009,2026-08-22,17.1,89,15,4,729,1,8.2
Usher,1994-09-03,1994,2024-03-02,29.5,33,14,8,724,1,21.9
Rod Stewart,1971-07-17,1971,1998-11-14,27.3,49,15,3,682,1,13.9
Michael Jackson,1971-10-30,1971,2026-08-08,54.8,45,25,12,679,1,15.1
Ariana Grande,2013-04-13,2013,2026-08-22,13.4,85,18,6,668,1,7.9
The Weeknd,2012-11-17,2012,2025-07-05,12.6,76,11,5,664,1,8.7
Blake Shelton,2001-05-26,2001,2026-01-24,24.7,41,0,0,660,12,16.1
Stevie Wonder,1964-06-13,1964,2005-04-09,40.8,54,25,7,659,1,12.2
Brad Paisley,1999-06-19,1999,2017-04-01,17.8,39,0,0,654,17,16.8
Luke Combs,2017-03-04,2017,2026-08-22,9.5,36,3,0,654,2,18.2
Rascal Flatts,2000-05-06,2000,2021-05-08,21.0,37,2,0,627,6,16.9
P!nk,2000-03-04,2000,2023-07-01,23.3,32,14,3,626,1,19.6
Ed Sheeran,2012-07-28,2012,2026-01-24,13.5,42,8,2,611,1,14.5
The Beatles,1964-01-18,1964,2023-11-25,59.9,70,35,20,610,1,8.7
Chicago,1969-08-09,1969,1991-04-06,21.7,46,20,3,607,1,13.2
Luke Bryan,2007-08-18,2007,2025-08-30,18.0,36,0,0,600,14,16.7
Billy Joel,1974-02-23,1974,2024-02-17,50.0,43,13,3,596,1,13.9
Aretha Franklin,1961-02-27,1961,1998-09-26,37.6,68,16,1,594,1,8.7
Whitney Houston,1985-05-11,1985,2012-03-10,26.8,33,22,11,589,1,17.8
The Rolling Stones,1964-05-02,1964,2003-10-04,39.4,57,23,8,585,1,10.3
Carrie Underwood,2005-07-02,2005,2022-10-15,17.3,36,4,1,582,1,16.2
Eminem,1999-02-27,1999,2024-10-26,25.7,75,18,4,575,1,7.7
Kanye West,2003-11-29,2003,2021-11-20,18.0,81,10,2,567,1,7
Neil Diamond,1966-05-21,1966,1986-07-26,20.2,52,12,2,553,1,10.6
Toby Keith,1993-06-26,1993,2026-07-18,33.1,37,0,0,553,11,14.9
George Strait,1993-10-09,1993,2014-07-26,20.8,35,0,0,553,23,15.8
Nicki Minaj,2010-06-19,2010,2024-05-04,13.9,56,5,1,550,1,9.8
The Beach Boys,1962-02-17,1962,2026-01-03,63.9,54,15,4,545,1,10.1
Kelly Clarkson,2002-09-21,2002,2026-01-03,23.3,27,12,3,543,1,20.1
Daryl Hall John Oates,1974-02-09,1974,2005-02-05,31.0,34,16,6,540,1,15.9
R. Kelly,1993-10-30,1993,2013-12-28,20.2,31,9,1,540,1,17.4
Katy Perry,2008-05-24,2008,2024-07-27,16.2,29,14,9,540,1,18.6
Mary J. Blige,1992-06-20,1992,2022-03-12,29.7,32,4,1,539,1,16.8
Lil Wayne,2002-07-06,2002,2025-06-21,23.0,74,12,1,525,1,7.1
Billie Eilish,2018-08-04,2018,2025-11-08,7.3,41,7,1,523,1,12.8
Future,2012-03-17,2012,2026-08-08,14.4,110,6,1,520,1,4.7
Bee Gees,1967-05-27,1967,1998-02-07,30.7,43,15,9,516,1,12
Lady Gaga,2008-08-16,2008,2025-12-13,17.3,41,15,3,508,1,12.4
Kendrick Lamar,2012-08-18,2012,2025-07-12,12.9,55,12,3,507,1,9.2
Bad Bunny,2018-10-27,2018,2026-04-18,7.5,61,10,1,495,1,8.1
The Temptations,1960-04-18,1960,1986-12-20,26.7,50,14,4,486,1,9.7
Connie Francis,1958-08-04,1958,1969-03-29,10.7,53,15,3,485,1,9.2
Thomas Rhett,2012-07-28,2012,2026-04-25,13.7,27,0,0,485,21,18.0
Dierks Bentley,2003-06-21,2003,2023-05-13,19.9,28,0,0,484,22,17.3
SZA,2017-07-01,2017,2025-09-06,8.2,41,7,1,481,1,11.7
Brenda Lee,1959-12-21,1959,2026-01-03,66.0,48,13,3,476,1,9.9
Kool & The Gang,1969-09-13,1969,1988-01-16,18.3,32,12,1,469,1,14.7
Britney Spears,1998-11-21,1998,2016-12-10,18.1,32,11,4,460,1,14.4
DJ Khaled,2006-06-24,2006,2022-11-19,16.4,51,7,1,456,1,8.9
Dionne Warwick,1962-12-08,1962,1986-05-10,23.4,47,10,0,451,2,9.6
Pitbull,2004-04-24,2004,2016-12-10,12.6,27,6,2,450,1,16.7
Bruno Mars,2010-08-07,2010,2026-08-22,16.0,23,11,6,448,1,19.5
Justin Timberlake,2002-09-07,2002,2024-05-04,21.7,22,12,4,446,1,20.3
Imagine Dragons,2012-06-23,2012,2022-10-15,10.3,15,4,0,442,3,29.5
Sabrina Carpenter,2021-02-06,2021,2026-08-22,5.5,32,5,2,439,1,13.7
Aerosmith,1973-10-20,1973,2001-06-09,27.6,28,8,1,429,1,15.3
Janet Jackson,1982-12-18,1982,2004-06-05,21.5,24,19,7,429,1,17.9
Paul Anka,1958-08-04,1958,1983-10-01,25.2,46,10,2,427,1,9.3
T.I.,2003-08-02,2003,2026-06-20,22.9,35,6,2,427,1,12.2
Heart,1976-04-17,1976,1994-04-23,18.0,29,9,2,426,1,14.7
Nickelback,2001-09-08,2001,2012-01-28,10.4,19,6,1,425,1,22.4
Diana Ross,1970-04-25,1970,1986-06-21,16.2,33,11,5,424,1,12.8
Olivia Rodrigo,2020-01-18,2020,2026-08-22,6.6,42,10,4,422,1,10.0
Donna Summer,1975-12-06,1975,1999-09-18,23.8,31,13,3,418,1,13.5
Gladys Knight And The Pips,1961-05-15,1961,1988-04-09,26.9,38,7,1,415,1,10.9
Bon Jovi,1984-02-25,1984,2013-11-30,29.8,25,10,4,410,1,16.4
Olivia Newton-John,1971-05-29,1971,1998-08-15,27.2,31,12,4,408,1,13.2
Phil Collins,1981-03-21,1981,2003-06-14,22.2,24,12,6,406,1,16.9
Doja Cat,2019-12-07,2019,2025-12-06,6.0,18,7,2,404,1,22.4
Cher,1965-07-03,1965,2024-01-06,58.5,33,11,4,402,1,12.2
Flo Rida,2007-11-10,2007,2016-08-20,8.8,21,11,3,402,1,19.1
Lil Baby,2017-12-30,2017,2026-08-22,8.6,66,4,0,395,3,6.0
Marvin Gaye,1962-10-20,1962,1983-03-19,20.4,37,14,3,393,1,10.6
Florida Georgia Line,2012-09-01,2012,2021-05-08,8.7,19,1,0,392,4,20.6
The 4 Seasons,1962-08-25,1962,1995-02-11,32.5,41,15,5,390,1,9.5
The Black Eyed Peas,2001-03-31,2001,2011-10-01,10.5,16,10,3,390,1,24.4
Barry Manilow,1974-11-16,1974,1988-03-26,13.4,28,11,3,389,1,13.9
Miley Cyrus,2007-07-14,2007,2026-07-18,19.0,32,10,2,388,1,12.1
Andy Williams,1958-09-01,1958,2026-01-03,67.3,40,5,0,387,2,9.7
The Pointer Sisters,1973-08-18,1973,1987-10-03,14.1,26,7,0,387,2,14.9
Kenny Rogers,1976-03-13,1976,2006-07-15,30.3,28,8,2,386,1,13.8
U2,1983-04-02,1983,2014-03-22,31.0,30,6,2,383,1,12.8
"Earth, Wind & Fire",1971-07-03,1971,1993-10-30,22.3,31,7,1,382,1,12.3
Trey Songz,2005-08-13,2005,2017-07-08,11.9,23,2,0,382,6,16.6
James Brown,1960-11-14,1960,1986-10-25,25.9,47,2,0,381,4,8.1
Alan Jackson,1993-07-10,1993,2009-07-18,16.0,24,0,0,380,28,15.8
The Isley Brothers,1959-09-21,1959,2003-08-16,43.9,40,3,0,377,2,9.4
Nelly,2000-04-29,2000,2016-02-27,15.8,27,9,3,377,1,14.0
Prince,1978-11-04,1978,2016-05-14,37.5,28,10,2,375,1,13.4
Lady Antebellum,2008-03-15,2008,2020-01-25,11.9,19,2,0,374,2,19.7
Zach Bryan,2022-05-07,2022,2026-05-02,4.0,66,3,1,374,1,5.7
Alicia Keys,2001-06-16,2001,2020-05-09,18.9,19,6,2,372,1,19.6
Brook Benton,1959-01-26,1959,1971-01-30,12.0,46,6,0,370,2,8.0
Bobby Vinton,1962-06-09,1962,1980-01-26,17.6,43,9,4,369,1,8.6
Jennifer Lopez,1999-05-15,1999,2018-06-09,19.1,26,9,4,369,1,14.2
Four Tops,1964-08-15,1964,1988-10-29,24.2,43,7,2,367,1,8.5
Linkin Park,2001-02-10,2001,2024-11-30,23.8,23,3,0,364,2,15.8
Eric Church,2006-07-22,2006,2025-07-19,19.0,26,0,0,364,19,14
Santana,1969-10-25,1969,2008-03-08,38.4,23,6,2,363,1,15.8
Barbra Streisand,1964-04-04,1964,1986-03-15,21.9,35,7,3,362,1,10.3
Brooks & Dunn,1992-07-25,1992,2024-11-30,32.4,27,0,0,361,25,13.4
Adele,2008-11-08,2008,2022-05-21,13.5,25,8,5,361,1,14.4
Travis Scott,2015-09-26,2015,2025-08-02,9.9,47,7,4,360,1,7.7
Bryan Adams,1982-03-13,1982,1997-02-01,14.9,21,9,3,359,1,17.1
Fleetwood Mac,1970-01-31,1970,2026-01-17,56.0,25,9,1,356,1,14.2
Ludacris,2000-09-30,2000,2015-04-25,14.6,22,7,2,356,1,16.2
Commodores,1974-06-15,1974,1987-01-17,12.6,25,10,2,354,1,14.2
Jason Derulo,2009-08-29,2009,2021-03-20,11.6,20,6,1,354,1,17.7
J. Cole,2010-06-12,2010,2026-03-14,15.8,74,9,0,354,4,4.8
Dua Lipa,2016-11-05,2016,2024-08-24,7.8,14,5,0,354,2,25.3
Jackie Wilson,1958-08-04,1958,1972-03-11,13.6,48,6,0,353,4,7.4
Ray Charles,1959-02-09,1959,1975-09-27,16.6,49,7,2,353,1,7.2
Journey,1978-04-08,1978,2026-07-18,48.3,25,6,0,353,2,14.1
Faith Hill,1995-12-23,1995,2011-11-26,15.9,18,4,0,351,2,19.5
Zac Brown Band,2008-10-04,2008,2026-07-18,17.8,22,0,0,351,18,16.0
Miranda Lambert,2005-12-17,2005,2022-06-25,16.5,22,0,0,344,19,15.6
Genesis,1977-03-12,1977,1993-03-20,16.0,22,7,1,341,1,15.5
Lionel Richie,1982-10-09,1982,2006-12-16,24.2,19,12,4,340,1,17.9
LL Cool J,1987-07-11,1987,2008-10-18,21.3,24,6,0,338,3,14.1
Foreigner,1977-03-26,1977,1995-07-01,18.3,22,9,1,337,1,15.3
Bobby Darin,1958-08-04,1958,1973-02-24,14.6,40,10,1,334,1,8.3
Boyz II Men,1991-06-15,1991,2001-01-20,9.6,17,9,4,331,1,19.5
Bruce Springsteen,1975-09-20,1975,2026-07-18,50.8,27,12,0,330,2,12.2
Carpenters,1970-02-14,1970,1982-05-15,12.2,27,12,3,327,1,12.1
Sam Cooke,1958-08-04,1958,1966-04-30,7.7,34,4,0,326,2,9.6
Electric Light Orchestra,1973-04-28,1973,1986-05-10,13.0,24,6,0,326,4,13.6
Celine Dion,1990-12-08,1990,2008-01-26,17.1,17,8,3,326,1,19.2
Kane Brown,2015-11-14,2015,2026-08-22,10.8,23,0,0,324,13,14.1
John Mellencamp,1983-12-10,1983,2006-11-11,22.9,20,7,0,322,2,16.1
Queen,1975-02-08,1975,2018-12-01,43.8,22,4,2,321,1,14.6
Lil Uzi Vert,2016-07-02,2016,2026-08-15,10.1,74,6,0,321,5,4.3
Harry Styles,2017-04-29,2017,2026-08-08,9.3,34,9,3,321,1,9.4
Kenny Loggins,1972-04-15,1972,1992-01-18,19.8,23,5,1,320,1,13.9
Huey Lewis & The News,1982-02-06,1982,1995-01-07,12.9,21,12,3,320,1,15.2
Coldplay,2001-03-10,2001,2025-12-06,24.7,24,3,1,320,1,13.3
Fats Domino,1958-08-04,1958,1968-09-14,10.1,45,4,0,318,6,7.1
John Denver,1971-04-10,1971,2026-07-18,55.3,31,7,4,316,1,10.2
TLC,1992-02-22,1992,2003-04-19,11.2,15,9,4,316,1,21.1
Train,1999-10-09,1999,2017-04-29,17.6,14,3,0,316,3,22.6
Destiny's Child,1997-11-29,1997,2005-10-08,7.9,13,10,4,313,1,24.1
Montgomery Gentry,1999-03-27,1999,2012-04-28,13.1,18,0,0,313,30,17.4
Toni Braxton,1992-11-14,1992,2003-02-08,10.2,12,6,2,310,1,25.8
The Everly Brothers,1958-08-04,1958,1984-11-17,26.3,31,12,1,309,1,10.0
Neil Sedaka,1958-12-08,1958,1977-07-09,18.6,28,8,3,309,1,11.0
Glen Campbell,1961-10-30,1961,2014-11-01,53.0,32,5,2,308,1,9.6
Chubby Checker,1959-05-18,1959,1982-03-20,22.8,30,6,2,307,1,10.2
OneRepublic,2007-12-29,2007,2023-02-11,15.1,13,3,0,307,2,23.6
Styx,1972-09-16,1972,1991-07-20,18.8,23,8,1,306,1,13.3
Michael Bolton,1983-05-14,1983,1997-10-18,14.4,18,7,2,306,1,17
Rod Wave,2019-11-23,2019,2026-08-15,6.7,84,0,0,305,11,3.6
Linda Ronstadt,1970-08-15,1970,1983-06-25,12.9,27,8,1,304,1,11.3
Richard Marx,1987-06-13,1987,1997-08-30,10.2,16,9,3,304,1,19
Eagles,1972-06-03,1972,2026-01-03,53.6,21,10,5,302,1,14.4
Christina Aguilera,1999-07-03,1999,2012-12-08,13.4,21,7,3,302,1,14.4
Luther Vandross,1981-10-10,1981,2003-11-08,22.1,22,3,0,301,4,13.7
JAY-Z,1996-09-14,1996,2017-08-12,20.9,32,5,0,301,5,9.4
Cardi B,2017-07-22,2017,2026-08-22,9.1,34,5,3,301,1,8.9
Duran Duran,1982-12-25,1982,2004-12-04,21.9,21,11,2,300,1,14.3
Backstreet Boys,1995-10-28,1995,2018-09-08,22.9,17,6,0,299,2,17.6
Rick Springfield,1972-08-05,1972,1988-05-14,15.8,21,5,1,298,1,14.2
Shania Twain,1995-05-27,1995,2011-07-02,16.1,18,3,0,298,2,16.6
Frank Sinatra,1958-10-27,1958,2026-01-03,67.2,43,2,1,296,1,6.9
Def Leppard,1983-03-12,1983,1996-03-02,13.0,19,4,1,295,1,15.5
The Impressions,1961-10-16,1961,1975-11-22,14.1,38,3,0,294,4,7.7
Monica,1995-04-29,1995,2010-11-20,15.6,14,7,2,293,1,20.9
Ne-Yo,2005-12-10,2005,2015-04-18,9.4,15,6,1,293,1,19.5
Fall Out Boy,2005-07-02,2005,2026-01-03,20.5,21,4,0,291,2,13.9
The 5th Dimension,1967-01-14,1967,1976-04-24,9.3,29,7,2,290,1,10
Enrique Iglesias,1999-07-10,1999,2018-01-27,18.6,21,5,2,290,1,13.8
50 Cent,2002-11-30,2002,2012-12-29,10.1,24,8,3,290,1,12.1
Van Halen,1978-01-28,1978,2012-01-28,34.0,23,3,1,289,1,12.6
Aaliyah,1994-04-30,1994,2003-10-25,9.5,14,5,1,287,1,20.5
Wilson Pickett,1963-05-04,1963,1973-10-27,10.5,38,2,0,286,6,7.5
Roy Orbison,1960-01-18,1960,1989-05-20,29.3,28,9,1,285,1,10.2
Billy Currington,2003-08-23,2003,2017-11-04,14.2,16,0,0,285,27,17.8
The Supremes,1962-08-11,1962,1977-01-01,14.4,30,14,10,284,1,9.5
LeAnn Rimes,1996-06-22,1996,2008-01-05,11.5,11,1,0,284,2,25.8
Anne Murray,1970-07-18,1970,1986-04-05,15.7,27,4,1,283,1,10.5
Dixie Chicks,1998-01-31,1998,2007-03-24,9.1,17,3,0,283,4,16.6
The Spinners,1961-06-26,1961,1983-01-29,21.6,28,6,0,282,2,10.1
Eddie Money,1978-02-25,1978,1992-07-25,14.4,22,2,0,282,4,12.8
Martina McBride,1997-10-04,1997,2012-03-03,14.4,21,0,0,282,24,13.4
DaBaby,2019-04-13,2019,2026-08-08,7.3,33,2,1,281,1,8.5
The Doobie Brothers,1972-09-02,1972,1989-10-07,17.1,27,5,2,280,1,10.4
Chris Young,2009-08-29,2009,2024-09-14,15.0,18,0,0,280,33,15.6
One Direction,2012-03-03,2012,2016-03-19,4.0,29,6,0,279,2,9.6
Demi Lovato,2008-08-30,2008,2022-09-03,14.0,26,3,0,278,6,10.7
Sheena Easton,1981-02-14,1981,1991-07-06,10.4,18,6,1,276,1,15.3
Gloria Estefan,1989-07-08,1989,2000-06-10,10.9,19,3,2,276,1,14.5
Lonestar,1997-11-22,1997,2006-12-23,9.1,17,1,1,276,1,16.2
The Drifters,1958-08-11,1958,1967-01-14,8.4,32,5,1,275,1,8.6
David Bowie,1972-04-15,1972,2016-01-30,43.8,25,5,2,272,1,10.9
Brandy,1994-10-01,1994,2012-12-01,18.2,15,6,1,271,1,18.1
Shakira,2001-10-27,2001,2026-05-02,24.5,20,3,1,271,1,13.6
Red Hot Chili Peppers,1991-12-21,1991,2022-02-19,30.2,15,3,0,270,2,18
Avril Lavigne,2002-06-01,2002,2018-10-13,16.4,20,5,1,270,1,13.5
Three Dog Night,1969-02-08,1969,1975-08-30,6.6,21,11,3,268,1,12.8
REO Speedwagon,1977-05-28,1977,1990-11-17,13.5,18,4,2,268,1,14.9
3 Doors Down,2000-04-08,2000,2011-02-19,10.9,10,3,0,268,3,26.8
Ciara,2004-06-26,2004,2018-09-08,14.2,17,5,1,268,1,15.8
David Guetta,2009-07-04,2009,2017-09-09,8.2,16,5,0,267,4,16.7
Selena Gomez,2009-01-10,2009,2024-03-09,15.2,22,6,1,264,1,12
James Brown And The Famous Flames,1958-12-15,1958,1968-08-31,9.7,37,5,0,263,3,7.1
Helen Reddy,1971-02-20,1971,1981-06-06,10.3,20,6,3,263,1,13.2
Johnny Rivers,1964-05-30,1964,1978-02-25,13.7,28,9,1,262,1,9.4
Jake Owen,2006-07-15,2006,2022-08-13,16.1,18,0,0,262,21,14.6
Tate McRae,2020-09-05,2020,2026-04-04,5.6,23,2,0,262,3,11.4
Tom Jones,1965-04-10,1965,1977-04-23,12.0,27,5,0,261,2,9.7
ABBA,1974-06-01,1974,1982-06-05,8.0,20,4,1,261,1,13.1
Glee Cast,2009-06-06,2009,2013-10-26,4.4,206,3,0,259,4,1.3
Calvin Harris,2012-02-25,2012,2017-12-30,5.8,15,3,0,259,3,17.3
Pat Benatar,1979-12-22,1979,1988-10-22,8.8,17,4,0,257,5,15.1
OutKast,1994-02-26,1994,2006-09-16,12.6,15,4,3,257,1,17.1
Jonas Brothers,2007-02-17,2007,2026-01-03,18.9,23,3,1,256,1,11.1
Dan + Shay,2014-01-18,2014,2026-04-18,12.2,16,0,0,256,21,16
KISS,1974-05-25,1974,1990-07-14,16.1,24,2,0,254,7,10.6
Natalie Cole,1975-08-30,1975,1997-11-08,22.2,18,5,0,254,5,14.1
Snoop Dogg,1993-12-04,1993,2011-04-23,17.4,19,4,1,254,1,13.4
Smokey Robinson,1973-07-07,1973,1991-11-23,18.4,21,4,0,253,2,12.0
Jerry Butler,1960-10-31,1960,1977-05-21,16.6,33,2,0,252,4,7.6
The O'Jays,1963-09-14,1963,1997-12-20,34.3,29,6,1,252,1,8.7
Sheryl Crow,1994-04-23,1994,2013-09-28,19.4,15,3,0,252,2,16.8
Sam Hunt,2014-07-12,2014,2025-07-19,11.0,14,1,0,252,6,18
Al Martino,1959-05-18,1959,1978-02-04,18.7,33,2,0,251,3,7.6
Bobby Rydell,1959-06-29,1959,1965-02-13,5.6,28,6,0,251,2,9.0
Pat Boone,1958-08-04,1958,1969-04-26,10.7,33,2,1,250,1,7.6
Little River Band,1976-09-18,1976,1985-03-16,8.5,16,6,0,248,3,15.5
Akon,2004-06-12,2004,2011-05-14,6.9,13,7,2,248,1,19.1
YoungBoy Never Broke Again,2017-09-02,2017,2026-02-14,8.5,92,0,0,248,28,2.7
Eric Clapton,1970-10-17,1970,1997-05-10,26.6,17,4,1,247,1,14.5
R.E.M.,1983-07-23,1983,2008-04-19,24.7,22,4,0,247,4,11.2
The Cars,1978-06-17,1978,1988-02-20,9.7,18,4,0,245,3,13.6
The Chainsmokers,2014-03-15,2014,2022-04-09,8.1,15,4,1,245,1,16.3
Dean Martin,1958-08-04,1958,2026-01-03,67.4,29,6,1,244,1,8.4
Nat King Cole,1958-08-04,1958,2026-01-03,67.4,30,3,0,242,2,8.1
John Mayer,2002-06-01,2002,2019-03-09,16.8,19,0,0,241,12,12.7
Carly Simon,1971-04-17,1971,1989-05-06,18.1,21,4,1,239,1,11.4
The Miracles,1959-10-05,1959,1976-05-01,16.6,26,3,1,238,1,9.2
Big Sean,2011-03-19,2011,2020-10-03,9.5,27,2,0,238,6,8.8
Shawn Mendes,2014-07-12,2014,2024-08-24,10.1,13,4,0,238,2,18.3
Juice WRLD,2018-05-26,2018,2025-01-11,6.6,47,3,0,238,2,5.1
Tina Turner,1984-01-21,1984,1996-11-30,12.9,16,6,1,235,1,14.7
En Vogue,1990-05-05,1990,2000-07-08,10.2,13,5,0,235,2,18.1
matchbox twenty,2000-04-29,2000,2012-11-03,12.5,8,3,1,235,1,29.4
Noah Kahan,2023-06-24,2023,2026-08-22,3.2,29,3,0,235,6,8.1
Johnny Tillotson,1958-10-06,1958,1965-12-25,7.2,25,4,0,234,2,9.4
Survivor,1980-02-23,1980,1989-02-25,9.0,18,5,1,234,1,13
Keith Sweat,1988-01-16,1988,1999-05-15,11.3,13,4,0,234,2,18
Jordan Davis,2018-02-17,2018,2026-07-18,8.4,11,0,0,234,22,21.3
Joe Simon,1966-06-18,1966,1975-09-13,9.2,31,1,0,232,8,7.5
George Michael,1986-04-26,1986,2017-01-14,30.7,15,12,5,232,1,15.5
Johnny Mathis,1958-08-04,1958,1984-08-11,26.0,31,2,0,231,6,7.5
The Who,1965-03-27,1965,1983-01-29,17.8,26,1,0,231,9,8.9
Sting,1985-06-08,1985,2000-11-04,15.4,16,4,0,231,3,14.4
Babyface,1989-08-12,1989,2001-12-29,12.4,12,5,0,230,4,19.2
Jackson 5,1969-11-15,1969,2026-01-03,56.1,19,8,4,229,1,12.1
Goo Goo Dolls,1995-10-14,1995,2008-08-30,12.9,12,3,0,229,5,19.1
Steve Winwood,1981-02-07,1981,1991-02-09,10.0,14,6,2,228,1,16.3
T-Pain,2005-08-27,2005,2014-04-19,8.6,15,6,1,228,1,15.2
Lee Brice,2010-05-22,2010,2022-10-29,12.4,13,0,0,228,17,17.5
Fabolous,2001-07-21,2001,2013-06-29,11.9,13,4,0,227,4,17.5
Darius Rucker,2008-07-26,2008,2021-04-03,12.7,13,0,0,227,15,17.5
Alice Cooper,1971-02-20,1971,1991-08-24,20.5,21,3,0,226,7,10.8
Air Supply,1980-02-09,1980,1986-09-27,6.6,13,8,1,226,1,17.4
Ja Rule,1999-04-03,1999,2005-02-26,5.9,12,5,1,226,1,18.8
Gwen Stefani,2004-10-16,2004,2026-01-03,21.2,14,4,1,226,1,16.1
INXS,1983-03-26,1983,2006-01-14,22.8,17,7,1,225,1,13.2
New Edition,1983-05-07,1983,2004-11-20,21.5,16,4,0,225,3,14.1
Sugarland,2004-12-11,2004,2018-06-23,13.5,15,0,0,225,17,15
Meek Mill,2012-02-25,2012,2026-08-15,14.5,54,1,0,224,6,4.1
Daughtry,2006-12-09,2006,2014-03-22,7.3,11,2,0,223,4,20.3
Cole Swindell,2013-11-02,2013,2025-05-03,11.5,12,0,0,223,16,18.6
Gene Pitney,1961-01-30,1961,1970-01-24,9.0,23,4,0,222,2,9.7
Migos,2013-09-21,2013,2021-08-28,7.9,29,3,1,222,1,7.7
112,1996-06-01,1996,2005-07-16,9.1,11,2,0,221,4,20.1
Bob Seger,1971-11-20,1971,1987-09-19,15.8,19,5,1,219,1,11.5
Meghan Trainor,2014-07-26,2014,2024-12-28,10.4,12,4,1,219,1,18.2
B.J. Thomas,1966-05-14,1966,1983-05-28,17.0,24,4,2,218,1,9.1
Don Henley,1982-08-21,1982,2000-11-04,18.2,13,4,0,218,3,16.8
2Pac,1993-07-03,1993,2005-02-05,11.6,14,2,1,218,1,15.6
Megan Thee Stallion,2019-04-20,2019,2025-11-15,6.6,28,2,2,218,1,7.8
The Kinks,1964-09-26,1964,1985-02-23,20.4,22,5,0,217,6,9.9
Salt-N-Pepa,1987-11-21,1987,1998-06-27,10.6,10,2,0,217,3,21.7
Bobby Goldsboro,1962-12-22,1962,1973-11-24,10.9,26,2,1,216,1,8.3
Billy Ocean,1976-04-03,1976,1989-12-02,13.7,12,7,3,216,1,18
Lenny Kravitz,1990-01-27,1990,2008-03-01,18.1,16,2,0,216,2,13.5
Chappell Roan,2024-04-20,2024,2025-11-08,1.6,9,4,0,216,3,24
The Marvelettes,1961-09-04,1961,1969-11-08,8.2,23,3,1,215,1,9.3
The Hollies,1964-05-16,1964,1983-08-20,19.3,22,6,0,215,2,9.8
The Moody Blues,1965-02-20,1965,1988-09-17,23.6,21,3,0,215,2,10.2
Dr. Hook,1975-08-23,1975,1982-08-14,7.0,15,4,0,215,5,14.3
Lifehouse,2001-02-10,2001,2013-02-02,12.0,9,2,0,215,2,23.9
Bobby Vee,1960-04-04,1960,1970-12-05,10.7,32,5,1,214,1,6.7
Ginuwine,1996-09-07,1996,2009-10-03,13.1,11,3,0,213,4,19.4
Sean Paul,2002-05-04,2002,2012-04-14,9.9,10,5,2,213,1,21.3
Bette Midler,1972-12-23,1972,1992-01-25,19.1,17,4,1,212,1,12.5
Paula Abdul,1988-06-18,1988,2009-05-30,20.9,13,7,5,212,1,16.3
Al Green,1970-11-21,1970,1978-02-04,7.2,18,7,1,211,1,11.7
Trace Adkins,1996-11-23,1996,2011-10-29,14.9,18,0,0,211,12,11.7
Toto,1978-10-07,1978,1988-06-25,9.7,14,4,1,210,1,15
Justin Moore,2009-06-20,2009,2026-04-18,16.8,15,0,0,209,41,13.9
Don Toliver,2019-12-14,2019,2026-08-15,6.7,34,0,0,209,14,6.1
Expose,1987-01-24,1987,1994-05-14,7.3,12,8,1,208,1,17.3
Ke$ha,2009-10-24,2009,2013-09-07,3.9,13,7,2,208,1,16
The Grass Roots,1966-06-18,1966,1975-10-11,9.3,21,3,0,207,5,9.9
Jodeci,1991-10-26,1991,1996-09-14,4.9,11,1,0,207,4,18.8
Wiz Khalifa,2010-10-02,2010,2018-10-06,8.0,17,3,2,207,1,12.2
Gunna,2019-02-16,2019,2026-02-14,7.0,60,1,0,207,4,3.5
The Dave Clark Five,1964-02-15,1964,1968-02-03,4.0,24,8,1,206,1,8.6
Joe Tex,1964-12-19,1964,1977-07-30,12.6,27,3,0,206,2,7.6
The Guess Who,1965-05-08,1965,1975-02-01,9.7,19,6,1,206,1,10.8
Bobby Brown,1986-12-20,1986,1993-06-19,6.5,11,8,1,206,1,18.7
Frankie Avalon,1958-08-04,1958,1976-04-03,17.7,22,6,2,205,1,9.3
Faith Evans,1995-07-01,1995,2005-06-25,10.0,11,2,0,205,7,18.6
Busta Rhymes,1996-03-09,1996,2014-07-19,18.4,14,4,0,205,3,14.6
Halsey,2015-09-19,2015,2024-08-10,8.9,14,2,1,205,1,14.6
Chris Stapleton,2015-11-21,2015,2025-02-15,9.2,12,0,0,205,12,17.1
The Stylistics,1971-01-09,1971,1976-04-24,5.3,17,5,0,204,2,12
Joe,1993-08-28,1993,2007-05-19,13.7,11,2,1,204,1,18.5
Pop Smoke,2020-02-29,2020,2021-10-30,1.7,30,2,0,204,6,6.8
Paul Davis,1970-04-18,1970,1982-09-18,12.4,15,2,0,203,6,13.5
Cheap Trick,1978-07-22,1978,1990-12-29,12.4,16,3,1,203,1,12.7
B.o.B,2010-02-13,2010,2015-03-21,5.1,14,4,1,203,1,14.5
Dustin Lynch,2012-06-02,2012,2024-10-19,12.4,12,0,0,202,30,16.8
Old Dominion,2015-07-25,2015,2023-08-26,8.1,10,0,0,202,20,20.2
Wings,1972-03-11,1972,1979-10-27,7.6,17,8,3,201,1,11.8
Eddie Rabbitt,1976-07-24,1976,1983-10-08,7.2,14,4,1,201,1,14.4
SWV,1993-01-02,1993,1998-06-27,5.5,11,4,1,201,1,18.3
Metallica,1989-02-18,1989,2022-07-30,33.4,17,1,0,200,10,11.8
Color Me Badd,1991-04-06,1991,1998-10-17,7.5,10,3,2,200,1,20
The Fray,2006-02-25,2006,2014-03-15,8.0,10,3,0,200,3,20
Sam Smith,2014-04-19,2014,2023-02-18,8.8,14,4,0,200,2,14.3
Ricky Nelson,1958-08-04,1958,1963-05-18,4.8,19,9,2,199,1,10.5
Johnny Cash,1958-10-06,1958,1971-04-24,12.5,31,1,0,199,2,6.4
Jr. Walker & The All Stars,1965-02-13,1965,1972-06-17,7.3,21,2,0,199,4,9.5
Taylor Dayne,1987-10-10,1987,1994-01-01,6.2,10,7,1,199,1,19.9
The Shirelles,1959-07-13,1959,1967-08-26,8.1,24,6,2,198,1,8.2
B.B. King,1964-05-09,1964,1975-01-11,10.7,30,0,0,198,15,6.6
Cyndi Lauper,1983-12-17,1983,1995-10-07,11.8,14,8,2,198,1,14.1
Depeche Mode,1985-05-25,1985,2005-11-12,20.5,17,1,0,197,8,11.6
Lil Nas X,2019-03-16,2019,2024-01-27,4.9,15,4,2,197,1,13.1
Tom Petty And The Heartbreakers,1977-11-05,1977,1996-10-19,19.0,17,1,0,196,10,11.5
Jelly Roll,2022-07-16,2022,2026-08-08,4.1,8,0,0,196,13,24.5
The Righteous Brothers,1963-05-11,1963,1991-03-23,27.9,21,6,2,195,1,9.3
Billy Idol,1982-07-03,1982,1990-11-03,8.3,12,4,1,195,1,16.2
Gary Allan,2000-01-22,2000,2013-03-02,13.1,13,0,0,194,25,14.9
Bobby Bland,1960-01-25,1960,1975-01-04,14.9,34,0,0,193,20,5.7
America,1972-02-19,1972,1983-09-03,11.5,17,7,2,193,1,11.4
New Kids On The Block,1988-06-25,1988,2008-08-23,20.2,11,9,3,193,1,17.5
Jermaine Jackson,1972-09-16,1972,1991-12-07,19.2,16,2,0,192,9,12
Poison,1987-03-14,1987,1993-04-03,6.1,12,6,1,192,1,16
'N Sync,1998-03-07,1998,2002-06-22,4.3,10,5,1,192,1,19.2
Khalid,2017-01-28,2017,2020-01-25,3.0,12,2,0,192,3,16
Robert Palmer,1976-12-04,1976,1991-06-08,14.5,15,3,1,191,1,12.7
Vanessa Williams,1988-07-23,1988,1996-10-12,8.2,12,3,1,191,1,15.9
Roxette,1989-02-11,1989,1994-08-20,5.5,12,6,4,191,1,15.9
Creed,1999-02-27,1999,2010-03-13,11.0,7,4,1,191,1,27.3
Petula Clark,1964-12-19,1964,1982-03-13,17.2,22,6,2,190,1,8.6
Laura Branigan,1982-03-20,1982,1990-05-26,8.2,13,3,0,190,2,14.6
Ace Of Base,1993-09-18,1993,1998-11-28,5.2,8,4,1,190,1,23.8
Benson Boone,2021-11-13,2021,2026-07-18,4.7,10,1,0,189,2,18.9
Ella Langley,2024-07-06,2024,2026-08-22,2.1,17,2,1,189,1,11.1
Tommy James And The Shondells,1966-06-04,1966,1970-07-04,4.1,19,7,2,188,1,9.9
KC And The Sunshine Band,1975-07-12,1975,1980-02-16,4.6,14,6,5,188,1,13.4
Rick Nelson,1961-10-02,1961,1970-04-11,8.5,23,4,0,187,5,8.1
Herman's Hermits,1964-10-17,1964,1968-06-15,3.7,19,11,2,187,1,9.8
Jon Secada,1992-04-18,1992,1997-07-12,5.2,8,2,0,187,5,23.4
Jan & Dean,1959-08-03,1959,1966-09-24,7.1,24,5,1,186,1,7.8
Ray Stevens,1961-08-21,1961,1979-05-12,17.7,26,4,2,186,1,7.2
Tommy Roe,1962-07-28,1962,1973-05-26,10.8,22,6,2,186,1,8.5
Jefferson Starship,1974-11-16,1974,1984-10-13,9.9,17,2,0,186,3,10.9
Jody Watley,1987-03-07,1987,1998-05-16,11.2,13,6,0,186,2,14.3
Sia,2014-05-24,2014,2026-01-03,11.6,8,2,1,186,1,23.2
Fetty Wap,2015-02-07,2015,2026-01-31,11.0,8,3,0,186,2,23.2
XXXTENTACION,2017-02-25,2017,2022-02-12,5.0,28,1,1,186,1,6.6
The Platters,1958-08-04,1958,1967-12-02,9.3,22,2,1,185,1,8.4
Jackson Browne,1972-03-18,1972,1986-07-19,14.3,15,2,0,185,7,12.3
Sara Evans,1998-12-12,1998,2014-05-03,15.4,11,0,0,185,33,16.8
Colbie Caillat,2007-06-02,2007,2015-01-17,7.6,11,1,0,185,5,16.8
Bob Dylan,1965-04-03,1965,1984-02-11,18.9,22,4,0,184,2,8.4
Sarah McLachlan,1994-05-07,1994,2007-01-06,12.7,9,2,0,184,3,20.4
Joe Nichols,2002-06-01,2002,2014-09-20,12.3,13,0,0,184,27,14.2
The Pussycat Dolls,2005-05-07,2005,2009-09-05,4.3,10,4,0,184,2,18.4
Amy Grant,1985-05-18,1985,1995-09-23,10.3,11,4,1,183,1,16.6
Timbaland,1998-12-05,1998,2010-07-31,11.7,10,3,1,183,1,18.3
Ellie Goulding,2011-08-20,2011,2016-04-16,4.7,8,2,0,183,2,22.9
Lil Durk,2020-05-23,2020,2025-04-12,4.9,53,1,0,183,2,3.5
James Taylor,1970-09-12,1970,1988-04-30,17.6,17,4,1,182,1,10.7
Donny Osmond,1971-08-07,1971,1991-04-06,19.7,15,5,1,182,1,12.1
Bad Company,1974-08-17,1974,1993-02-06,18.5,17,2,0,182,5,10.7
Guns N' Roses,1988-06-25,1988,2008-12-13,20.5,13,6,1,182,1,14
Chuck Berry,1958-08-04,1958,2026-01-03,67.4,21,3,1,181,1,8.6
War,1971-08-07,1971,1982-07-24,11.0,14,6,0,181,2,12.9
Paul Simon,1972-02-05,1972,1991-01-12,18.9,15,5,1,181,1,12.1
ZZ Top,1972-05-20,1972,1991-03-09,18.8,17,2,0,181,8,10.6
Anita Baker,1986-08-16,1986,2005-01-01,18.4,11,2,0,181,3,16.5
Dru Hill,1996-08-31,1996,2003-07-26,6.9,10,3,0,181,3,18.1
Savage Garden,1997-03-01,1997,2000-08-19,3.5,6,3,2,181,1,30.2
Dion,1960-10-17,1960,1989-09-02,28.9,21,7,1,180,1,8.6
Smokey Robinson & The Miracles,1967-02-18,1967,1973-02-03,6.0,19,3,1,180,1,9.5
Dan Fogelberg,1975-02-01,1975,1987-07-04,12.4,13,4,0,180,2,13.8
Jon Pardi,2013-11-30,2013,2023-09-16,9.8,10,0,0,180,27,18
Charlie Puth,2015-07-04,2015,2022-10-29,7.3,9,2,0,180,5,20
Camila Cabello,2017-06-10,2017,2024-07-13,7.1,14,2,1,180,1,12.9
The Alan Parsons Project,1976-07-24,1976,1986-03-08,9.6,16,1,0,179,3,11.2
Stevie Nicks,1981-07-25,1981,1994-08-20,13.1,13,4,0,179,3,13.8
Keyshia Cole,2004-11-27,2004,2012-10-13,7.9,11,1,0,179,7,16.3
Otis Redding,1963-05-25,1963,1969-06-21,6.1,25,1,1,178,1,7.1
Loverboy,1981-01-31,1981,1990-01-20,9.0,13,2,0,178,9,13.7
"Missy ""Misdemeanor"" Elliott",1997-10-18,1997,2015-02-21,17.3,10,4,0,178,2,17.8
The Band Perry,2010-07-24,2010,2014-07-26,4.0,8,0,0,178,14,22.2
Teddy Swims,2023-08-26,2023,2026-08-22,3.0,4,1,1,178,1,44.5
Marty Robbins,1958-08-04,1958,1970-05-02,11.7,20,2,1,177,1,8.8
Engelbert Humperdinck,1967-04-08,1967,1983-08-13,16.3,22,2,0,177,4,8.0
Tavares,1973-09-22,1973,1983-02-05,9.4,13,1,0,177,10,13.6
Tevin Campbell,1990-12-08,1990,1999-02-06,8.2,12,3,0,177,6,14.8
Hootie & The Blowfish,1994-10-08,1994,1996-11-23,2.1,6,3,0,177,6,29.5
Perry Como,1958-08-04,1958,2026-01-03,67.4,23,1,0,176,10,7.7
Etta James,1960-05-02,1960,1970-10-31,10.5,24,0,0,176,23,7.3
Cliff Richard,1963-08-03,1963,1983-11-19,20.3,16,3,0,176,6,11
Simon & Garfunkel,1965-11-20,1965,1982-06-12,16.6,17,8,3,176,1,10.4
The Police,1979-02-24,1979,1986-12-20,7.8,12,6,1,176,1,14.7
Jo Dee Messina,1998-03-14,1998,2005-07-02,7.3,10,0,0,176,25,17.6
Kodak Black,2017-01-14,2017,2022-11-12,5.8,21,3,0,176,2,8.4
Steely Dan,1972-11-18,1972,1981-05-23,8.5,15,3,0,175,4,11.7
Barry White,1973-04-14,1973,1995-04-29,22.0,15,6,1,175,1,11.7
Captain & Tennille,1975-08-16,1975,1980-06-14,4.8,13,6,1,175,1,13.5
Eurythmics,1983-05-14,1983,1989-11-25,6.5,14,3,1,175,1,12.5
Wham!,1984-09-08,1984,2026-01-03,41.3,8,7,3,175,1,21.9
Montell Jordan,1995-02-25,1995,2000-05-27,5.3,8,3,1,175,1,21.9
Young Jeezy,2005-07-23,2005,2013-05-25,7.8,12,1,0,175,4,14.6
The J. Geils Band,1971-12-04,1971,1985-08-17,13.7,17,2,1,174,1,10.2
Stevie B,1988-04-23,1988,1995-07-15,7.2,11,1,1,174,1,15.8
George Benson,1976-06-12,1976,1985-03-09,8.7,13,4,0,173,4,13.3
Jagged Edge,1997-09-20,1997,2006-06-24,8.8,10,3,0,173,3,17.3
Mary Wells,1961-01-30,1961,1968-07-06,7.4,21,4,1,171,1,8.1
Roberta Flack,1972-01-22,1972,1992-02-01,20.0,13,5,3,171,1,13.2
Dr. Dre,1993-01-30,1993,2022-03-12,29.1,9,4,0,171,2,19
Fergie,2006-08-05,2006,2016-08-06,10.0,7,5,3,171,1,24.4
"Tyler, The Creator",2017-07-22,2017,2025-05-17,7.8,41,3,0,171,7,4.0
Cody Johnson,2019-02-02,2019,2026-08-08,7.5,9,0,0,171,18,19
The Dells,1962-12-22,1962,1974-11-09,11.9,23,2,0,170,10,7.4
Boz Scaggs,1971-04-17,1971,1988-07-30,17.3,14,1,0,170,3,12.1
The Steve Miller Band,1968-11-23,1968,1993-08-28,24.8,15,3,2,169,1,11.3
Jewel,1996-06-01,1996,2008-05-31,12.0,8,2,0,169,2,21.1
Jimmie Rodgers,1958-08-04,1958,1967-11-11,9.3,20,1,0,168,10,8.4
The Lettermen,1961-09-04,1961,1971-12-11,10.3,20,2,0,168,7,8.4
Debbie Gibson,1987-05-09,1987,1993-03-06,5.8,11,5,2,168,1,15.3
Ricky Martin,1996-07-20,1996,2011-02-19,14.6,13,2,1,168,1,12.9
Culture Club,1982-12-04,1982,1986-07-05,3.6,10,6,1,167,1,16.7
Howard Jones,1984-01-21,1984,1992-07-18,8.5,11,2,0,167,4,15.2
Rae Sremmurd,2014-08-16,2014,2017-09-09,3.1,9,1,1,167,1,18.6
The Monkees,1966-09-10,1966,1987-10-17,21.1,20,6,3,166,1,8.3
Janet,1997-12-20,1997,2015-08-15,17.7,9,5,3,166,1,18.4
LMFAO,2009-03-21,2009,2012-07-21,3.3,6,2,2,166,1,27.7
Jack Harlow,2020-02-22,2020,2026-03-28,6.1,15,3,2,166,1,11.1
Bailey Zimmerman,2022-04-30,2022,2026-08-22,4.3,8,1,0,166,10,20.8
Conway Twitty,1958-09-15,1958,1976-01-31,17.4,18,3,1,165,1,9.2
Jay & The Americans,1962-03-17,1962,1970-05-02,8.1,18,4,0,165,3,9.2
Jay-Z,1996-04-06,1996,2007-02-10,10.8,11,1,0,165,4,15
Little Big Town,2005-10-29,2005,2022-10-01,16.9,11,0,0,165,18,15
Ben E. King,1961-01-02,1961,1987-02-21,26.1,21,3,0,163,4,7.8
Solomon Burke,1961-09-18,1961,1975-03-29,13.5,26,0,0,163,22,6.3
Sly & The Family Stone,1968-02-10,1968,1974-11-09,6.7,16,5,3,163,1,10.2
Creedence Clearwater Revival,1968-09-07,1968,2026-07-18,57.9,16,9,0,163,2,10.2
Rodney Atkins,2003-10-04,2003,2011-11-19,8.1,8,0,0,163,23,20.4
Josh Turner,2003-12-13,2003,2017-07-01,13.5,11,0,0,163,35,14.8
Glenn Frey,1982-06-05,1982,1992-08-08,10.2,12,2,0,162,2,13.5
Foo Fighters,1999-10-16,1999,2011-10-15,12.0,10,0,0,162,18,16.2
BTS,2017-10-07,2017,2026-08-15,8.9,37,8,5,162,1,4.4
Brian Hyland,1960-07-04,1960,1971-04-03,10.7,22,3,1,161,1,7.3
Paul Revere & The Raiders,1961-03-27,1961,1969-10-18,8.6,17,4,0,161,4,9.5
Johnnie Taylor,1963-11-30,1963,1977-10-08,13.9,19,2,1,161,1,8.5
George Harrison,1970-11-28,1970,2002-02-02,31.2,15,5,3,161,1,10.7
Paul McCartney,1971-03-06,1971,2026-01-03,54.8,17,4,0,161,5,9.5
Ohio Players,1971-12-25,1971,1977-10-08,5.8,14,2,2,161,1,11.5
Melissa Etheridge,1989-04-08,1989,1999-11-27,10.6,8,1,0,161,8,20.1
Miguel,2010-10-02,2010,2023-08-05,12.8,7,0,0,161,11,23
Green Day,2004-08-21,2004,2012-09-29,8.1,8,2,0,160,2,20
Wale,2009-09-12,2009,2022-01-15,12.3,14,0,0,160,21,11.4
Macklemore & Ryan Lewis,2012-09-15,2012,2016-01-23,3.4,5,2,2,160,1,32
twenty one pilots,2015-04-04,2015,2024-03-16,9.0,12,3,0,160,2,13.3
Maren Morris,2016-02-13,2016,2022-07-23,6.4,8,0,0,160,12,20
Andy Gibb,1977-04-23,1977,1981-05-02,4.0,8,6,3,159,1,19.9
UB40,1984-01-28,1984,1994-02-19,10.1,7,4,2,159,1,22.7
M.C. Hammer,1990-04-28,1990,1994-08-06,4.3,10,5,0,159,2,15.9
John Legend,2004-10-02,2004,2020-01-25,15.3,10,1,1,159,1,15.9
Carole King,1962-08-25,1962,1982-05-29,19.8,15,4,1,158,1,10.5
Kim Carnes,1979-02-24,1979,1986-06-21,7.3,15,2,1,158,1,10.5
Rick Ross,2006-05-20,2006,2019-08-24,13.3,18,0,0,158,17,8.8
Lesley Gore,1963-05-11,1963,1967-11-11,4.5,19,4,1,157,1,8.3
Ronnie Milsap,1970-09-12,1970,1984-08-25,14.0,14,1,0,157,5,11.2
Dolly Parton,1974-01-26,1974,1984-05-05,10.3,15,2,1,157,1,10.5
Naughty By Nature,1991-09-07,1991,2002-08-10,10.9,10,3,0,157,6,15.7
Panic! At The Disco,2006-03-18,2006,2019-12-14,13.7,15,2,0,157,4,10.5
Scotty McCreery,2011-06-11,2011,2023-07-01,12.1,10,0,0,157,11,15.7
Charlie Rich,1960-03-14,1960,1976-02-28,16.0,13,1,1,156,1,12
The Chi-lites,1969-03-01,1969,1975-11-22,6.7,21,2,1,156,1,7.4
Juice Newton,1978-04-08,1978,1984-09-15,6.4,11,4,0,156,2,14.2
Rob Thomas,2005-02-19,2005,2010-09-11,5.6,8,1,0,156,6,19.5
Tony Bennett,1958-08-04,1958,1967-11-25,9.3,22,0,0,155,14,7.0
Lou Rawls,1965-06-05,1965,1983-04-30,17.9,18,1,0,155,2,8.6
Peaches & Herb,1966-12-31,1966,1980-05-24,13.4,16,3,1,155,1,9.7
The Cover Girls,1987-02-28,1987,1992-10-17,5.6,11,2,0,155,8,14.1
The Notorious B.I.G.,1994-08-27,1994,2006-03-25,11.6,8,4,2,155,1,19.4
Ashanti,2002-02-16,2002,2008-07-19,6.4,7,4,1,155,1,22.1
No Doubt,1995-12-16,1995,2012-09-22,16.8,8,3,0,154,3,19.2
Jason Mraz,2003-05-03,2003,2018-08-25,15.3,6,2,0,154,6,25.7
Patti Page,1958-08-04,1958,1968-07-13,9.9,24,1,0,153,8,6.4
Gene Chandler,1962-01-13,1962,1979-10-13,17.7,22,1,1,153,1,7.0
Brian McKnight,1993-06-12,1993,2002-05-18,8.9,9,1,0,153,2,17
K-Ci & JoJo,1996-11-16,1996,2001-05-26,4.5,7,2,1,153,1,21.9
Brett Young,2016-10-01,2016,2023-05-06,6.6,8,0,0,153,19,19.1
Lizzo,2019-05-18,2019,2023-04-29,3.9,8,4,2,153,1,19.1
Olivia Dean,2025-09-06,2025,2026-08-22,1.0,8,2,0,153,2,19.1
The Kingston Trio,1958-09-29,1958,1964-01-04,5.3,17,2,1,152,1,8.9
Christopher Cross,1980-02-16,1980,1985-11-23,5.8,10,4,2,152,1,15.2
Motley Crue,1984-02-04,1984,1992-02-29,8.1,12,2,0,152,6,12.7
Tony Toni Tone,1988-05-28,1988,1997-09-20,9.3,10,3,0,152,7,15.2
Kelsea Ballerini,2015-04-18,2015,2022-04-09,7.0,9,0,0,152,35,16.9
Booker T. & The MG's,1962-08-11,1962,1971-07-24,9.0,17,3,0,151,3,8.9
Kansas,1976-12-25,1976,1987-03-07,10.2,14,1,0,151,6,10.8
Prince And The Revolution,1984-08-04,1984,2026-02-07,41.5,10,6,2,151,1,15.1
Jeremih,2009-04-25,2009,2016-07-23,7.2,6,3,0,151,4,25.2
Martha & The Vandellas,1963-04-06,1963,1967-10-14,4.5,15,6,0,150,2,10
Bread,1970-06-13,1970,1977-05-28,7.0,13,6,1,150,1,11.5
Cat Stevens,1971-02-13,1971,1979-02-17,8.0,14,4,0,150,6,10.7
The Jacksons,1976-11-13,1976,1989-07-15,12.7,13,3,0,150,3,11.5
After 7,1989-10-21,1989,1995-12-02,6.1,8,2,0,150,6,18.8
Collective Soul,1994-05-07,1994,1999-07-17,5.2,7,0,0,150,11,21.4
The All-American Rejects,2003-06-21,2003,2009-10-10,6.3,6,3,0,150,4,25
Brantley Gilbert,2011-07-09,2011,2020-06-20,9.0,10,0,0,150,20,15
John Michael Montgomery,1993-05-08,1993,2004-07-31,11.2,10,0,0,149,24,14.9
Third Eye Blind,1997-07-05,1997,2000-11-18,3.4,5,3,0,149,4,29.8
Megan Moroney,2022-10-15,2022,2026-07-11,3.7,13,0,0,149,29,11.5
"Peter, Paul & Mary",1962-05-05,1962,1970-02-14,7.8,19,6,1,148,1,7.8
Joe Cocker,1968-11-16,1968,1990-06-23,21.6,15,2,0,148,5,9.9
Eric Carmen,1975-12-20,1975,1988-10-22,12.8,13,3,0,148,2,11.4
Blondie,1979-02-17,1979,1999-05-15,20.2,10,4,4,148,1,14.8
Starship,1985-09-07,1985,1991-05-18,5.7,11,4,3,148,1,13.5
Bow Wow,2003-07-05,2003,2011-11-12,8.4,10,3,0,148,3,14.8
Melissa Manchester,1975-05-10,1975,1985-05-25,10.0,14,3,0,147,5,10.5
The Jets,1986-04-12,1986,1989-11-25,3.6,10,5,0,147,3,14.7
Paramore,2007-07-21,2007,2017-05-13,9.8,11,1,0,147,10,13.4
Young Thug,2014-03-01,2014,2025-10-11,11.6,38,0,0,147,11,3.9
Sonny & Cher,1965-07-10,1965,1973-04-21,7.8,18,5,1,146,1,8.1
Pretenders,1980-02-16,1980,1995-03-04,15.0,10,2,0,146,5,14.6
Thompson Twins,1983-01-22,1983,1989-12-09,6.9,11,3,0,146,3,13.3
Kenny G,1987-04-04,1987,2000-01-22,12.8,10,2,0,146,4,14.6
Pearl Jam,1994-11-19,1994,2013-10-26,18.9,14,2,0,146,2,10.4
Trick Daddy,1999-03-13,1999,2005-07-16,6.3,8,1,0,146,7,18.2
Ying Yang Twins,2000-03-18,2000,2006-12-16,6.7,9,1,0,146,9,16.2
Dusty Springfield,1964-01-25,1964,1970-03-28,6.2,18,3,0,145,4,8.1
Herb Alpert & The Tijuana Brass,1965-09-11,1965,1974-06-22,8.8,20,1,0,145,7,7.2
Mac Davis,1970-05-16,1970,1981-08-15,11.2,15,2,1,145,1,9.7
Irene Cara,1980-06-14,1980,1984-08-25,4.2,8,3,1,145,1,18.1
The Bangles,1986-01-25,1986,1989-07-22,3.5,8,5,2,145,1,18.1
Seal,1991-06-22,1991,2004-07-10,13.1,8,3,1,145,1,18.1
Bone Thugs-N-Harmony,1994-09-17,1994,2007-08-11,12.9,8,3,1,145,1,18.1
Phil Vassar,2000-03-04,2000,2008-06-28,8.3,10,0,0,145,35,14.5
Xscape,1993-09-18,1993,1999-01-23,5.3,8,5,0,144,2,18
Fat Joe,1993-10-09,1993,2012-05-26,18.6,11,2,0,144,2,13.1
Staind,2001-04-14,2001,2008-09-13,7.4,7,1,0,144,5,20.6
Ronnie Dove,1964-07-18,1964,1969-06-07,4.9,20,0,0,143,14,7.2
Gary Lewis And The Playboys,1965-01-16,1965,1969-06-21,4.4,15,7,1,143,1,9.5
Craig Morgan,2003-05-31,2003,2014-05-31,11.0,12,0,0,143,45,11.9
Alex Warren,2024-10-05,2024,2026-08-08,1.8,7,1,1,143,1,20.4
Del Shannon,1961-03-06,1961,1982-02-27,21.0,17,3,1,142,1,8.4
Nas,1994-04-16,1994,2021-08-21,27.3,17,0,0,142,12,8.4
Juvenile,1999-02-06,1999,2026-03-21,27.1,9,1,1,142,1,15.8
Sean Kingston,2007-06-09,2007,2013-09-07,6.2,9,3,1,142,1,15.8
Fifth Harmony,2013-08-03,2013,2017-09-16,4.1,8,1,0,142,4,17.8
sombr,2025-04-12,2025,2026-08-22,1.4,6,1,0,142,7,23.7
Lobo,1971-04-03,1971,1980-02-09,8.9,15,3,0,141,2,9.4
Eddie Kendricks,1971-05-29,1971,1976-05-01,4.9,14,2,1,141,1,10.1
Jeffrey Osborne,1982-06-05,1982,1988-10-29,6.4,10,0,0,141,13,14.1
Da Brat,1994-06-04,1994,2003-08-09,9.2,8,1,0,141,6,17.6
The Doors,1967-06-03,1967,1984-01-14,16.6,15,3,2,140,1,9.3
Bob Seger & The Silver Bullet Band,1977-03-12,1977,1991-11-02,14.6,10,3,0,140,2,14
Corey Hart,1984-05-26,1984,1990-05-26,6.0,10,2,0,140,3,14
Sade,1985-03-02,1985,2010-04-10,25.1,9,2,0,140,5,15.6
Ray Charles and his Orchestra,1958-12-22,1958,1966-12-17,8.0,19,4,1,139,1,7.3
Herb Alpert,1968-05-18,1968,1987-10-17,19.4,13,3,2,139,1,10.7
Atlanta Rhythm Section,1974-10-05,1974,1981-12-05,7.2,14,2,0,139,7,9.9
Clay Walker,1993-10-09,1993,2010-08-14,16.8,10,0,0,139,39,13.9
Spice Girls,1997-01-25,1997,2007-11-24,10.8,8,4,1,139,1,17.4
The Game,2004-10-16,2004,2016-11-26,12.1,11,2,0,139,2,12.6
Jack Scott,1958-08-04,1958,1961-11-27,3.3,19,4,0,138,3,7.3
Jack Jones,1962-03-03,1962,1968-02-24,6.0,20,0,0,138,14,6.9
Frankie Valli,1966-01-15,1966,1979-02-17,13.1,13,4,2,138,1,10.6
DMX,1998-02-28,1998,2021-04-24,23.2,11,0,0,138,16,12.5
Eve,1999-09-18,1999,2007-09-15,8.0,7,2,0,138,2,19.7
The Manhattans,1965-01-16,1965,1985-03-30,20.2,16,2,1,137,1,8.6
Donovan,1965-05-15,1965,1973-06-16,8.1,16,4,1,137,1,8.6
The Turtles,1965-08-07,1965,1970-07-04,4.9,17,5,1,137,1,8.1
Quincy Jones,1970-05-16,1970,1996-06-15,26.1,12,0,0,137,14,11.4
Supertramp,1975-04-12,1975,1985-08-10,10.3,10,2,0,137,6,13.7
Night Ranger,1983-01-15,1983,1988-10-29,5.8,11,2,0,137,5,12.5
Coolio,1994-06-04,1994,1997-11-15,3.4,6,3,1,137,1,22.8
Total,1995-04-08,1995,1999-07-10,4.3,7,1,0,137,7,19.6
Natasha Bedingfield,2005-07-02,2005,2010-12-25,5.5,8,2,0,137,5,17.1
Gucci Mane,2007-10-06,2007,2023-09-09,15.9,15,0,0,137,11,9.1
Brett Eldredge,2013-06-08,2013,2019-07-06,6.1,8,0,0,137,30,17.1
Mario,2002-05-25,2002,2010-03-27,7.8,8,2,1,136,1,17
Bill Black's Combo,1959-11-30,1959,1968-07-27,8.7,18,1,0,135,9,7.5
Firefall,1976-06-05,1976,1983-04-09,6.8,11,1,0,135,9,12.3
Peter Gabriel,1977-04-30,1977,1993-03-27,15.9,8,2,1,135,1,16.9
Bonnie Raitt,1977-05-21,1977,1995-12-16,18.6,11,1,0,135,5,12.3
Chaka Khan,1978-10-07,1978,1992-06-20,13.7,10,1,0,135,3,13.5
Atlantic Starr,1982-03-27,1982,1994-08-27,12.4,10,3,1,135,1,13.5
98 Degrees,1997-07-12,1997,2001-04-21,3.8,7,3,0,135,2,19.3
Lee Ann Womack,1998-10-10,1998,2009-03-28,10.5,8,0,0,135,14,16.9
Billy Preston,1969-08-02,1969,1982-10-09,13.2,13,4,2,134,1,10.3
Tears For Fears,1983-08-06,1983,1993-11-27,10.3,9,4,2,134,1,14.9
Rick Astley,1987-12-19,1987,1994-01-15,6.1,9,5,2,134,1,14.9
Puddle Of Mudd,2001-10-13,2001,2008-06-14,6.7,6,1,0,134,5,22.3
Leo Sayer,1975-02-22,1975,1981-04-11,6.1,10,4,2,133,1,13.3
Sammy Hagar,1977-12-10,1977,1988-01-16,10.1,12,0,0,133,13,11.1
The Killers,2004-09-04,2004,2012-08-11,7.9,11,1,0,133,10,12.1
French Montana,2012-07-28,2012,2019-10-26,7.2,11,1,0,133,3,12.1
Lainey Wilson,2021-05-29,2021,2026-04-18,4.9,8,0,0,133,21,16.6
Clarence Carter,1967-06-24,1967,1973-08-25,6.2,16,2,0,132,4,8.2
Ice Cube,1992-11-21,1992,2006-07-01,13.6,9,0,0,132,15,14.7
The Script,2009-12-19,2009,2014-11-29,4.9,6,0,0,132,12,22
Riley Green,2019-03-02,2019,2026-08-22,7.5,8,0,0,132,20,16.5
Seals & Crofts,1972-09-09,1972,1978-09-16,6.0,11,2,0,131,6,11.9
The Cure,1986-02-15,1986,1996-08-17,10.5,14,1,0,131,2,9.4
Deborah Cox,1995-09-09,1995,2004-03-06,8.5,9,2,0,131,2,14.6
Jessica Simpson,1999-10-16,1999,2008-08-23,8.9,9,1,0,131,3,14.6
2 Chainz,2012-05-26,2012,2019-05-25,7.0,14,0,0,131,24,9.4
Moneybagg Yo,2020-01-25,2020,2026-08-08,6.5,19,0,0,131,17,6.9
Little Anthony And The Imperials,1958-08-11,1958,1974-07-06,15.9,17,3,0,130,4,7.6
Freddy Cannon,1959-05-11,1959,1966-03-26,6.9,18,2,0,130,3,7.2
The Staple Singers,1967-06-03,1967,1976-04-03,8.8,15,3,2,130,1,8.7
Shai,1992-10-17,1992,1996-06-01,3.6,7,3,0,130,2,18.6
Nelly Furtado,2001-03-03,2001,2007-09-29,6.6,7,4,2,130,1,18.6
Michael Buble,2005-05-21,2005,2026-01-03,20.6,11,0,0,130,12,11.8
Lorde,2013-07-20,2013,2025-07-12,12.0,11,2,1,130,1,11.8
Ike & Tina Turner,1960-08-29,1960,1975-06-28,14.8,18,1,0,129,4,7.2
Ringo Starr,1970-11-07,1970,1982-01-16,11.2,12,7,2,129,1,10.8
Will Smith,1998-02-28,1998,2005-09-10,7.5,8,3,2,129,1,16.1
Mya,1998-08-08,1998,2004-02-14,5.5,7,1,0,129,2,18.4
Tyrese,1998-08-22,1998,2003-10-25,5.2,7,1,0,129,7,18.4
Shaboozey,2024-04-27,2024,2026-08-22,2.3,3,1,1,129,1,43
Tommy Edwards,1958-08-18,1958,1960-10-17,2.2,14,1,1,128,1,9.1
Jim Croce,1972-07-01,1972,1976-02-28,3.7,10,5,2,128,1,12.8
John Lennon,1973-11-10,1973,1984-05-05,10.5,9,6,2,128,1,14.2
Alabama,1981-06-06,1981,1999-10-09,18.3,10,0,0,128,15,12.8
Paul Young,1983-10-01,1983,1992-05-02,8.6,9,2,1,128,1,14.2
Polo G,2019-04-06,2019,2023-09-02,4.4,31,1,1,128,1,4.1
HARDY,2020-06-13,2020,2026-03-14,5.7,6,0,0,128,23,21.3
Rita Coolidge,1969-05-10,1969,1983-09-24,14.4,11,2,0,127,2,11.5
Dino,1988-07-16,1988,1993-11-20,5.3,8,2,0,127,6,15.9
Wilson Phillips,1990-03-17,1990,1992-10-17,2.6,7,4,3,127,1,18.1
Avant,2000-04-29,2000,2009-01-24,8.7,8,0,0,127,13,15.9
5 Seconds Of Summer,2014-04-19,2014,2022-04-30,8.0,14,1,0,127,7,9.1
The Coasters,1958-08-04,1958,1972-01-15,13.4,15,4,0,126,2,8.4
Meat Loaf,1978-03-18,1978,1996-03-09,18.0,9,1,1,126,1,14
Ray Parker Jr.,1982-03-20,1982,2025-11-15,43.7,8,2,1,126,1,15.8
Twista,1997-11-29,1997,2011-02-26,13.2,10,2,1,126,1,12.6
Boston,1976-09-18,1976,1994-08-13,17.9,10,4,1,125,1,12.5
Chic,1977-10-29,1977,1982-07-10,4.7,9,4,2,125,1,13.9
Jade,1992-07-11,1992,1995-04-22,2.8,6,1,0,125,4,20.8
A Boogie Wit da Hoodie,2016-11-05,2016,2022-12-24,6.1,24,0,0,125,23,5.2
Shaggy,1993-08-14,1993,2015-07-11,21.9,6,3,2,124,1,20.7
Real McCoy,1994-08-27,1994,1997-08-09,3.0,5,2,0,124,3,24.8
Blessid Union Of Souls,1995-02-18,1995,1999-10-23,4.7,6,1,0,124,8,20.7
Chris Cagle,2000-10-21,2000,2013-02-23,12.3,9,0,0,124,35,13.8
Three Days Grace,2003-11-29,2003,2010-02-06,6.2,7,0,0,124,44,17.7
Alessia Cara,2015-08-22,2015,2018-09-01,3.0,5,2,0,124,5,24.8
Roger Miller,1964-06-13,1964,1969-01-11,4.6,15,5,0,123,4,8.2
Isaac Hayes,1969-08-23,1969,1980-03-15,10.6,13,1,1,123,1,9.5
Gordon Lightfoot,1970-12-26,1970,1982-05-22,11.4,11,4,1,123,1,11.2
The Osmonds,1971-01-02,1971,1976-11-27,5.9,11,4,1,123,1,11.2
Gino Vannelli,1974-09-21,1974,1987-07-25,12.8,10,2,0,123,4,12.3
Shalamar,1977-03-12,1977,1985-01-12,7.8,9,1,0,123,8,13.7
John Cougar,1979-10-13,1979,1983-03-05,3.4,7,2,1,123,1,17.6
Pet Shop Boys,1986-03-01,1986,1991-07-06,5.3,11,4,1,123,1,11.2
CeCe Peniston,1991-09-28,1991,1996-10-05,5.0,9,1,0,123,5,13.7
Weezer,1994-10-01,1994,2026-05-23,31.6,8,1,0,123,10,15.4
Chingy,2003-05-17,2003,2008-01-12,4.7,7,4,0,123,2,17.6
Tyrone Davis,1968-12-21,1968,1983-01-29,14.1,15,2,0,122,3,8.1
Dawn,1970-07-25,1970,1974-04-27,3.8,11,4,2,122,1,11.1
Yes,1971-09-25,1971,1991-06-29,19.8,10,1,1,122,1,12.2
Rick James,1978-07-01,1978,1985-05-18,6.9,10,0,0,122,13,12.2
Jaheim,2000-12-16,2000,2010-07-03,9.5,8,0,0,122,20,15.2
Robin Thicke,2006-12-23,2006,2014-07-12,7.6,7,1,1,122,1,17.4
Russell Dickerson,2017-11-04,2017,2026-01-31,8.2,7,0,0,122,28,17.4
The Mamas & The Papas,1966-01-08,1966,1972-02-26,6.1,15,6,1,121,1,8.1
Poco,1970-10-03,1970,1990-02-17,19.4,13,0,0,121,17,9.3
Belinda Carlisle,1986-05-17,1986,1991-11-30,5.5,9,4,1,121,1,13.4
Uncle Kracker,2001-03-10,2001,2010-10-02,9.6,4,2,0,121,5,30.2
Tyga,2008-06-28,2008,2018-12-22,10.5,11,2,0,121,7,11
Clyde McPhatter,1958-08-04,1958,1964-02-08,5.5,15,2,0,120,6,8
England Dan & John Ford Coley,1976-06-12,1976,1980-03-29,3.8,9,4,0,120,2,13.3
Joan Jett & the Blackhearts,1982-02-06,1982,1989-03-11,7.1,8,3,1,120,1,15
Lewis Capaldi,2019-05-25,2019,2023-02-25,3.8,3,2,1,120,1,40
Jim Reeves,1958-08-04,1958,1966-10-15,8.2,21,1,0,119,2,5.7
Pablo Cruise,1977-04-16,1977,1981-11-14,4.6,9,2,0,119,6,13.2
The Human League,1982-03-06,1982,1995-06-10,13.3,8,3,2,119,1,14.9
Maxwell,1996-08-17,1996,2010-05-29,13.8,7,1,0,119,4,17
Hunter Hayes,2011-11-12,2011,2014-05-24,2.5,6,0,0,119,16,19.8
Iggy Azalea,2014-03-22,2014,2019-03-30,5.0,7,2,1,119,1,17
Steve Lawrence,1958-09-22,1958,1964-10-03,6.0,14,4,1,118,1,8.4
Billy Squier,1981-05-16,1981,1989-09-30,8.4,11,0,0,118,15,10.7
Silk,1993-02-06,1993,1999-11-13,6.8,8,1,1,118,1,14.8
Reba,1998-12-12,1998,2011-01-29,12.1,8,0,0,118,31,14.8
fun.,2011-12-24,2011,2013-06-01,1.4,3,2,1,118,1,39.3
The Lovin' Spoonful,1965-08-21,1965,1969-02-15,3.5,14,7,1,117,1,8.4
Peter Frampton,1976-02-21,1976,1986-03-22,10.1,8,3,0,117,2,14.6
Peter Cetera,1986-06-07,1986,1997-12-20,11.5,8,3,2,117,1,14.6
Lil' Kim,1996-11-09,1996,2005-12-17,9.1,7,2,0,117,2,16.7
Next,1997-09-06,1997,2000-10-14,3.1,4,2,1,117,1,29.2
Jordin Sparks,2007-06-09,2007,2011-05-28,4.0,8,3,0,117,3,14.6
Billy Vaughn And His Orchestra,1958-08-11,1958,1966-02-12,7.5,16,0,0,116,13,7.2
Henry Mancini And His Orchestra,1961-04-03,1961,1977-05-14,16.1,13,1,1,116,1,8.9
Karyn White,1988-10-15,1988,1995-03-18,6.4,7,4,1,116,1,16.6
All-4-One,1994-01-01,1994,1996-10-05,2.8,5,3,1,116,1,23.2
Wyclef Jean,1997-06-14,1997,2008-04-05,10.8,7,1,0,116,7,16.6
P.M. Dawn,1991-10-19,1991,1998-11-28,7.1,8,3,1,115,1,14.4
Jamie Foxx,1994-07-30,1994,2015-06-20,20.9,9,2,0,115,2,12.8
Mumford & Sons,2010-08-28,2010,2015-07-04,4.8,11,0,0,115,12,10.5
The Kid LAROI,2020-11-07,2020,2026-06-27,5.6,13,1,0,115,9,8.9
"HUNTR/X: EJAE, Audrey Nuna & REI AMI",2025-07-19,2025,2026-05-23,0.8,4,2,1,115,1,28.8
Dinah Washington,1959-05-25,1959,1963-06-08,4.0,19,1,0,114,8,6
Peter And Gordon,1964-05-09,1964,1967-06-24,3.1,14,3,1,114,1,8.1
The Delfonics,1968-02-03,1968,1973-06-30,5.4,15,2,0,114,4,7.6
Seether,2002-12-28,2002,2011-07-30,8.6,7,0,0,114,20,16.3
Gavin DeGraw,2004-10-23,2004,2013-11-09,9.0,6,1,0,114,10,19
Eli Young Band,2009-04-04,2009,2019-08-24,10.4,6,0,0,114,29,19
Vic Dana,1961-11-27,1961,1970-06-20,8.6,15,1,0,113,10,7.5
The Association,1966-06-04,1966,1981-02-28,14.7,13,5,2,113,1,8.7
Steppenwolf,1968-07-13,1968,1974-11-02,6.3,13,3,0,113,2,8.7
Bill Withers,1971-07-17,1971,1978-02-25,6.6,11,3,1,113,1,10.3
Hi-Five,1991-02-23,1991,1994-02-26,3.0,7,3,1,113,1,16.1
Duane Eddy His Twangy Guitar And The Rebels,1958-08-04,1958,1961-03-06,2.6,12,1,0,112,6,9.3
Dee Clark,1958-12-01,1958,1963-12-14,5.0,10,1,0,112,2,11.2
The Ventures,1960-07-18,1960,1969-07-26,9.0,14,3,0,112,2,8
The Whispers,1970-09-19,1970,1990-10-13,20.1,12,1,0,112,7,9.3
Jimmy Buffett,1974-05-18,1974,2023-09-16,49.3,11,1,0,112,8,10.2
Wang Chung,1984-02-04,1984,1989-07-08,5.4,8,2,0,112,2,14
The Outfield,1986-02-15,1986,1992-07-25,6.4,8,1,0,112,6,14
Simply Red,1986-04-05,1986,1992-04-25,6.1,7,2,2,112,1,16
Firehouse,1991-03-09,1991,1995-07-08,4.3,7,2,0,112,5,16
The Fixx,1982-10-30,1982,1991-06-08,8.6,9,1,0,111,4,12.3
Bruce Hornsby & The Range,1986-07-26,1986,1990-11-10,4.3,7,3,1,111,1,15.9
Warrant,1989-04-29,1989,1992-04-18,3.0,9,3,0,111,2,12.3
Kris Kross,1992-04-04,1992,1996-06-29,4.2,7,1,1,111,1,15.9
The Smashing Pumpkins,1995-11-11,1995,2007-07-07,11.7,8,0,0,111,12,13.9
Marc Anthony,1999-09-11,1999,2013-09-28,14.0,5,2,0,111,2,22.2
Bryson Tiller,2015-10-17,2015,2024-07-13,8.7,12,0,0,111,13,9.2
Jerry Wallace,1958-08-18,1958,1972-10-14,14.2,13,1,0,110,8,8.5
The Fleetwoods,1959-03-09,1959,1963-08-10,4.4,11,3,2,110,1,10
The Intruders,1959-03-23,1959,1974-01-19,14.8,15,1,0,110,6,7.3
Burl Ives,1961-12-18,1961,2026-01-03,64.0,9,3,0,110,4,12.2
Gin Blossoms,1993-07-24,1993,1996-12-21,3.4,4,1,0,110,9,27.5
Gym Class Heroes,2007-01-20,2007,2012-09-08,5.6,6,2,0,110,4,18.3
Sara Bareilles,2007-11-17,2007,2014-06-28,6.6,4,1,0,110,4,27.5
Drake & 21 Savage,2022-11-19,2022,2023-06-03,0.5,11,7,0,110,2,10
Hank Ballard And The Midnighters,1959-03-09,1959,1961-09-18,2.5,12,2,0,109,6,9.1
Sweet Sensation,1975-01-11,1975,1990-12-01,15.9,7,1,1,109,1,15.6
Crystal Gayle,1976-06-12,1976,1984-01-07,7.6,11,1,0,109,2,9.9
Debarge,1983-02-05,1983,1985-10-05,2.7,6,2,0,109,3,18.2
Patti LaBelle,1984-01-07,1984,2005-02-05,21.1,9,0,0,109,17,12.1
Selena Gomez & The Scene,2009-09-12,2009,2012-03-24,2.5,7,0,0,109,21,15.6
The Vogues,1965-09-18,1965,1969-09-06,4.0,14,4,0,108,4,7.7
Nancy Sinatra,1965-10-16,1965,1969-09-27,3.9,17,3,1,108,1,6.4
Bananarama,1983-07-02,1983,1988-12-10,5.4,11,3,1,108,1,9.8
Cinderella,1986-11-08,1986,1991-05-25,4.5,8,0,0,108,12,13.5
Mint Condition,1992-01-04,1992,2000-03-18,8.2,6,1,0,108,6,18
Alanis Morissette,1996-03-16,1996,2004-08-07,8.4,6,2,0,108,4,18
Jesse McCartney,2004-12-11,2004,2011-01-15,6.1,8,1,0,108,10,13.5
YG,2010-09-11,2010,2022-10-22,12.1,10,0,0,108,16,10.8
Gabby Barrett,2020-01-11,2020,2023-01-28,3.0,4,1,0,108,3,27
Chuck Jackson,1961-02-20,1961,1968-03-09,7.0,18,0,0,107,23,5.9
Andy Kim,1968-05-04,1968,1974-12-21,6.6,12,2,1,107,1,8.9
Harold Melvin And The Blue Notes,1972-07-01,1972,1977-03-05,4.7,10,2,0,107,3,10.7
Master P,1996-04-27,1996,2002-03-09,5.9,8,0,0,107,16,13.4
Michelle Branch,2001-09-01,2001,2009-08-15,8.0,6,1,0,107,6,17.8
Randy Houser,2008-12-06,2008,2016-04-02,7.3,7,0,0,107,24,15.3
Easton Corbin,2010-01-23,2010,2018-02-17,8.1,7,0,0,107,42,15.3
Fuerza Regida,2023-06-03,2023,2025-10-18,2.4,7,0,0,107,26,15.3
Eddy Arnold,1959-03-09,1959,1968-12-14,9.8,17,1,0,106,6,6.2
Nilsson,1969-08-16,1969,1974-06-08,4.8,10,3,1,106,1,10.6
Bachman-Turner Overdrive,1973-12-01,1973,1976-10-16,2.9,10,1,1,106,1,10.6
Rufus,1974-06-15,1974,1982-01-02,7.6,9,3,0,106,3,11.8
Milli Vanilli,1989-01-07,1989,1990-04-07,1.2,5,5,3,106,1,21.2
Johnny Gill,1990-05-12,1990,1997-04-19,6.9,7,2,0,106,3,15.1
Billy Ray Cyrus,1992-05-09,1992,2008-03-08,15.8,7,1,0,106,4,15.1
Papa Roach,2000-07-29,2000,2009-04-18,8.7,6,0,0,106,15,17.7
21 Savage,2017-01-07,2017,2025-12-27,9.0,21,1,0,106,5,5.0
Bay City Rollers,1975-10-11,1975,1978-02-04,2.3,8,3,1,105,1,13.1
Go-Go's,1981-08-29,1981,1984-10-06,3.1,7,2,0,105,2,15
John Waite,1984-06-23,1984,1995-05-20,10.9,10,1,1,105,1,10.5
Sugar Ray,1999-01-09,1999,2001-10-27,2.8,4,2,0,105,3,26.2
Kid Ink,2013-02-09,2013,2016-06-04,3.3,7,0,0,105,13,15
6ix9ine,2017-12-02,2017,2022-04-30,4.4,17,2,0,105,3,6.2
Thirty Eight Special,1983-11-12,1983,1989-08-05,5.7,8,1,0,104,6,13
Go West,1985-02-23,1985,1993-05-22,8.2,7,1,0,104,8,14.9
Darryl Worley,2000-06-10,2000,2009-10-24,9.4,7,0,0,104,22,14.9
Lloyd,2004-05-22,2004,2011-11-12,7.5,6,1,0,104,9,17.3
Avicii,2011-12-03,2011,2019-06-22,7.6,7,1,0,104,4,14.9
Roddy Ricch,2019-05-18,2019,2022-01-01,2.6,11,1,1,104,1,9.5
Ferrante & Teicher,1960-07-25,1960,1970-04-04,9.7,11,4,0,103,2,9.4
Whitesnake,1980-08-02,1980,1990-06-09,9.9,7,2,1,103,1,14.7
Men At Work,1982-07-10,1982,1985-07-20,3.0,6,4,2,103,1,17.2
Lisa Lisa And Cult Jam,1986-07-26,1986,1991-10-05,5.2,6,3,2,103,1,17.2
Bell Biv DeVoe,1990-04-07,1990,1993-12-25,3.7,6,2,0,103,3,17.2
Audioslave,2002-11-23,2002,2006-08-12,3.7,7,0,0,103,31,14.7
BigXthaPlug,2023-12-16,2023,2026-02-28,2.2,9,1,0,103,4,11.4
The Byrds,1965-05-15,1965,1970-02-07,4.7,16,2,2,102,1,6.4
ABC,1982-09-11,1982,1987-11-07,5.2,7,2,0,102,5,14.6
Mike Posner,2010-05-15,2010,2016-10-15,6.4,4,2,0,102,4,25.5
Gracie Abrams,2024-06-22,2024,2026-08-22,2.2,9,1,0,102,6,11.3
The Searchers,1964-03-07,1964,1971-09-11,7.5,14,1,0,101,3,7.2
Wayne Newton,1964-05-02,1964,1980-04-26,16.0,14,1,0,101,4,7.2
The Main Ingredient,1970-06-27,1970,1975-06-07,4.9,11,2,0,101,3,9.2
Don McLean,1971-11-27,1971,1982-01-30,10.2,9,2,1,101,1,11.2
Paul McCartney And Wings,1973-04-14,1973,1980-09-13,7.4,6,6,3,101,1,16.8
John Cafferty & The Beaver Brown Band,1983-10-08,1983,1989-09-09,5.9,7,1,0,101,7,14.4
Mike + The Mechanics,1985-11-23,1985,1991-05-11,5.5,7,3,1,101,1,14.4
Kylie Minogue,1988-05-07,1988,2004-03-06,15.8,7,2,0,101,3,14.4
Tracie Spencer,1988-10-01,1988,2000-03-18,11.5,8,1,0,101,3,12.6
Musiq,2000-10-14,2000,2004-07-17,3.8,5,0,0,101,16,20.2
Johnny Nash,1958-11-10,1958,1974-04-27,15.5,10,2,1,100,1,10
The Ronettes,1963-08-31,1963,2026-01-03,62.3,9,2,0,100,2,11.1
Led Zeppelin,1969-03-29,1969,1980-03-15,11.0,10,1,0,100,4,10
Talking Heads,1978-02-18,1978,1987-01-24,8.9,8,1,0,100,9,12.5
Freddie Jackson,1985-05-25,1985,1988-10-08,3.4,7,0,0,100,12,14.3
Warren G,1994-07-23,1994,1999-12-25,5.4,6,1,0,100,9,16.7
Baby Bash,2003-08-23,2003,2008-03-29,4.6,4,2,0,100,7,25
The Crests,1958-11-24,1958,1960-10-24,1.9,9,1,0,99,2,11
Carla Thomas,1961-01-30,1961,1969-04-26,8.2,15,1,0,99,10,6.6
Sam & Dave,1966-01-15,1966,1969-04-05,3.2,13,2,0,99,2,7.6
Amber,1996-06-15,1996,2000-02-26,3.7,4,0,0,99,24,24.8
Fantasia,2004-07-10,2004,2013-08-31,9.1,7,1,1,99,1,14.1
Plies,2007-06-30,2007,2018-03-10,10.7,8,2,0,99,7,12.4
Parker McCollum,2020-07-04,2020,2025-12-13,5.4,5,0,0,99,30,19.8
Linda Scott,1961-03-13,1961,1964-01-25,2.9,11,2,0,98,3,8.9
Lou Christie,1963-01-05,1963,1974-04-20,11.3,12,3,1,98,1,8.2
Percy Sledge,1966-04-09,1966,1974-12-21,8.7,14,1,1,98,1,7
Willie Nelson,1975-08-30,1975,2006-03-04,30.5,8,1,0,98,5,12.2
Robbie Nevil,1986-10-11,1986,1991-11-16,5.1,7,2,0,98,2,14
Barenaked Ladies,1997-05-10,1997,2004-01-24,6.7,7,1,1,98,1,14
Jimmy Clanton,1958-10-20,1958,1969-11-29,11.1,11,2,0,97,5,8.8
The Box Tops,1967-08-12,1967,1970-03-28,2.6,10,2,1,97,1,9.7
"Crosby, Stills & Nash",1969-07-19,1969,1983-08-20,14.1,8,2,0,97,7,12.1
Leif Garrett,1977-08-27,1977,1982-01-09,4.4,10,1,0,97,10,9.7
Tiffany,1987-08-29,1987,1989-04-22,1.6,6,4,2,97,1,16.2
"10,000 Maniacs",1988-05-07,1988,1997-11-08,9.5,8,0,0,97,11,12.1
Heavy D & The Boyz,1991-06-29,1991,1995-02-11,3.6,5,0,0,97,11,19.4
Karol G,2020-10-10,2020,2026-08-22,5.9,15,0,0,97,22,6.5
Nate Smith,2022-05-21,2022,2025-08-23,3.3,5,0,0,97,21,19.4
Tucker Wetmore,2024-03-09,2024,2026-08-08,2.4,5,0,0,97,31,19.4
Jackie DeShannon,1963-02-23,1963,1977-12-31,14.9,15,2,0,96,4,6.4
Major Lance,1963-07-13,1963,1970-10-03,7.2,12,2,0,96,5,8
The Animals,1964-08-08,1964,1983-10-15,19.2,11,1,1,96,1,8.7
Judy Collins,1967-01-21,1967,1979-04-21,12.2,10,1,0,96,8,9.6
Marvin Gaye & Tammi Terrell,1967-05-13,1967,1970-05-30,3.0,10,4,0,96,5,9.6
Robert John,1968-04-13,1968,1983-03-05,14.9,9,2,1,96,1,10.7
Candi Staton,1969-06-21,1969,1976-09-11,7.2,10,0,0,96,20,9.6
Grand Funk Railroad,1969-09-27,1969,1976-09-25,7.0,13,0,0,96,22,7.4
The Dramatics,1971-07-03,1971,1977-11-26,6.4,10,2,0,96,5,9.6
Samantha Fox,1986-11-01,1986,1989-06-10,2.6,6,3,0,96,3,16
Immature,1994-07-30,1994,1997-11-01,3.3,7,1,0,96,5,13.7
Boys Like Girls,2007-06-02,2007,2010-03-27,2.8,5,0,0,96,18,19.2
Soulja Boy Tell'em,2007-07-28,2007,2010-10-16,3.2,5,1,1,96,1,19.2
Young Money,2009-05-23,2009,2014-08-02,5.2,5,2,0,96,2,19.2
New Boyz,2009-07-04,2009,2011-11-19,2.4,5,0,0,96,22,19.2
Hozier,2014-08-30,2014,2025-04-05,10.6,4,2,1,96,1,24
The Olympics,1958-08-04,1958,1966-11-05,8.3,14,1,0,95,8,6.8
Rare Earth,1970-03-14,1970,1978-07-08,8.3,9,3,0,95,4,10.6
Tom Petty,1978-09-23,1978,2006-07-22,27.8,8,1,0,95,7,11.9
Breathe,1988-04-16,1988,1991-02-09,2.8,5,3,0,95,2,19
Lisa Stansfield,1990-02-03,1990,1997-10-04,7.7,6,1,0,95,3,15.8
Donell Jones,1996-07-06,1996,2002-09-28,6.2,6,1,0,95,7,15.8
Kelly Rowland,2002-09-28,2002,2013-06-15,10.7,6,0,0,95,17,15.8
The-Dream,2007-09-22,2007,2010-05-15,2.6,7,0,0,95,17,13.6
Fabian,1959-01-12,1959,1960-11-07,1.8,10,3,0,94,3,9.4
The Sylvers,1972-09-02,1972,1978-01-21,5.4,8,2,1,94,1,11.8
Donny & Marie Osmond,1974-07-06,1974,1978-12-09,4.4,7,2,0,94,4,13.4
Hot Chocolate,1975-02-08,1975,1983-01-29,8.0,8,3,0,94,3,11.8
702,1996-09-14,1996,2000-02-12,3.4,4,2,0,94,4,23.5
Terri Clark,1998-05-23,1998,2004-10-16,6.4,7,0,0,94,27,13.4
Andy Griggs,1999-03-27,1999,2005-05-28,6.2,6,0,0,94,28,15.7
My Chemical Romance,2005-02-12,2005,2011-06-18,6.3,8,1,0,94,9,11.8
Childish Gambino,2013-12-21,2013,2024-08-10,10.6,8,1,1,94,1,11.8
The Tokens,1961-03-06,1961,1994-11-12,33.7,12,1,1,93,1,7.8
The Emotions,1962-12-01,1962,1978-01-21,15.1,10,1,1,93,1,9.3
Bobby Sherman,1969-08-23,1969,1972-02-26,2.5,10,4,0,93,3,9.3
Dire Straits,1979-02-10,1979,1986-05-31,7.3,7,3,1,93,1,13.3
Surface,1987-05-23,1987,1991-08-17,4.2,6,2,1,93,1,15.5
Gloria Estefan & Miami Sound Machine,1987-05-30,1987,1988-10-08,1.4,5,4,1,93,1,18.6
D.J. Jazzy Jeff & The Fresh Prince,1988-05-21,1988,1992-02-15,3.7,6,1,0,93,4,15.5
Reba McEntire,1994-12-17,1994,2007-10-20,12.8,7,0,0,93,35,13.3
Omarion,2005-01-22,2005,2015-10-03,10.7,6,0,0,93,12,15.5
Taio Cruz,2010-03-13,2010,2011-10-22,1.6,5,2,1,93,1,18.6
LaVern Baker,1958-12-08,1958,1965-02-20,6.2,11,1,0,92,6,8.4
Bert Kaempfert And His Orchestra,1960-11-14,1960,1966-10-15,5.9,11,1,1,92,1,8.4
Gary U.S. Bonds,1961-07-24,1961,1982-09-25,21.2,9,3,0,92,5,10.2
Edwin Starr,1965-08-07,1965,1979-09-01,14.1,13,2,1,92,1,7.1
Van Morrison,1967-07-15,1967,1978-11-25,11.4,11,2,0,92,9,8.4
Diana Ross & The Supremes,1967-08-12,1967,1970-02-21,2.5,10,5,2,92,1,9.2
Tommy James,1970-08-01,1970,1981-06-20,10.9,13,1,0,92,4,7.1
Yvonne Elliman,1971-04-24,1971,1980-01-05,8.7,7,1,1,92,1,13.1
Tracy Byrd,1994-10-22,1994,2004-03-13,9.4,9,0,0,92,26,10.2
Dave Matthews Band,1999-02-13,1999,2012-08-04,13.5,8,0,0,92,16,11.5
Frankie J,2003-04-12,2003,2006-11-25,3.6,5,1,0,92,3,18.4
Jhene Aiko,2014-02-22,2014,2021-01-23,6.9,7,0,0,92,24,13.1
Kehlani,2016-08-27,2016,2026-06-20,9.8,11,1,0,92,6,8.4
Marv Johnson,1959-03-16,1959,1961-04-17,2.1,9,2,0,91,9,10.1
The Young Rascals,1965-12-25,1965,1968-01-20,2.1,9,4,2,91,1,10.1
Lulu,1967-09-09,1967,1982-01-30,14.4,8,1,1,91,1,11.4
Jim Stafford,1973-05-12,1973,1977-02-05,3.7,8,2,0,91,3,11.4
38 Special,1980-02-02,1980,1991-10-19,11.7,7,1,0,91,10,13
"""Weird Al"" Yankovic",1983-04-30,1983,2014-08-09,31.3,11,1,0,91,9,8.3
Bad English,1989-07-22,1989,1991-11-23,2.3,6,2,1,91,1,15.2
H-Town,1993-04-10,1993,1998-02-21,4.9,5,1,0,91,3,18.2
Zhane,1993-08-28,1993,1997-05-31,3.8,5,1,0,91,6,18.2
Mase,1997-11-01,1997,2004-12-11,7.1,5,3,0,91,5,18.2
Incubus,2001-02-17,2001,2007-05-19,6.2,5,1,0,91,9,18.2
Neon Trees,2010-06-19,2010,2014-06-28,4.0,3,1,0,91,6,30.3
Glass Animals,2021-01-16,2021,2022-10-22,1.8,1,1,1,91,1,91
Roger Williams,1958-08-18,1958,1969-06-14,10.8,14,2,0,90,7,6.4
Johnny Horton,1959-04-27,1959,1962-04-07,2.9,8,3,1,90,1,11.2
Joni Mitchell,1970-07-25,1970,1986-01-11,15.5,9,1,0,90,7,10
Cathy Dennis,1990-10-27,1990,1993-03-13,2.4,6,3,0,90,2,15
La Bouche,1995-11-11,1995,1998-10-17,2.9,3,1,0,90,6,30
Musiq Soulchild,2001-02-17,2001,2009-06-27,8.4,6,0,0,90,24,15
Annette,1959-01-05,1959,1961-02-27,2.1,10,2,0,89,7,8.9
Lloyd Price and His Orchestra,1959-04-27,1959,1960-12-12,1.6,10,1,0,89,2,8.9
Jose Feliciano,1968-07-27,1968,2026-01-03,57.4,11,2,0,89,3,8.1
"Blood, Sweat & Tears",1969-03-01,1969,1975-07-19,6.4,10,3,0,89,2,8.9
Curtis Mayfield,1970-11-21,1970,1975-11-08,5.0,9,2,0,89,4,9.9
Ambrosia,1975-06-14,1975,1982-06-26,7.0,7,2,0,89,3,12.7
Sweet,1975-06-14,1975,1978-09-02,3.2,6,3,0,89,5,14.8
Sophie B. Hawkins,1992-04-18,1992,1996-05-11,4.1,4,2,0,89,5,22.2
Natalie Merchant,1995-08-05,1995,1996-10-26,1.2,3,1,0,89,10,29.7
Erykah Badu,1997-01-25,1997,2010-06-05,13.4,7,2,0,89,6,12.7
Lil Jon & The East Side Boyz,2001-08-25,2001,2005-04-23,3.7,4,2,0,89,2,22.2
Andy Grammer,2011-06-18,2011,2017-02-18,5.7,5,1,0,89,9,17.8
The Lumineers,2012-06-23,2012,2016-08-06,4.1,3,1,0,89,3,29.7
Drake & Future,2015-10-10,2015,2016-05-14,0.6,9,0,0,89,12,9.9
NF,2017-11-04,2017,2026-01-10,8.2,15,0,0,89,12,5.9
Ella Mai,2018-04-14,2018,2025-04-26,7.0,5,1,0,89,5,17.8
Saweetie,2019-07-13,2019,2022-04-09,2.7,5,0,0,89,14,17.8
Dion & The Belmonts,1958-08-04,1958,1960-08-29,2.1,9,2,0,88,3,9.8
Foghat,1972-10-07,1972,1980-08-16,7.9,9,0,0,88,20,9.8
Grand Funk,1973-07-28,1973,1975-07-12,2.0,6,4,2,88,1,14.7
The B-52s,1980-04-19,1980,1992-09-12,12.4,7,2,0,88,3,12.6
The Motels,1982-04-24,1982,1985-11-09,3.5,8,2,0,88,9,11
Simple Minds,1985-02-23,1985,1995-04-15,10.1,6,2,1,88,1,14.7
Winger,1989-02-25,1989,1991-04-20,2.1,6,0,0,88,12,14.7
Shanice,1991-11-23,1991,1999-05-29,7.5,5,2,0,88,2,17.6
BLACKstreet,1994-06-25,1994,1999-05-22,4.9,6,1,0,88,7,14.7
Beenie Man,1997-08-16,1997,2004-11-20,7.3,6,0,0,88,26,14.7
Mark Wills,1998-05-09,1998,2003-04-05,4.9,6,0,0,88,23,14.7
System Of A Down,2002-01-05,2002,2006-02-18,4.1,5,0,0,88,27,17.6
Evanescence,2003-03-15,2003,2011-10-29,8.6,5,3,0,88,5,17.6
Yo Gotti,2009-11-28,2009,2019-06-22,9.6,9,1,0,88,8,9.8
Gerry And The Pacemakers,1964-05-23,1964,1966-11-05,2.5,11,3,0,87,4,7.9
Steve Perry,1984-04-07,1984,1995-01-07,10.8,6,1,0,87,3,14.5
Maxi Priest,1988-10-29,1988,1996-11-09,8.0,5,1,1,87,1,17.4
Arrested Development,1992-04-11,1992,1994-07-30,2.3,5,3,0,87,6,17.4
Simple Plan,2003-02-15,2003,2005-09-03,2.5,6,0,0,87,24,14.5
Walker Hayes,2017-11-04,2017,2022-07-02,4.7,3,1,0,87,3,29
Barbara Lewis,1963-05-04,1963,1967-05-20,4.0,10,1,0,86,3,8.6
Chad & Jeremy,1964-05-23,1964,1966-10-29,2.4,11,1,0,86,7,7.8
Melanie,1970-04-25,1970,1974-01-05,3.7,9,2,1,86,1,9.6
The Partridge Family Starring Shirley Jones,1970-10-10,1970,1973-04-21,2.5,9,3,1,86,1,9.6
Tony Orlando & Dawn,1973-11-10,1973,1977-04-23,3.4,9,2,1,86,1,9.6
Joe Jackson,1979-06-09,1979,1984-09-01,5.2,6,1,0,86,6,14.3
Miami Sound Machine,1985-10-19,1985,1987-02-14,1.3,4,3,0,86,5,21.5
Great White,1987-08-22,1987,1991-04-27,3.7,6,1,0,86,5,14.3
D'Angelo,1995-07-01,1995,2000-05-13,4.9,6,1,0,86,10,14.3
Shinedown,2005-11-19,2005,2012-04-21,6.4,7,1,0,86,7,12.3
Leona Lewis,2008-03-01,2008,2009-12-19,1.8,5,1,1,86,1,17.2
Niall Horan,2016-10-15,2016,2023-04-29,6.5,6,0,0,86,11,14.3
NLE Choppa,2019-05-04,2019,2025-01-11,5.7,10,0,0,86,28,8.6
Lil Tecca,2019-06-15,2019,2025-07-19,6.1,10,1,0,86,4,8.6
Anita Bryant,1959-06-29,1959,1964-07-04,5.0,11,2,0,85,5,7.7
Rufus Thomas,1963-02-09,1963,1972-02-26,9.0,9,1,0,85,10,9.4
Hooters,1985-05-18,1985,1990-01-06,4.6,7,0,0,85,18,12.1
Glenn Medeiros,1987-02-14,1987,1990-11-10,3.7,6,1,1,85,1,14.2
Los Del Rio,1995-09-02,1995,1997-02-08,1.4,3,1,1,85,1,28.3
Daddy Yankee,2004-11-13,2004,2018-07-07,13.6,6,0,0,85,24,14.2
Lupe Fiasco,2006-06-17,2006,2014-01-18,7.6,10,2,0,85,9,8.5
Jerrod Niemann,2010-05-15,2010,2014-05-31,4.0,5,0,0,85,29,17
Nick Jonas,2010-09-25,2010,2016-08-27,5.9,5,1,0,85,7,17
Zedd,2013-04-06,2013,2015-09-26,2.5,4,1,0,85,8,21.2
Myles Smith,2024-05-25,2024,2026-02-07,1.7,2,0,0,85,19,42.5
Ray Peterson,1959-05-18,1959,1964-05-09,5.0,8,2,0,84,7,10.5
The Orlons,1962-06-09,1962,1964-10-03,2.3,9,3,0,84,2,9.3
Trini Lopez,1963-07-27,1963,1968-03-09,4.6,13,1,0,84,3,6.5
Stephen Bishop,1976-12-11,1976,1984-04-14,7.3,6,0,0,84,11,14
Dan Hartman,1978-10-14,1978,1985-04-27,6.5,7,1,0,84,6,12
Orchestral Manoeuvres In The Dark,1985-08-31,1985,1988-07-02,2.8,5,1,0,84,4,16.8
Tamia,1998-03-21,1998,2003-11-29,5.7,5,1,0,84,10,16.8
Travis Tritt,1998-10-17,1998,2002-06-08,3.6,5,0,0,84,27,16.8
The Offspring,1998-12-05,1998,2009-02-21,10.2,6,0,0,84,53,14
Good Charlotte,2002-12-14,2002,2008-02-09,5.2,7,0,0,84,20,12
Keri Hilson,2008-08-23,2008,2011-05-07,2.7,4,1,0,84,3,21
Kings Of Leon,2008-10-11,2008,2010-11-20,2.1,5,1,0,84,4,16.8
The Crystals,1961-11-20,1961,1964-08-01,2.7,8,3,1,83,1,10.4
O.C. Smith,1968-02-24,1968,1974-11-09,6.7,10,1,0,83,2,8.3
Deniece Williams,1976-12-11,1976,1988-11-12,11.9,7,2,1,83,1,11.9
Player,1977-10-01,1977,1982-03-20,4.5,6,2,1,83,1,13.8
Bonnie Tyler,1978-03-25,1978,1986-05-17,8.1,6,2,1,83,1,13.8
David Lee Roth,1985-01-19,1985,1988-06-04,3.4,7,2,0,83,3,11.9
Klymaxx,1985-05-11,1985,1987-09-12,2.3,5,1,0,83,5,16.6
Joe Diffie,1993-12-25,1993,2002-03-30,8.3,8,0,0,83,38,10.4
Blues Traveler,1995-03-25,1995,1996-05-25,1.2,2,1,0,83,8,41.5
Missy Elliott,2003-10-18,2003,2017-02-18,13.3,8,1,0,83,3,10.4
Plain White T's,2006-11-18,2006,2011-02-19,4.3,5,1,1,83,1,16.6
21 Savage & Metro Boomin,2016-10-01,2016,2021-02-13,4.4,16,2,0,83,9,5.2
Don Gibson,1958-08-04,1958,1962-01-13,3.4,12,0,0,82,21,6.8
Floyd Cramer,1960-10-10,1960,1963-03-09,2.4,10,3,0,82,2,8.2
10cc,1973-09-15,1973,1979-02-17,5.4,9,2,0,82,2,9.1
AC/DC,1979-10-13,1979,1993-09-11,13.9,7,0,0,82,23,11.7
Robert Plant,1982-09-11,1982,1990-05-26,7.7,8,0,0,82,20,10.2
Will To Power,1987-06-27,1987,1991-03-16,3.7,5,2,1,82,1,16.4
White Lion,1988-02-27,1988,1989-12-16,1.8,5,2,0,82,3,16.4
The Escape Club,1988-08-20,1988,1991-11-09,3.2,5,2,1,82,1,16.4
Seduction,1989-07-08,1989,1990-10-27,1.3,5,1,0,82,2,16.4
Toad The Wet Sprocket,1992-06-27,1992,1995-02-11,2.6,4,0,0,82,15,20.5
Trisha Yearwood,1993-11-27,1993,2005-10-08,11.9,8,0,0,82,23,10.2
Garth Brooks,1998-12-05,1998,2017-12-23,19.0,7,0,0,82,46,11.7
Limp Bizkit,1999-07-31,1999,2004-05-15,4.8,6,0,0,82,65,13.7
Christina Perri,2010-07-17,2010,2014-07-05,4.0,5,0,0,82,17,16.4
A$AP Rocky,2012-11-17,2012,2026-03-28,13.4,23,1,0,82,8,3.6
Patsy Cline,1961-05-22,1961,1963-09-21,2.3,12,1,0,81,9,6.8
Jimmy Dean,1961-10-02,1961,1976-06-05,14.7,10,2,1,81,1,8.1
Sam The Sham and the Pharaohs,1965-04-03,1965,1967-07-22,2.3,9,2,0,81,2,9
Donna Fargo,1972-05-27,1972,1975-03-29,2.8,8,1,0,81,5,10.1
Gilbert O'Sullivan,1972-06-17,1972,1974-05-04,1.9,6,3,1,81,1,13.5
The Charlie Daniels Band,1975-02-08,1975,1982-06-12,7.3,7,1,0,81,3,11.6
Teddy Pendergrass,1977-05-21,1977,1997-05-24,20.0,8,0,0,81,25,10.1
Teena Marie,1980-11-22,1980,2005-01-15,24.1,7,1,0,81,4,11.6
Quarterflash,1981-10-17,1981,1985-11-23,4.1,7,1,0,81,3,11.6
Tracy Chapman,1988-06-04,1988,2024-02-17,35.7,5,2,0,81,3,16.2
Erasure,1988-07-30,1988,1997-07-12,9.0,6,0,0,81,12,13.5
Damn Yankees,1990-04-21,1990,1993-06-19,3.2,5,1,0,81,3,16.2
C+C Music Factory,1990-11-17,1990,1994-12-10,4.1,5,2,1,81,1,16.2
Kid Rock,1999-10-30,1999,2026-02-21,26.3,6,1,0,81,4,13.5
Thompson Square,2011-01-01,2011,2014-04-19,3.3,5,0,0,81,32,16.2
Kip Moore,2012-02-25,2012,2019-01-19,6.9,6,0,0,81,29,13.5
The Kingsmen,1958-09-01,1958,1966-05-21,7.7,9,2,0,80,2,8.9
Dee Dee Sharp,1962-03-03,1962,1965-12-18,3.8,9,4,0,80,2,8.9
The Yardbirds,1965-05-15,1965,1967-11-25,2.5,9,2,0,80,6,8.9
Harry Chapin,1972-03-11,1972,1981-01-31,8.9,7,1,1,80,1,11.4
Sister Sledge,1975-01-04,1975,1985-08-03,10.6,8,2,0,80,2,10
The Brothers Johnson,1976-05-01,1976,1981-08-01,5.3,6,3,0,80,3,13.3
Crystal Waters,1991-05-04,1991,1997-05-31,6.1,4,1,0,80,8,20
Annie Lennox,1992-05-16,1992,2015-02-28,22.8,6,0,0,80,14,13.3
Bush,1995-09-02,1995,2000-02-12,4.4,4,0,0,80,28,20
Jon B,1995-09-02,1995,2001-05-19,5.7,4,1,0,80,7,20
No Mercy,1996-07-06,1996,1997-11-29,1.4,4,1,0,80,5,20
Diamond Rio,1998-12-19,1998,2003-08-02,4.6,4,0,0,80,28,20
SHeDAISY,1999-05-08,1999,2005-09-03,6.3,8,0,0,80,43,10
Dido,2001-01-13,2001,2004-06-26,3.4,2,1,0,80,3,40
Chase Rice,2013-10-26,2013,2021-10-23,8.0,6,0,0,80,24,13.3
DJ Snake,2016-02-06,2016,2019-04-06,3.2,3,1,0,80,4,26.7
Dylan Scott,2017-05-13,2017,2026-05-02,9.0,7,0,0,80,39,11.4
The Shangri-Las,1964-08-22,1964,1966-07-30,1.9,11,3,1,79,1,7.2
Al Wilson,1968-08-17,1968,1976-05-29,7.8,8,1,1,79,1,9.9
Michael Murphey,1972-08-05,1972,1983-02-19,10.5,6,1,0,79,3,13.2
David Gates,1973-07-14,1973,1981-11-07,8.3,7,0,0,79,15,11.3
Freddy Fender,1975-02-01,1975,1976-11-20,1.8,7,2,1,79,1,11.3
Gary Wright,1976-01-03,1976,1981-10-24,5.8,6,2,0,79,2,13.2
Gerry Rafferty,1978-04-22,1978,1980-09-06,2.4,6,1,0,79,2,13.2
Pebbles,1988-01-30,1988,1991-04-06,3.2,4,3,0,79,2,19.8
Nelson,1990-07-07,1990,1991-09-21,1.2,4,2,1,79,1,19.8
Prince And The N.P.G.,1991-08-17,1991,1992-08-15,1.0,6,2,1,79,1,13.2
Blink-182,1999-07-17,1999,2023-11-04,24.3,9,1,0,79,6,8.9
Finger Eleven,2004-07-24,2004,2008-05-31,3.9,2,1,0,79,6,39.5
3OH!3,2008-11-15,2008,2012-01-21,3.2,10,2,0,79,7,7.9
AWOLNATION,2011-09-03,2011,2014-03-22,2.5,1,0,0,79,17,79
Phillip Phillips,2012-06-09,2012,2014-06-21,2.0,4,1,0,79,6,19.8
Latto,2021-11-06,2021,2026-06-13,4.6,9,1,0,79,3,8.8
Adam Wade,1960-01-11,1960,1965-02-13,5.1,11,3,0,78,5,7.1
Scorpions,1982-06-19,1982,1992-03-07,9.7,6,1,0,78,4,13
Mr. Mister,1984-03-17,1984,1987-10-31,3.6,5,3,2,78,1,15.6
Al B. Sure!,1988-04-09,1988,1993-01-09,4.8,5,1,0,78,7,15.6
Lost Boyz,1995-05-13,1995,1997-11-22,2.5,6,0,0,78,33,13
Vertical Horizon,2000-01-22,2000,2001-06-16,1.4,3,1,1,78,1,26
Adam Lambert,2009-06-06,2009,2015-10-24,6.4,10,1,0,78,10,7.8
Little Willie John,1958-08-11,1958,1961-09-18,3.1,11,0,0,77,13,7
Rose Royce,1976-10-23,1976,1979-02-17,2.3,6,2,1,77,1,12.8
Mr. Big,1977-03-05,1977,1994-04-02,17.1,5,1,1,77,1,15.4
Meco,1977-08-06,1977,1983-08-20,6.0,7,1,1,77,1,11
Village People,1978-06-24,1978,1979-12-29,1.5,5,2,0,77,2,15.4
Adam Ant,1982-11-13,1982,1995-08-05,12.7,5,0,0,77,12,15.4
Technotronic,1989-10-14,1989,1995-05-27,5.6,5,3,0,77,2,15.4
Tracy Lawrence,1993-04-17,1993,2007-09-01,14.4,5,0,0,77,40,15.4
69 Boyz,1994-07-09,1994,1998-10-31,4.3,4,1,0,77,8,19.2
Changing Faces,1994-07-30,1994,2000-12-09,6.4,4,2,0,77,3,19.2
Paula Cole,1997-04-12,1997,1998-11-21,1.6,2,1,0,77,8,38.5
Hoobastank,2002-03-02,2002,2004-12-04,2.8,3,1,0,77,2,25.7
Big & Rich,2004-02-28,2004,2014-12-20,10.8,8,0,0,77,36,9.6
Jay Sean,2009-07-18,2009,2012-06-16,2.9,5,2,1,77,1,15.4
Johnny And The Hurricanes,1959-04-27,1959,1961-03-06,1.9,9,1,0,76,5,8.4
The Chiffons,1960-09-12,1960,1966-10-08,6.1,10,3,1,76,1,7.6
The Cowsills,1967-09-30,1967,1969-11-22,2.1,8,3,0,76,2,9.5
1910 Fruitgum Co.,1968-01-27,1968,1969-10-25,1.7,7,3,0,76,4,10.9
Jerry Reed,1970-10-31,1970,1982-09-18,11.9,8,2,0,76,8,9.5
Cheech & Chong,1973-09-08,1973,1985-11-30,12.2,8,1,0,76,9,9.5
Jennifer Warnes,1977-01-29,1977,1982-02-06,5.0,6,1,0,76,6,12.7
Stacy Lattisaw,1980-08-09,1980,1987-01-10,6.4,5,0,0,76,21,15.2
Asia,1982-04-17,1982,1990-11-10,8.6,6,2,0,76,4,12.7
Smash Mouth,1999-05-22,1999,2001-12-01,2.5,3,1,0,76,4,25.3
Five For Fighting,2001-09-01,2001,2009-10-31,8.2,4,0,0,76,14,19
Ashlee Simpson,2004-07-03,2004,2008-05-10,3.9,7,1,0,76,5,10.9
Jazmine Sullivan,2008-08-02,2008,2021-07-03,12.9,6,0,0,76,31,12.7
AJR,2014-06-21,2014,2022-10-22,8.3,6,1,0,76,8,12.7
Kendrick Lamar & SZA,2018-01-20,2018,2025-10-18,7.7,3,2,1,76,1,25.3
Bobby Helms,1958-08-18,1958,2026-01-03,67.4,3,1,0,75,2,25
Maxine Brown,1961-01-02,1961,1969-11-15,8.9,10,0,0,75,19,7.5
Sue Thompson,1961-09-04,1961,1965-03-06,3.5,7,2,0,75,3,10.7
The Dovells,1961-09-11,1961,1963-11-16,2.2,8,2,0,75,2,9.4
The Contours,1962-08-11,1962,1988-09-17,26.1,8,1,0,75,3,9.4
Kenny Rogers & The First Edition,1969-06-07,1969,1972-04-22,2.9,8,1,0,75,6,9.4
Shaun Cassidy,1977-05-14,1977,1978-09-23,1.4,5,3,1,75,1,15
Beck,1994-01-29,1994,2005-08-20,11.6,7,1,0,75,10,10.7
Cassidy,2003-12-20,2003,2008-02-09,4.1,4,1,0,75,4,18.8
Breaking Benjamin,2004-09-11,2004,2015-04-11,10.6,7,0,0,75,40,10.7
Gene McDaniels,1961-03-20,1961,1963-09-21,2.5,8,3,0,74,3,9.2
The Tymes,1963-06-01,1963,1976-05-29,13.0,10,2,1,74,1,7.4
Brenda & The Tabulations,1967-02-25,1967,1971-09-25,4.6,11,0,0,74,20,6.7
The Rascals,1968-04-13,1968,1971-07-17,3.3,9,2,1,74,1,8.2
The Manhattan Transfer,1975-09-20,1975,1985-02-16,9.4,7,1,0,74,7,10.6
Sheila E.,1984-06-16,1984,1987-04-11,2.8,4,1,0,74,7,18.5
Animotion,1985-01-26,1985,1989-08-05,4.5,6,2,0,74,6,12.3
Beastie Boys,1986-12-20,1986,2009-08-08,22.6,7,1,0,74,7,10.6
Information Society,1988-07-16,1988,1991-01-19,2.5,5,2,0,74,3,14.8
Garbage,1995-07-29,1995,2005-03-26,9.7,6,0,0,74,24,12.3
Monifah,1995-10-28,1995,1999-01-30,3.3,4,1,0,74,9,18.5
Sisqo,1999-11-20,1999,2000-12-16,1.1,3,2,1,74,1,24.7
Jack Johnson,2002-08-03,2002,2013-06-29,10.9,7,0,0,74,20,10.6
Three 6 Mafia,2005-09-24,2005,2010-03-27,4.5,6,0,0,74,13,12.3
Jay Z Kanye West,2011-08-06,2011,2012-04-28,0.7,5,1,0,74,5,14.8
Tove Lo,2014-06-14,2014,2016-11-19,2.4,3,1,0,74,3,24.7
Kevin Gates,2015-05-09,2015,2022-04-23,7.0,9,0,0,74,17,8.2
Ava Max,2018-12-29,2018,2021-05-08,2.4,3,1,0,74,10,24.7
Eric Burdon & The Animals,1966-09-17,1966,1969-01-11,2.3,8,2,0,73,9,9.1
The Buckinghams,1966-12-31,1966,1968-07-13,1.5,7,3,1,73,1,10.4
Todd Rundgren,1972-04-08,1972,1983-06-04,11.2,8,1,0,73,5,9.1
Roger Daltrey,1973-06-02,1973,1986-01-18,12.6,8,0,0,73,20,9.1
Joe Walsh,1973-08-11,1973,1983-07-30,10.0,7,0,0,73,12,10.4
Stray Cats,1982-09-18,1982,1984-02-25,1.4,5,3,0,73,3,14.6
Europe,1987-01-24,1987,1988-11-05,1.8,5,2,0,73,3,14.6
Terence Trent D'Arby,1987-10-24,1987,1993-10-16,6.0,5,2,1,73,1,14.6
David Cook,2008-06-07,2008,2009-10-03,1.3,14,1,0,73,3,5.2
Carly Rae Jepsen,2012-03-10,2012,2015-08-01,3.4,5,1,1,73,1,14.6
Parmalee,2013-10-05,2013,2026-01-17,12.3,6,0,0,73,22,12.2
Lee Dorsey,1961-09-11,1961,1969-07-12,7.8,9,2,0,72,7,8
Barbara Mason,1965-05-15,1965,1975-05-10,10.0,11,1,0,72,5,6.5
Eddie Floyd,1966-09-10,1966,1970-05-09,3.7,10,0,0,72,17,7.2
Lynyrd Skynyrd,1974-07-27,1974,2026-07-18,52.0,6,1,0,72,8,12
The Babys,1977-03-19,1977,1981-01-31,3.9,8,0,0,72,13,9
Stephanie Mills,1979-07-21,1979,1987-10-17,8.2,7,1,0,72,6,10.3
Scandal,1982-11-13,1982,1985-04-27,2.5,5,1,0,72,7,14.4
Midnight Star,1983-08-20,1983,1986-12-20,3.3,7,0,0,72,18,10.3
Snap!,1990-05-12,1990,1993-05-08,3.0,3,2,0,72,2,24
Gretchen Wilson,2004-04-10,2004,2005-10-29,1.6,5,0,0,72,22,14.4
Ty Dolla $ign,2014-01-04,2014,2026-02-07,12.1,7,0,0,72,29,10.3
Clean Bandit,2014-06-28,2014,2018-10-06,4.3,4,2,0,72,9,18
Silk Sonic (Bruno Mars & Anderson .Paak),2021-03-20,2021,2022-04-02,1.0,7,2,1,72,1,10.3
The Weeknd & Ariana Grande,2021-05-08,2021,2023-08-05,2.2,2,2,2,72,1,36
Lenny Welch,1960-02-29,1960,1972-09-09,12.5,9,1,0,71,4,7.9
Lawrence Welk And His Orchestra,1960-10-24,1960,1965-05-01,4.5,10,1,1,71,1,7.1
Archie Bell & The Drells,1968-03-30,1968,1973-05-12,5.1,11,2,1,71,1,6.5
"Hamilton, Joe Frank & Reynolds",1971-05-22,1971,1976-05-15,5.0,6,2,1,71,1,11.8
Albert Hammond,1972-07-22,1972,1975-05-31,2.9,9,1,0,71,5,7.9
Rush,1977-01-08,1977,1986-02-08,9.1,7,0,0,71,21,10.1
Julian Lennon,1984-10-20,1984,1989-06-03,4.6,6,2,0,71,5,11.8
Spin Doctors,1992-10-17,1992,1994-09-17,1.9,5,1,0,71,7,14.2
Brownstone,1994-12-10,1994,1997-08-30,2.7,4,1,0,71,8,17.8
Ray J,1997-03-08,1997,2013-05-18,16.2,5,0,0,71,11,14.2
Cascada,2005-12-17,2005,2010-02-20,4.2,3,1,0,71,10,23.7
Birdman,2007-11-17,2007,2011-10-08,3.9,6,0,0,71,26,11.8
Ray Price,1958-08-25,1958,1973-10-20,15.2,9,0,0,70,11,7.8
James Darren,1961-10-16,1961,1977-05-14,15.6,8,2,0,70,3,8.8
Dobie Gray,1963-01-12,1963,1979-03-03,16.1,8,1,0,70,5,8.8
Bobby Womack,1968-08-17,1968,1975-06-14,6.8,8,1,0,70,10,8.8
The Archies,1968-09-28,1968,1970-08-15,1.9,6,2,1,70,1,11.7
Tower Of Power,1972-07-15,1972,1976-12-04,4.4,8,0,0,70,17,8.8
Gloria Gaynor,1974-11-02,1974,1979-12-15,5.1,7,2,1,70,1,10
Crowded House,1987-01-17,1987,1991-11-23,4.8,5,2,0,70,2,14
Tesla,1987-05-16,1987,1992-05-23,5.0,5,2,0,70,8,14
R. Kelly & Public Announcement,1992-03-14,1992,1993-07-10,1.3,4,0,0,70,31,17.5
The Tony Rich Project,1995-12-16,1995,1997-01-25,1.1,3,1,0,70,2,23.3
JoJo,2004-04-10,2004,2011-09-24,7.5,4,1,0,70,3,17.5
Dem Franchize Boyz,2004-09-04,2004,2006-07-15,1.9,4,1,0,70,7,17.5
Kid Cudi,2009-01-31,2009,2025-11-08,16.8,19,1,0,70,3,3.7
Pharrell Williams,2014-01-18,2014,2024-08-24,10.6,4,1,1,70,1,17.5
Chris Janson,2015-06-13,2015,2024-02-10,8.7,6,0,0,70,41,11.7
Logic,2016-07-23,2016,2020-08-08,4.0,18,2,0,70,3,3.9
Zara Larsson,2016-07-30,2016,2026-08-22,10.1,4,0,0,70,14,17.5
Playboi Carti,2017-05-20,2017,2025-04-26,7.9,29,1,0,70,2,2.4
Doechii,2023-05-20,2023,2025-08-02,2.2,4,1,0,70,9,17.5
Charli xcx,2024-08-17,2024,2026-08-08,2.0,7,0,0,70,12,5.7
Dick and DeeDee,1961-07-31,1961,1965-03-27,3.7,8,1,0,69,2,8.6
Billy Stewart,1962-07-21,1962,1969-03-08,6.6,11,1,0,69,10,6.3
Sammy Davis Jr.,1962-09-01,1962,1969-03-29,6.6,6,0,0,69,11,11.5
The Bachelors,1964-04-18,1964,1967-01-21,2.8,9,1,0,69,10,7.7
The Happenings,1966-07-09,1966,1969-08-16,3.1,9,2,0,69,3,7.7
Sergio Mendes & Brasil '66,1966-09-24,1966,1969-12-06,3.2,10,2,0,69,4,6.9
Raspberries,1972-05-13,1972,1974-11-30,2.5,7,1,0,69,5,9.9
Pure Prairie League,1975-03-01,1975,1981-08-22,6.5,7,1,0,69,10,9.9
Rupert Holmes,1978-09-02,1978,1981-05-16,2.7,6,2,1,69,1,11.5
The S.O.S. Band,1980-05-31,1980,1986-08-09,6.2,5,1,0,69,3,13.8
Paul Carrack,1982-09-04,1982,1990-01-20,7.4,6,1,0,69,9,11.5
The Black Crowes,1990-05-12,1990,1992-10-10,2.4,5,0,0,69,26,13.8
Lighter Shade Of Brown,1991-07-20,1991,1994-06-18,2.9,4,0,0,69,39,17.2
Nine Inch Nails,1994-03-12,1994,2007-03-31,13.1,8,0,0,69,17,8.6
Nivea,2001-08-18,2001,2005-05-14,3.7,4,1,0,69,8,17.2
Foster The People,2011-05-14,2011,2018-08-11,7.2,3,1,0,69,3,23
Mark Ronson,2014-11-29,2014,2019-03-09,4.3,2,1,1,69,1,34.5
X Ambassadors,2015-05-02,2015,2017-01-21,1.7,2,0,0,69,17,34.5
Sandy Nelson,1959-09-07,1959,1964-11-21,5.2,9,2,0,68,4,7.6
Dickie Goodman,1961-02-20,1961,1977-03-12,16.1,12,1,0,68,4,5.7
Timi Yuro,1961-07-24,1961,1965-02-27,3.6,11,1,0,68,4,6.2
Chris Montez,1962-08-04,1962,1967-04-01,4.7,7,1,0,68,4,9.7
The Honey Cone,1969-06-28,1969,1972-08-19,3.1,7,1,1,68,1,9.7
Kris Kristofferson,1971-08-21,1971,1977-06-25,5.8,5,0,0,68,16,13.6
Michael Damian,1981-05-30,1981,1991-07-27,10.2,5,1,1,68,1,13.6
Naked Eyes,1983-03-12,1983,1984-10-27,1.6,4,1,0,68,8,17
Martika,1988-12-24,1988,1992-01-11,3.0,5,2,1,68,1,13.6
Nirvana,1991-12-07,1991,2022-03-26,30.3,5,1,0,68,6,13.6
Diana King,1995-04-01,1995,1998-02-28,2.9,4,0,0,68,13,17
Fuel,1998-09-12,1998,2004-05-08,5.7,4,0,0,68,30,17
Petey Pablo,2001-08-11,2001,2007-02-10,5.5,4,1,0,68,7,17
Emerson Drive,2002-03-16,2002,2007-08-18,5.4,4,0,0,68,34,17
Chris Lane,2016-06-18,2016,2021-02-27,4.7,5,0,0,68,39,13.6
The Four Preps,1958-08-04,1958,1964-04-04,5.7,10,0,0,67,13,6.7
Skeeter Davis,1960-08-22,1960,1964-06-13,3.8,8,2,0,67,2,8.4
Billy Joe Royal,1965-07-03,1965,1978-06-24,13.0,9,1,0,67,9,7.4
The Friends Of Distinction,1969-04-05,1969,1971-02-20,1.9,6,2,0,67,3,11.2
Millie Jackson,1972-03-25,1972,1978-01-28,5.8,8,0,0,67,24,8.4
Donnie Iris,1980-12-13,1980,1985-03-30,4.3,7,0,0,67,25,9.6
Berlin,1983-03-05,1983,1986-11-22,3.7,7,1,1,67,1,9.6
Glass Tiger,1986-07-12,1986,1988-06-18,1.9,4,2,0,67,2,16.8
Run-D.M.C.,1986-07-26,1986,1993-07-10,7.0,5,1,0,67,4,13.4
Michel'le,1989-11-18,1989,1991-06-08,1.6,3,1,0,67,7,22.3
Jude Cole,1990-04-14,1990,1993-04-10,3.0,5,0,0,67,16,13.4
Cypress Hill,1992-02-15,1992,1998-11-28,6.8,6,0,0,67,19,11.2
Big Mountain,1993-04-10,1993,1996-03-09,2.9,4,1,0,67,6,16.8
Craig David,2001-06-09,2001,2002-10-05,1.3,3,1,0,67,10,22.3
blackbear,2017-05-13,2017,2020-07-11,3.2,2,0,0,67,11,33.5
Summer Walker,2019-09-07,2019,2025-11-29,6.2,23,0,0,67,16,2.9
The Allman Brothers Band,1971-01-09,1971,1981-10-17,10.8,10,1,0,66,2,6.6
Wet Willie,1974-05-25,1974,1979-08-11,5.2,8,1,0,66,10,8.2
Orleans,1975-04-26,1975,1979-06-30,4.2,5,2,0,66,5,13.2
Al Stewart,1976-12-11,1976,1980-11-22,3.9,5,2,0,66,7,13.2
Icehouse,1981-08-01,1981,1989-10-28,8.2,6,1,0,66,7,11
Fine Young Cannibals,1986-04-05,1986,1990-03-10,3.9,6,2,2,66,1,11
Luke,1990-07-21,1990,1998-08-08,8.0,4,0,0,66,20,16.5
Tori Amos,1994-02-19,1994,1999-09-18,5.6,6,0,0,66,49,11
Gerald Levert,1994-08-06,1994,2000-09-16,6.1,6,0,0,66,11,11
Marques Houston,2003-03-08,2003,2007-04-14,4.1,6,0,0,66,39,11
Iyaz,2009-09-05,2009,2011-10-22,2.1,3,1,0,66,2,22
Major Lazer,2013-06-29,2013,2017-09-09,4.2,6,1,0,66,2,11
The Flamingos,1959-01-19,1959,1966-03-26,7.2,10,0,0,65,11,6.5
Nancy Wilson,1963-08-24,1963,1971-01-16,7.4,9,0,0,65,11,7.2
The New Seekers,1970-09-05,1970,1973-05-19,2.7,9,1,0,65,7,7.2
The Trammps,1972-07-08,1972,1978-07-01,6.0,4,0,0,65,11,16.2
John Fogerty,1975-09-06,1975,1986-09-27,11.1,7,1,0,65,10,9.3
Climax Blues Band,1977-02-19,1977,1981-08-22,4.5,4,1,0,65,3,16.2
Young M.C.,1989-07-29,1989,1991-09-14,2.1,4,1,0,65,7,16.2
MC Lyte,1992-03-07,1992,1997-04-12,5.1,4,1,0,65,10,16.2
Everything But The Girl,1995-08-12,1995,1996-08-24,1.0,2,1,0,65,2,32.5
Daft Punk,1997-08-30,1997,2013-11-16,16.2,3,1,0,65,2,21.7
B2K,2002-01-05,2002,2004-02-07,2.1,5,0,0,65,30,13
Vanessa Carlton,2002-03-02,2002,2004-11-20,2.7,3,1,0,65,5,21.7
Jet,2003-12-20,2003,2005-06-11,1.5,3,0,0,65,29,21.7
Jessie J,2011-02-19,2011,2015-07-18,4.4,5,1,0,65,6,13
Darlene Love,1963-04-06,1963,2026-01-03,62.7,6,0,0,64,14,10.7
Aaron Neville,1966-12-03,1966,1995-07-29,28.7,6,2,0,64,2,10.7
Jefferson Airplane,1967-04-01,1967,1972-01-22,4.8,8,2,0,64,5,8
Chilliwack,1972-02-05,1972,1983-01-15,10.9,7,0,0,64,22,9.1
Brownsville Station,1972-12-23,1972,1977-10-01,4.8,7,1,0,64,3,9.1
Heatwave,1977-07-23,1977,1978-08-26,1.1,3,2,0,64,2,21.3
Peter Brown,1977-09-17,1977,1980-02-02,2.4,5,1,0,64,8,12.8
Kim Wilde,1982-05-22,1982,1988-11-19,6.5,5,1,1,64,1,12.8
Michael McDonald,1982-08-07,1982,1990-06-16,7.9,5,2,0,64,4,12.8
Lou Gramm,1987-01-31,1987,1990-04-28,3.2,4,2,0,64,5,16
SaFire,1988-09-24,1988,1991-04-06,2.5,5,0,0,64,12,12.8
Del Amitri,1990-05-19,1990,1996-03-09,5.8,3,1,0,64,10,21.3
Michael W. Smith,1991-05-04,1991,1998-05-23,7.1,5,1,0,64,6,12.8
The Cranberries,1993-10-23,1993,1997-04-05,3.4,3,1,0,64,8,21.3
Le Click,1995-07-22,1995,1998-02-07,2.5,3,0,0,64,35,21.3
Edwin McCain,1995-10-07,1995,1999-11-06,4.1,3,1,0,64,5,21.3
Christina Milian,2001-08-25,2001,2006-07-08,4.9,4,1,0,64,5,16
Kevin Rudolf,2008-09-13,2008,2010-07-03,1.8,3,1,0,64,5,21.3
ScHoolboy Q,2013-11-02,2013,2019-05-11,5.5,6,0,0,64,38,10.7
Bazzi,2018-02-03,2018,2019-06-08,1.3,3,0,0,64,11,21.3
The Browns,1959-07-27,1959,1961-04-17,1.7,7,2,1,63,1,9
Johnny Crawford,1961-06-12,1961,1964-01-25,2.6,8,1,0,63,8,7.9
Ohio Express,1967-10-07,1967,1969-09-13,1.9,9,1,0,63,4,7
Chairman Of The Board,1970-01-17,1970,1973-08-04,3.5,6,1,0,63,3,10.5
Badfinger,1970-02-07,1970,1981-04-18,11.2,6,3,0,63,4,10.5
Freda Payne,1970-04-25,1970,1972-01-15,1.7,6,1,0,63,3,10.5
April Wine,1972-03-25,1972,1984-03-17,12.0,7,0,0,63,21,9
Ashford & Simpson,1974-01-19,1974,1986-10-18,12.7,6,0,0,63,12,10.5
Gene Cotton,1974-11-16,1974,1982-05-01,7.5,7,0,0,63,23,9
Bob Welch,1977-10-15,1977,1979-06-09,1.6,5,1,0,63,8,12.6
Al Jarreau,1981-08-01,1981,1987-08-22,6.1,5,0,0,63,15,12.6
The Time,1982-01-30,1982,1990-10-06,8.7,5,1,0,63,9,12.6
A Flock Of Seagulls,1982-07-10,1982,1984-10-06,2.2,4,1,0,63,9,15.8
Az Yet,1996-08-24,1996,1997-10-11,1.1,2,2,0,63,8,31.5
Aaron Tippin,1998-10-10,1998,2002-03-02,3.4,4,0,0,63,20,15.8
Lil Bow Wow,2000-08-19,2000,2002-05-25,1.8,6,0,0,63,20,10.5
Trapt,2003-04-05,2003,2004-03-27,1.0,2,0,0,63,16,31.5
The Kid LAROI & Justin Bieber,2021-07-24,2021,2022-10-01,1.2,1,1,1,63,1,63
Johnny Preston,1959-10-12,1959,1961-12-25,2.2,5,2,1,62,1,12.4
Ruby And The Romantics,1963-02-09,1963,1965-03-06,2.1,8,1,1,62,1,7.8
Deep Purple,1968-08-17,1968,1985-02-16,16.5,8,2,0,62,4,7.8
Mike Post,1975-05-17,1975,1982-05-29,7.0,4,2,0,62,10,15.5
Peabo Bryson,1982-01-09,1982,1991-09-28,9.7,5,1,0,62,10,12.4
Cameo,1984-04-07,1984,1988-12-03,4.7,5,1,0,62,6,12.4
New Order,1987-10-24,1987,1995-07-29,7.8,6,0,0,62,28,10.3
Quad City DJ's,1996-03-16,1996,1997-05-03,1.1,2,1,0,62,3,31
Case,1996-05-11,1996,2001-07-07,5.2,3,1,0,62,4,20.7
Gorillaz,2001-08-25,2001,2018-06-16,16.8,4,0,0,62,14,15.5
Hinder,2006-07-29,2006,2009-01-31,2.5,3,1,0,62,3,20.7
Diddy,2006-09-16,2006,2007-06-30,0.8,3,2,0,62,9,20.7
David Nail,2009-10-10,2009,2016-08-06,6.8,4,0,0,62,35,15.5
Waka Flocka Flame,2010-02-27,2010,2012-06-23,2.3,6,0,0,62,13,10.3
Eydie Gorme,1958-08-04,1958,1970-02-14,11.5,9,1,0,61,7,6.8
Ritchie Valens,1958-09-22,1958,1959-07-20,0.8,5,1,0,61,2,12.2
Jimmy Ruffin,1966-08-20,1966,1980-05-31,13.8,7,2,0,61,7,8.7
The Band,1968-08-31,1968,1976-04-10,7.6,8,0,0,61,25,7.6
Pink Floyd,1973-05-19,1973,1994-07-30,21.2,5,1,1,61,1,12.2
Ozark Mountain Daredevils,1974-04-20,1974,1980-06-21,6.2,5,1,0,61,3,12.2
A Taste Of Honey,1978-06-24,1978,1982-05-15,3.9,4,2,1,61,1,15.2
Eric Clapton And His Band,1978-10-14,1978,1981-06-20,2.7,5,2,0,61,9,12.2
The Knack,1979-06-23,1979,1994-05-07,14.9,6,1,1,61,1,10.2
The Clash,1980-03-22,1980,1983-04-23,3.1,3,1,0,61,8,20.3
Dead Or Alive,1985-06-01,1985,1989-08-19,4.2,5,0,0,61,11,12.2
Nu Shooz,1986-03-08,1986,1988-07-30,2.4,3,1,0,61,3,20.3
Collin Raye,1995-09-16,1995,2000-07-29,4.9,4,0,0,61,37,15.2
Sister Hazel,1997-07-12,1997,2000-11-25,3.4,2,0,0,61,11,30.5
Lauryn Hill,1998-11-14,1998,1999-10-16,0.9,3,1,1,61,1,20.3
LFO,1999-07-17,1999,2001-12-22,2.4,5,2,0,61,3,12.2
Jamie O'Neal,2000-12-23,2000,2005-11-19,4.9,4,0,0,61,35,15.2
David Banner,2003-04-26,2003,2008-10-11,5.5,3,1,0,61,7,20.3
Pretty Ricky,2005-04-16,2005,2007-05-19,2.1,3,1,0,61,7,20.3
WALK THE MOON,2014-11-22,2014,2018-03-03,3.3,2,1,0,61,4,30.5
Tory Lanez,2015-11-07,2015,2023-03-11,7.3,8,0,0,61,19,7.6
Dickey Lee,1962-08-25,1962,1977-01-22,14.4,6,1,0,60,6,10
Frankie Laine,1963-05-11,1963,1969-06-28,6.1,9,0,0,60,24,6.7
Mel Carter,1963-07-06,1963,1966-10-29,3.3,7,1,0,60,8,8.6
Mitch Ryder And The Detroit Wheels,1965-12-11,1965,1967-06-03,1.5,7,3,0,60,4,8.6
Spanky And Our Gang,1967-05-20,1967,1969-06-21,2.1,9,1,0,60,9,6.7
Shannon,1969-07-12,1969,1985-07-13,16.0,4,1,0,60,8,15
Manfred Mann's Earth Band,1972-02-26,1972,1984-04-28,12.2,5,1,1,60,1,12
Bloodstone,1973-04-21,1973,1975-05-10,2.1,5,1,0,60,10,12
Love Unlimited Orchestra,1973-12-01,1973,1977-03-05,3.3,5,1,1,60,1,12
Art Garfunkel,1975-08-23,1975,1981-10-03,6.1,5,0,0,60,17,12
Dan Hill,1976-01-24,1976,1988-04-23,12.2,5,1,0,60,3,12
Greg Kihn Band,1981-05-23,1981,1983-07-09,2.1,5,1,0,60,2,12
TKA,1986-06-07,1986,1992-08-01,6.2,6,0,0,60,44,10
Stacey Q,1986-07-12,1986,1988-04-16,1.8,4,1,0,60,3,15
Enya,1989-01-21,1989,2013-12-07,24.9,4,1,0,60,10,15
Clint Black,1993-06-12,1993,2000-07-01,7.1,4,0,0,60,31,15
Nu Flavor,1997-04-19,1997,2000-07-29,3.3,4,0,0,60,27,15
Cam'Ron,1998-07-18,1998,2005-02-19,6.6,4,2,0,60,3,15
Counting Crows,1999-11-06,1999,2004-11-06,5.0,3,0,0,60,28,20
Mystikal,2000-08-12,2000,2002-04-27,1.7,3,0,0,60,13,20
Disturbed,2002-09-28,2002,2016-07-23,13.8,6,0,0,60,42,10
Lloyd Banks,2004-05-15,2004,2010-06-26,6.1,4,1,0,60,8,15
Josh Gracin,2004-07-03,2004,2008-08-09,4.1,4,0,0,60,39,15
KT Tunstall,2006-03-25,2006,2007-03-10,1.0,2,0,0,60,20,30
Gotye,2012-01-21,2012,2013-03-02,1.1,2,1,1,60,1,30
Desiigner,2016-03-12,2016,2016-12-24,0.8,2,1,1,60,1,30
H.E.R.,2018-04-14,2018,2022-01-15,3.8,5,0,0,60,43,12
Tyler Hubbard,2022-06-25,2022,2025-08-16,3.1,4,0,0,60,22,15
Lady Gaga & Bruno Mars,2024-08-31,2024,2025-10-18,1.1,1,1,1,60,1,60
The Marias,2024-10-12,2024,2026-02-14,1.3,3,0,0,60,22,20
Joan Baez,1963-11-09,1963,1975-11-29,12.1,8,1,0,59,3,7.4
James & Bobby Purify,1966-09-24,1966,1968-09-14,2.0,8,1,0,59,6,7.4
Golden Earring,1974-05-11,1974,1984-04-14,9.9,5,1,0,59,10,11.8
B.T. Express,1974-09-28,1974,1976-06-26,1.7,5,2,0,59,2,11.8
The Marshall Tucker Band,1975-04-26,1975,1980-05-10,5.0,7,0,0,59,14,8.4
Mobb Deep,1995-02-25,1995,2004-08-28,9.5,5,0,0,59,58,11.8
Various Artists,1995-04-22,1995,2005-03-05,9.9,4,0,0,59,22,14.8
Sixpence None The Richer,1998-11-28,1998,2003-04-26,4.4,3,1,0,59,2,19.7
Tank,2001-03-17,2001,2018-05-26,17.2,3,0,0,59,38,19.7
Cobra Starship,2009-05-30,2009,2012-02-11,2.7,3,2,0,59,7,19.7
Maddie & Tae,2014-08-16,2014,2020-10-10,6.2,3,0,0,59,22,19.7
Michael Ray,2015-06-13,2015,2022-02-26,6.7,4,0,0,59,37,14.8
GloRilla,2024-02-24,2024,2025-09-27,1.6,4,0,0,59,22,17
Lloyd Price,1958-12-08,1958,1964-01-25,5.1,5,2,1,58,1,11.6
Bobby Bare,1962-07-21,1962,1974-02-23,11.6,7,1,0,58,10,8.3
The McCoys,1965-08-14,1965,1968-11-02,3.2,9,2,1,58,1,6.4
Detroit Emeralds,1968-03-30,1968,1977-06-11,9.2,6,0,0,58,24,9.7
Mark Lindsay,1969-07-26,1969,1971-10-30,2.3,8,1,0,58,10,7.2
Stephen Stills,1970-12-12,1970,1984-11-10,13.9,8,0,0,58,14,7.2
Chris de Burgh,1983-04-30,1983,1987-08-08,4.3,4,1,0,58,3,14.5
Jermaine Stewart,1985-02-02,1985,1988-06-04,3.3,4,1,0,58,5,14.5
Ready For The World,1985-08-03,1985,1987-04-04,1.7,3,2,1,58,1,19.3
Neneh Cherry,1989-04-01,1989,1993-06-12,4.2,4,2,0,58,3,14.5
The 2 Live Crew,1989-09-09,1989,1996-11-16,7.2,3,0,0,58,26,19.3
Inner Circle,1993-05-01,1993,1998-09-05,5.3,5,1,0,58,8,11.6
Queen Latifah,1993-11-27,1993,1998-10-17,4.9,5,0,0,58,23,11.6
Westside Connection,1996-09-28,1996,2004-04-03,7.5,3,0,0,58,21,19.3
Big Punisher,1997-11-01,1997,2000-07-29,2.7,3,0,0,58,24,19.3
Mac Miller,2011-06-11,2011,2026-08-22,15.2,26,0,0,58,17,2.2
Tyler Farr,2013-06-15,2013,2015-05-30,2.0,3,0,0,58,29,19.3
KATSEYE,2025-05-17,2025,2026-08-22,1.3,5,0,0,58,21,11.6
Joni James,1958-09-15,1958,1961-01-30,2.4,6,0,0,57,19,9.5
The Skyliners,1959-02-16,1959,1965-08-14,6.5,5,0,0,57,12,11.4
Richard Chamberlain,1962-06-02,1962,1964-12-05,2.5,8,1,0,57,10,7.1
The Originals,1969-09-27,1969,1976-12-18,7.2,5,0,0,57,12,11.4
The Raiders,1970-02-21,1970,1973-03-03,3.0,7,1,1,57,1,8.1
Dave Mason,1970-08-01,1970,1980-07-26,10.0,7,0,0,57,12,8.1
Redbone,1970-12-05,1970,1974-06-15,3.5,3,1,0,57,5,19
Steve Miller,1976-05-08,1976,1985-03-02,8.8,4,2,1,57,1,14.2
Sergio Mendes,1983-04-16,1983,1984-09-29,1.5,4,1,0,57,4,14.2
Katrina And The Waves,1985-03-23,1985,1989-10-07,4.5,5,1,0,57,9,11.4
El DeBarge,1985-08-31,1985,1987-02-21,1.5,5,1,0,57,3,11.4
Patty Smyth,1987-02-28,1987,1993-07-10,6.4,5,1,0,57,2,11.4
Henry Lee Summer,1988-02-13,1988,1991-10-12,3.7,5,0,0,57,18,11.4
George LaMond,1990-05-12,1990,1993-01-16,2.7,4,0,0,57,25,14.2
The Rembrandts,1991-02-09,1991,1996-02-10,5.0,4,0,0,57,14,14.2
Marky Mark & The Funky Bunch,1991-07-20,1991,1992-11-28,1.4,4,2,1,57,1,14.2
Ty Herndon,1995-05-20,1995,2000-05-20,5.0,6,0,0,57,38,9.5
Unk,2006-09-23,2006,2007-07-14,0.8,2,1,0,57,10,28.5
Shawn Mendes & Camila Cabello,2015-12-05,2015,2020-03-14,4.3,2,1,1,57,1,28.5
Lukas Graham,2016-02-06,2016,2019-03-16,3.1,3,1,0,57,2,19
Rema & Selena Gomez,2022-09-17,2022,2023-10-14,1.1,1,1,0,57,3,57
Tyla,2023-10-14,2023,2026-05-09,2.6,4,1,0,57,7,14.2
Peggy Lee,1958-08-04,1958,1969-11-29,11.3,9,1,0,56,8,6.2
The Fireballs,1960-01-11,1960,1969-04-05,9.2,7,1,0,56,9,8
The Angels,1961-10-16,1961,1964-02-29,2.4,6,1,1,56,1,9.3
Joey Dee & the Starliters,1961-11-20,1961,1963-06-08,1.5,6,2,1,56,1,9.3
The Newbeats,1964-08-15,1964,1970-01-17,5.4,7,1,0,56,2,8
Leon Haywood,1967-08-12,1967,1980-06-14,12.8,7,0,0,56,15,8
Classics IV,1967-12-23,1967,1969-07-12,1.6,5,3,0,56,2,11.2
Ronnie Dyson,1970-06-20,1970,1976-10-16,6.3,6,1,0,56,8,9.3
Neil Young,1970-10-24,1970,1983-03-05,12.4,7,1,1,56,1,8
Maureen McGovern,1973-06-23,1973,1979-10-20,6.3,6,1,1,56,1,9.3
Maxine Nightingale,1976-02-14,1976,1979-12-01,3.8,4,2,0,56,2,14
Kenny Nolan,1976-11-06,1976,1980-03-22,3.4,4,1,0,56,3,14
Ray Parker Jr. & Raydio,1980-04-19,1980,1981-10-17,1.5,3,1,0,56,4,18.7
Peter Wolf,1984-07-14,1984,1990-04-07,5.7,6,0,0,56,12,9.3
Mick Jagger,1985-02-09,1985,1993-03-13,8.1,6,0,0,56,12,9.3
Cutting Crew,1987-03-07,1987,1989-06-10,2.3,4,2,1,56,1,14
K7,1993-09-04,1993,1995-06-24,1.8,3,0,0,56,18,18.7
E-40,1994-07-16,1994,2006-11-11,12.3,4,0,0,56,13,14
Fun Factory,1995-03-18,1995,1996-11-23,1.7,4,0,0,56,45,14
Better Than Ezra,1995-07-01,1995,1999-04-03,3.8,4,0,0,56,30,14
Groove Theory,1995-08-26,1995,1996-10-12,1.1,3,1,0,56,5,18.7
Donna Lewis,1996-06-22,1996,1997-03-29,0.8,2,1,0,56,2,28
Angie Stone,1999-12-25,1999,2002-07-27,2.6,3,0,0,56,52,18.7
Mims,2007-02-03,2007,2009-05-02,2.2,3,1,1,56,1,18.7
DNCE,2015-11-07,2015,2016-09-17,0.9,2,1,0,56,9,28
Giveon,2021-02-27,2021,2025-03-15,4.0,4,0,0,56,16,14
Bobby Freeman,1958-08-04,1958,1964-12-05,6.3,9,1,0,55,5,6.1
Earl Grant,1958-09-15,1958,1965-12-11,7.2,6,1,0,55,7,9.2
Sonny James,1958-09-22,1958,1971-07-31,12.9,15,0,0,55,65,3.7
Connie Stevens,1960-02-01,1960,1965-06-05,5.3,5,1,0,55,3,11
Johnny Burnette,1960-07-25,1960,1961-12-11,1.4,5,1,0,55,8,11
Betty Everett,1963-11-23,1963,1971-01-16,7.1,8,1,0,55,6,6.9
Ramsey Lewis,1966-07-09,1966,1976-02-14,9.6,10,0,0,55,19,5.5
Cream,1968-01-13,1968,1969-05-03,1.3,5,2,0,55,5,11
Charley Pride,1969-08-23,1969,1974-12-07,5.3,10,0,0,55,21,5.5
Jethro Tull,1971-08-14,1971,1977-05-14,5.7,7,0,0,55,11,7.9
John Parr,1984-12-15,1984,1987-01-17,2.1,5,1,1,55,1,11
The Party,1990-07-21,1990,1992-03-14,1.6,4,0,0,55,34,13.8
Aaron Hall,1992-03-14,1992,1999-01-30,6.9,3,0,0,55,14,18.3
Scarface,1993-08-07,1993,2002-07-06,8.9,5,0,0,55,12,11
Lisa Loeb & Nine Stories,1994-05-07,1994,1996-08-17,2.3,3,1,1,55,1,18.3
Des'ree,1994-09-03,1994,1995-07-01,0.8,2,1,0,55,5,27.5
Duncan Sheik,1996-11-30,1996,1997-12-13,1.0,1,0,0,55,16,55
Jimmy Wayne,2003-04-26,2003,2008-12-13,5.6,3,0,0,55,32,18.3
Yung Joc,2006-04-15,2006,2007-09-15,1.4,4,1,0,55,3,13.8
The Wanted,2012-01-28,2012,2013-08-31,1.6,4,1,0,55,3,13.8
Frankie Ballard,2013-12-21,2013,2015-09-19,1.7,3,0,0,55,51,18.3
Pooh Shiesty,2021-01-16,2021,2026-08-22,5.6,8,0,0,55,12,6.9
Steve Lacy,2022-07-16,2022,2026-08-22,4.1,6,1,1,55,1,9.2
Jimmy Reed,1958-08-11,1958,1963-06-15,4.8,10,0,0,54,37,5.4
David Seville And The Chipmunks,1959-02-16,1959,1962-12-29,3.9,6,1,0,54,3,9
Barbara Lynn,1962-06-16,1962,1968-02-24,5.7,9,1,0,54,8,6
Shirley Ellis,1963-11-16,1963,1967-04-01,3.4,6,3,0,54,3,9
Billy J. Kramer,1964-04-18,1964,1965-08-07,1.3,6,2,0,54,7,9
Bobbie Gentry,1967-08-05,1967,1976-08-21,9.0,7,1,1,54,1,7.7
Cornelius Brothers & Sister Rose,1971-04-10,1971,1973-05-05,2.1,5,2,0,54,2,10.8
Chuck Mangione,1971-07-03,1971,1980-05-03,8.8,5,1,0,54,4,10.8
David Cassidy,1971-11-06,1971,1991-01-05,19.2,5,1,0,54,9,10.8
L.T.D.,1976-10-02,1976,1981-02-28,4.4,5,0,0,54,20,10.8
Mary Macgregor,1976-11-20,1976,1980-06-07,3.5,6,1,1,54,1,9
Michael Stanley Band,1980-11-22,1980,1984-01-21,3.2,7,0,0,54,33,7.7
James Ingram,1983-12-10,1983,1991-01-26,7.1,3,1,1,54,1,18
a-ha,1985-07-13,1985,1987-03-28,1.7,3,1,1,54,1,18
Swing Out Sister,1987-08-15,1987,1992-11-28,5.3,4,1,0,54,6,13.5
Lisette Melendez,1991-02-02,1991,1994-03-19,3.1,3,0,0,54,35,18
2 Unlimited,1992-06-13,1992,1995-05-06,2.9,2,0,0,54,38,27
Jocelyn Enriquez,1994-04-02,1994,1997-08-16,3.4,3,0,0,54,49,18
Method Man,1994-11-12,1994,1999-03-06,4.3,5,1,0,54,3,10.8
Kelis,1999-12-04,1999,2006-09-30,6.8,3,1,0,54,3,18
Blu Cantrell,2001-05-05,2001,2003-09-13,2.4,2,1,0,54,2,27
Big Tymers,2002-04-13,2002,2004-02-21,1.9,4,0,0,54,11,13.5
Clipse,2002-05-25,2002,2025-08-02,23.2,9,0,0,54,19,6
Amerie,2002-06-08,2002,2005-06-25,3.0,3,1,0,54,8,18
Chamillionaire,2005-11-05,2005,2009-11-14,4.0,3,1,1,54,1,18
Jennifer Hudson,2007-01-13,2007,2011-04-30,4.3,5,0,0,54,24,10.8
Sage The Gemini,2013-08-03,2013,2017-02-25,3.6,4,0,0,54,29,13.5
Rich Homie Quan,2013-08-03,2013,2015-11-07,2.3,3,0,0,54,26,18
Bastille,2013-08-31,2013,2014-08-30,1.0,2,1,0,54,5,27
Lil Baby & Gunna,2018-09-29,2018,2020-05-16,1.6,7,1,0,54,4,7.7
Machine Gun Kelly X blackbear,2020-08-22,2020,2022-04-16,1.6,2,0,0,54,20,27
The Ames Brothers,1958-08-04,1958,1960-04-25,1.7,7,0,0,53,17,7.6
The Brothers Four,1960-02-22,1960,1965-11-20,5.7,7,1,0,53,2,7.6
The Duprees,1962-08-04,1962,1965-07-31,3.0,8,1,0,53,7,6.6
The Moments,1963-01-12,1963,1971-01-16,8.0,7,1,0,53,3,7.6
The Three Degrees,1965-03-06,1965,1975-01-25,9.9,7,1,0,53,2,7.6
Betty Wright,1968-08-03,1968,1975-04-05,6.7,7,1,0,53,6,7.6
David Ruffin,1969-02-15,1969,1976-08-07,7.5,6,2,0,53,9,8.8
Luther Ingram,1970-01-10,1970,1973-05-05,3.3,7,1,0,53,3,7.6
Gallery,1972-02-26,1972,1973-04-07,1.1,3,1,0,53,4,17.7
'Til Tuesday,1985-04-13,1985,1989-02-04,3.8,5,1,0,53,8,10.6
Level 42,1986-02-15,1986,1987-08-29,1.5,4,1,0,53,7,13.2
Slaughter,1990-04-28,1990,1992-10-10,2.5,4,0,0,53,19,13.2
Switchfoot,2004-04-03,2004,2005-11-19,1.6,3,0,0,53,17,17.7
Cherish,2006-05-20,2006,2008-05-31,2.0,3,0,0,53,12,17.7
Snow Patrol,2006-06-03,2006,2012-01-28,5.7,4,1,0,53,5,13.2
Hannah Montana,2006-08-05,2006,2010-11-06,4.3,20,1,0,53,10,2.6
Jay Z,2013-07-27,2013,2014-06-14,0.9,4,1,0,53,4,13.2
Post Malone & Swae Lee,2018-11-03,2018,2019-11-02,1.0,1,1,1,53,1,53
24kGoldn,2019-11-23,2019,2021-08-14,1.7,2,1,1,53,1,26.5
RAYE,2022-12-17,2022,2026-05-02,3.4,2,0,0,53,11,26.5
Della Reese,1959-01-05,1959,1966-09-17,7.7,9,1,0,52,2,5.8
"Carl Dobkins, Jr.",1959-04-13,1959,1960-07-04,1.2,4,1,0,52,3,13
The Highwaymen,1961-07-10,1961,1962-08-18,1.1,5,1,1,52,1,10.4
Paul Petersen,1962-03-03,1962,1964-01-11,1.9,6,1,0,52,6,8.7
Manfred Mann,1964-09-05,1964,1969-01-25,4.4,6,2,1,52,1,8.7
Arthur Conley,1967-03-11,1967,1969-02-08,1.9,7,1,0,52,2,7.4
Vikki Carr,1967-09-02,1967,1971-02-13,3.4,7,1,0,52,3,7.4
Dr. Hook And The Medicine Show,1972-04-01,1972,1973-11-10,1.6,5,2,0,52,5,10.4
Tanya Tucker,1972-07-01,1972,1979-02-10,6.6,8,0,0,52,37,6.5
"Marilyn McCoo & Billy Davis, Jr.",1976-03-27,1976,1977-10-01,1.5,4,1,1,52,1,13
The Tubes,1976-07-04,1976,1985-03-16,8.7,6,1,0,52,10,8.7
"Evelyn ""Champagne"" King",1978-06-17,1978,1986-02-01,7.6,5,1,0,52,9,10.4
The Romantics,1980-02-16,1980,1985-10-05,5.6,4,1,0,52,3,13
Vixen,1988-09-17,1988,1990-12-15,2.2,4,0,0,52,22,13
Timmy T.,1990-03-10,1990,1991-06-15,1.3,4,1,1,52,1,13
Lords Of The Underground,1993-03-27,1993,1995-02-04,1.9,4,0,0,52,55,13
Robin S.,1993-04-03,1993,1997-06-14,4.2,3,1,0,52,5,17.3
Erick Sermon,1993-10-02,1993,2003-02-01,9.3,4,0,0,52,22,13
Joshua Kadison,1993-10-09,1993,1995-01-07,1.2,3,0,0,52,19,17.3
Max-A-Million,1995-02-04,1995,1996-03-16,1.1,3,0,0,52,60,17.3
Robyn,1997-05-31,1997,1998-04-25,0.9,2,2,0,52,7,26
Randy Travis,1998-04-25,1998,2003-08-16,5.3,5,0,0,52,31,10.4
Chad Brock,1999-02-20,1999,2000-08-19,1.5,4,0,0,52,22,13
City High,2001-03-24,2001,2002-03-23,1.0,2,1,0,52,8,26
Chevelle,2002-11-30,2002,2005-02-05,2.2,3,0,0,52,56,17.3
Ryan Cabrera,2004-07-31,2004,2005-11-12,1.3,3,0,0,52,15,17.3
James Arthur,2016-11-12,2016,2017-11-04,1.0,1,0,0,52,11,52
"benny blanco, Halsey & Khalid",2018-07-28,2018,2019-07-20,1.0,1,1,0,52,9,52
Marshmello & Bastille,2018-09-01,2018,2019-08-24,1.0,1,1,0,52,2,52
Gene Autry,2018-12-15,2018,2026-01-03,7.1,2,0,0,52,16,26
Marshmello & Kane Brown,2019-07-06,2019,2024-11-30,5.4,2,0,0,52,15,26
Chris Brown & Young Thug,2020-05-23,2020,2021-05-15,1.0,1,1,0,52,3,52
Elton John & Dua Lipa,2021-08-28,2021,2022-09-10,1.0,1,1,0,52,7,52
Leon Thomas,2025-02-08,2025,2026-02-14,1.0,1,1,0,52,6,52
Sienna Spiro,2026-01-03,2026,2026-08-22,0.6,4,0,0,52,19,13
The Playmates,1958-08-04,1958,1962-07-21,4.0,8,1,0,51,4,6.4
Bing Crosby,1958-12-22,1958,2026-01-03,67.0,7,0,0,51,12,7.3
Sarah Vaughan,1959-05-04,1959,1966-05-07,7.0,7,1,0,51,7,7.3
Laura Lee,1967-09-23,1967,1972-11-18,5.2,8,0,0,51,36,6.4
Gary Puckett And The Union Gap,1968-06-08,1968,1970-04-18,1.9,5,3,0,51,2,10.2
Thelma Houston,1970-01-31,1970,1979-06-16,9.4,4,1,1,51,1,12.8
Murray Head,1970-01-31,1970,1985-07-06,15.4,2,1,0,51,3,25.5
Slade,1972-09-30,1972,1985-05-18,12.6,7,0,0,51,20,7.3
Michael Johnson,1978-04-22,1978,1980-09-06,2.4,4,0,0,51,12,12.8
Kate Bush,1979-02-17,1979,2026-01-17,46.9,4,1,0,51,3,12.8
Triumph,1979-06-16,1979,1986-12-06,7.5,6,0,0,51,27,8.5
Matthew Wilder,1983-09-17,1983,1984-11-17,1.2,3,1,0,51,5,17
Restless Heart,1987-04-11,1987,1993-06-19,6.2,3,0,0,51,11,17
Alexander O'Neal,1987-07-25,1987,1991-05-04,3.8,4,0,0,51,25,12.8
Black Box,1990-08-04,1990,1991-08-03,1.0,3,2,0,51,8,17
Soul For Real,1995-01-07,1995,1995-10-28,0.8,2,1,0,51,2,25.5
Ol' Dirty Bastard,1995-02-25,1995,2000-03-04,5.0,3,0,0,51,33,17
Carl Thomas,2000-03-25,2000,2001-04-07,1.0,3,0,0,51,20,17
Hilary Duff,2003-08-16,2003,2015-07-04,11.9,7,0,0,51,24,7.3
Silento,2015-03-14,2015,2016-02-27,1.0,1,1,0,51,3,51
Rachel Platten,2015-05-02,2015,2016-04-16,1.0,2,1,0,51,6,25.5
Daya,2015-10-03,2015,2016-11-26,1.1,2,0,0,51,23,25.5
Luis Fonsi & Daddy Yankee,2017-02-04,2017,2018-01-20,1.0,1,1,1,51,1,51
Bebe Rexha & Florida Georgia Line,2017-11-11,2017,2018-10-27,1.0,1,1,0,51,2,51
Trippie Redd,2017-12-30,2017,2021-09-11,3.7,23,0,0,51,46,2.2
Khalid & Normani,2018-03-03,2018,2019-02-16,1.0,1,1,0,51,9,51
"Cardi B, Bad Bunny & J Balvin",2018-04-21,2018,2019-04-06,1.0,1,1,1,51,1,51
Dominic Fike,2023-08-26,2023,2026-08-22,3.0,4,0,0,51,16,12.8
Ral Donner,1961-04-17,1961,1962-05-05,1.0,5,1,0,50,4,10
The Fortunes,1965-08-21,1965,1971-10-30,6.2,6,1,0,50,7,8.3
Sandy Posey,1966-07-23,1966,1967-11-18,1.3,5,0,0,50,12,10
Martha Reeves & The Vandellas,1967-11-18,1967,1971-11-20,4.0,8,0,0,50,11,6.2
Tammy Wynette,1968-06-22,1968,1976-05-29,7.9,10,0,0,50,19,5
AWB,1974-12-07,1974,1979-04-28,4.4,5,2,1,50,1,10
Bonnie Pointer,1978-11-18,1978,1980-03-15,1.3,3,0,0,50,11,16.7
The Gap Band,1981-02-28,1981,1983-04-30,2.2,5,0,0,50,24,10
Ratt,1984-06-16,1984,1989-02-18,4.7,6,0,0,50,12,8.3
Jack Wagner,1984-10-20,1984,1987-06-13,2.6,4,1,0,50,2,12.5
Tone-Loc,1988-12-03,1988,1992-01-25,3.1,3,2,0,50,2,16.7
Extreme,1991-03-23,1991,1993-03-06,2.0,4,2,1,50,1,12.5
A Tribe Called Quest,1992-06-06,1992,2016-12-03,24.5,5,0,0,50,47,10
Solo,1995-08-12,1995,1998-11-28,3.3,3,0,0,50,42,16.7
Angelina,1996-03-23,1996,1997-09-06,1.5,4,0,0,50,52,12.5
Bowling For Soup,2003-03-29,2003,2006-11-25,3.7,4,0,0,50,23,12.5
Keith Anderson,2005-06-04,2005,2008-11-01,3.4,3,0,0,50,48,16.7
Ace Hood,2008-12-06,2008,2013-07-13,4.6,4,0,0,50,33,12.5
Muse,2009-08-22,2009,2013-04-20,3.7,3,0,0,50,37,16.7
Hot Chelle Rae,2011-04-30,2011,2012-03-03,0.8,2,1,0,50,7,25
Marshmello,2016-11-05,2016,2019-07-06,2.7,4,0,0,50,28,12.5
Carly Pearce,2017-08-19,2017,2024-07-06,6.9,4,0,0,50,37,12.5
The McGuire Sisters,1958-09-01,1958,1961-11-06,3.2,9,0,0,49,11,5.4
Addrisi Brothers,1959-06-01,1959,1979-09-29,20.3,6,0,0,49,20,8.2
Santo & Johnny,1959-07-27,1959,1964-02-29,4.6,6,1,1,49,1,8.2
Jimmy Smith,1962-03-03,1962,1968-04-13,6.1,11,0,0,49,51,4.5
Willie Mitchell,1964-08-29,1964,1969-03-01,4.5,9,0,0,49,23,5.4
The Five Americans,1966-01-01,1966,1968-02-03,2.1,6,1,0,49,5,8.2
Herbie Mann,1966-10-01,1966,1979-05-12,12.6,7,0,0,49,14,7
The Meters,1969-02-08,1969,1977-10-08,8.7,7,0,0,49,23,7
Andrew Gold,1976-01-03,1976,1978-08-05,2.6,4,1,0,49,7,12.2
Spandau Ballet,1983-08-06,1983,1984-10-13,1.2,4,1,0,49,4,12.2
Boy Meets Girl,1985-04-06,1985,1989-04-08,4.0,3,1,0,49,5,16.3
Vanilla Ice,1990-09-08,1990,1991-11-02,1.1,4,2,1,49,1,12.2
Corina,1991-05-18,1991,1997-08-23,6.3,3,1,0,49,6,16.3
The KLF,1991-06-22,1991,1992-05-30,0.9,3,1,0,49,5,16.3
Patra,1994-04-30,1994,1996-04-27,2.0,4,0,0,49,53,12.2
Live,1994-06-04,1994,2004-01-10,9.6,3,0,0,49,43,16.3
Hanson,1997-05-03,1997,2000-06-03,3.1,3,2,1,49,1,16.3
Blaque,1999-04-17,1999,2000-05-06,1.1,2,2,0,49,5,24.5
Lil' Mo,2000-08-12,2000,2003-08-02,3.0,3,0,0,49,11,16.3
Jimmy Eat World,2002-03-16,2002,2005-02-19,2.9,3,1,0,49,5,16.3
Paula DeAnda,2006-05-20,2006,2007-09-22,1.3,3,0,0,49,18,16.3
PSY,2012-09-22,2012,2022-05-14,9.6,5,2,0,49,2,9.8
Zayn,2016-02-20,2016,2020-10-10,4.6,7,1,1,49,1,7
Lil Tjay,2019-08-24,2019,2022-10-01,3.1,7,1,0,49,3,7
Bad Bunny & Jhay Cortez,2020-11-14,2020,2026-02-21,5.3,2,1,0,49,5,24.5
Teresa Brewer,1958-09-01,1958,1961-06-12,2.8,8,0,0,48,31,6
"Bobby ""Boris"" Pickett And The Crypt-Kickers",1962-09-08,1962,2025-11-15,63.2,2,1,1,48,1,24
The Zombies,1964-10-17,1964,1969-05-03,4.5,5,3,0,48,2,9.6
The New Colony Six,1968-03-30,1968,1972-01-01,3.8,6,0,0,48,22,8
"Crosby, Stills, Nash & Young",1970-03-28,1970,1989-03-25,19.0,5,0,0,48,11,9.6
Lynn Anderson,1970-11-28,1970,1975-01-18,4.1,6,1,0,48,3,8
Mickey Gilley,1974-06-08,1974,1981-09-26,7.3,4,0,0,48,22,12
T.G. Sheppard,1975-01-25,1975,1984-03-24,9.2,7,0,0,48,37,6.9
Dorothy Moore,1976-03-20,1976,1977-11-12,1.6,3,1,0,48,3,16
Starbuck,1976-04-17,1976,1978-11-04,2.5,5,1,0,48,3,9.6
Wild Cherry,1976-06-19,1976,1978-04-15,1.8,5,1,1,48,1,9.6
Blues Brothers,1978-12-09,1978,1981-02-28,2.2,4,0,0,48,14,12
Robbie Dupree,1980-04-12,1980,1981-07-04,1.2,3,1,0,48,6,16
Men Without Hats,1983-06-25,1983,1988-03-19,4.7,3,1,0,48,3,16
Tommy Page,1989-02-11,1989,1990-07-14,1.4,3,1,1,48,1,16
Guy,1989-05-06,1989,2000-02-26,10.8,4,0,0,48,19,12
Lil Suzy,1992-07-04,1992,1998-11-28,6.4,4,0,0,48,62,12
Tag Team,1993-05-29,1993,1994-04-02,0.8,2,1,0,48,2,24
Rappin' 4-Tay,1994-09-24,1994,1996-05-11,1.6,3,0,0,48,36,16
Dishwalla,1996-04-06,1996,1997-03-01,0.9,1,0,0,48,15,48
Kelly Price,1998-07-18,1998,2001-02-03,2.5,3,0,0,48,12,16
BBMak,2000-04-29,2000,2002-10-05,2.4,3,0,0,48,13,16
Dream,2000-09-30,2000,2001-09-22,1.0,2,1,0,48,2,24
Heather Headley,2002-10-26,2002,2006-05-27,3.6,3,0,0,48,55,16
Bobby Valentino,2005-03-05,2005,2007-08-11,2.4,3,1,0,48,8,16
Blue October,2006-04-29,2006,2007-05-05,1.0,2,0,0,48,31,24
CeeLo Green,2010-09-11,2010,2011-08-06,0.9,1,1,0,48,2,48
Of Monsters And Men,2012-04-21,2012,2013-05-04,1.0,1,0,0,48,20,48
Tiesto,2014-03-29,2014,2023-04-01,9.0,4,0,0,48,49,12
G-Eazy,2015-01-17,2015,2021-02-20,6.1,9,1,0,48,4,5.3
Major Lazer & DJ Snake,2015-04-25,2015,2016-03-19,0.9,1,1,0,48,4,48
David Guetta & Bebe Rexha,2022-09-10,2022,2023-08-05,0.9,1,1,0,48,4,48
The Belmonts,1961-05-22,1961,1963-05-04,1.9,6,0,0,47,18,7.8
The Dixie Cups,1964-05-02,1964,1965-06-05,1.1,5,1,1,47,1,9.4
Little Milton,1965-01-02,1965,1972-03-18,7.2,10,0,0,47,25,4.7
Dave Edmunds,1970-12-26,1970,1985-04-27,14.3,6,1,0,47,4,7.8
Parliament,1974-08-31,1974,1979-03-03,4.5,5,0,0,47,15,9.4
Andrea True Connection,1976-03-13,1976,1978-02-25,2.0,4,1,0,47,4,11.8
Franke & The Knockouts,1981-03-07,1981,1982-07-10,1.3,3,1,0,47,10,15.7
Tony Terry,1987-11-28,1987,1992-03-28,4.3,4,0,0,47,14,11.8
Linda Ronstadt (Featuring Aaron Neville),1989-09-30,1989,1990-06-16,0.7,3,1,0,47,2,15.7
Linear,1990-02-17,1990,1992-08-01,2.5,3,1,0,47,5,15.7
Enigma,1991-02-09,1991,1996-12-14,5.8,3,2,0,47,4,15.7
House Of Pain,1992-06-27,1992,1994-08-27,2.2,4,1,0,47,3,11.8
Adina Howard,1995-02-11,1995,1997-09-06,2.6,3,1,0,47,2,15.7
Goodie Mob,1995-10-14,1995,1998-10-03,3.0,4,0,0,47,39,11.8
Mark Morrison,1997-03-01,1997,1998-05-30,1.2,2,1,0,47,2,23.5
Voices Of Theory,1998-04-04,1998,1999-01-30,0.8,2,1,0,47,10,23.5
Fatboy Slim,1998-08-08,1998,2000-01-22,1.5,2,0,0,47,36,23.5
Steve Holy,2001-12-01,2001,2011-10-22,9.9,3,0,0,47,29,15.7
Nappy Roots,2002-03-09,2002,2003-09-20,1.5,3,0,0,47,21,15.7
Terror Squad,2004-06-26,2004,2005-02-05,0.6,2,1,1,47,1,23.5
Mike Jones,2005-03-19,2005,2009-05-23,4.2,5,0,0,47,22,9.4
James Blunt,2005-11-12,2005,2011-02-05,5.2,5,1,1,47,1,9.4
J. Holiday,2007-08-04,2007,2008-05-03,0.7,2,1,0,47,5,23.5
Far*East Movement,2010-08-28,2010,2012-03-17,1.6,3,2,1,47,1,15.7
Juicy J,2012-09-29,2012,2014-01-18,1.3,3,0,0,47,29,15.7
"Metro Boomin, The Weeknd & 21 Savage",2022-12-17,2022,2023-11-04,0.9,1,1,0,47,3,47
Tommy Richman,2024-05-11,2024,2025-05-03,1.0,3,1,0,47,2,15.7
"Saja Boys: Andrew Choi, Neckwav, Danny Chung, Kevin Woo & samUIL Lee",2025-07-19,2025,2026-01-24,0.5,2,2,0,47,3,23.5
The Diamonds,1958-08-04,1958,1961-08-28,3.1,5,0,0,46,18,9.2
The Marketts,1962-01-13,1962,1966-04-02,4.2,5,1,0,46,3,9.2
Nino Tempo & April Stevens,1963-09-14,1963,1967-07-29,3.9,7,1,1,46,1,6.6
Ed Ames,1965-01-23,1965,1969-06-21,4.4,7,1,0,46,8,6.6
The Seekers,1965-03-27,1965,1967-04-01,2.0,4,2,0,46,2,11.5
The Gentrys,1965-09-11,1965,1971-03-06,5.5,6,1,0,46,4,7.7
The Royal Guardsmen,1966-12-17,1966,1969-02-08,2.1,7,1,0,46,2,6.6
Dennis Yost And The Classics IV,1969-08-02,1969,1975-04-12,5.7,7,0,0,46,39,6.6
John Stewart,1969-09-06,1969,1980-03-01,10.5,4,1,0,46,5,11.5
The Flaming Ember,1969-09-27,1969,1971-01-09,1.3,4,0,0,46,24,11.5
Five Man Electrical Band,1971-05-29,1971,1974-05-18,3.0,5,1,0,46,3,9.2
Edgar Winter Group,1973-03-10,1973,1974-11-16,1.7,4,1,1,46,1,11.5
The Hues Corporation,1973-08-11,1973,1977-05-07,3.7,5,1,1,46,1,9.2
The Blackbyrds,1974-09-07,1974,1977-03-26,2.5,6,1,0,46,6,7.7
Crown Heights Affair,1975-08-16,1975,1977-05-14,1.7,4,0,0,46,42,11.5
Burton Cummings,1976-10-09,1976,1981-11-21,5.1,5,1,0,46,10,9.2
Eddy Grant,1983-04-16,1983,1984-09-08,1.4,3,1,0,46,2,15.3
Real Life,1983-11-12,1983,1989-08-26,5.8,3,0,0,46,26,15.3
Frankie Goes To Hollywood,1984-04-07,1984,1985-05-25,1.1,3,1,0,46,10,15.3
Ozzy Osbourne,1986-03-22,1986,2025-08-09,39.4,5,0,0,46,28,9.2
Regina Belle,1987-07-18,1987,1993-07-24,6.0,4,0,0,46,43,11.5
Levert,1987-08-15,1987,1993-09-25,6.1,3,1,0,46,5,15.3
Stereo MC's,1991-06-01,1991,1993-10-02,2.3,3,0,0,46,20,15.3
Rome,1997-03-15,1997,1997-12-13,0.7,2,1,0,46,6,23
Ruff Endz,2000-07-01,2000,2002-09-21,2.2,2,1,0,46,5,23
Common,2000-08-05,2000,2009-01-24,8.5,4,0,0,46,44,11.5
3LW,2000-11-04,2000,2002-11-02,2.0,3,0,0,46,23,15.3
India.Arie,2001-03-31,2001,2007-06-16,6.2,4,0,0,46,47,11.5
Toya,2001-06-02,2001,2002-04-27,0.9,2,0,0,46,16,23
N.O.R.E.,2002-05-25,2002,2005-01-22,2.7,2,1,0,46,10,23
Stone Sour,2002-11-02,2002,2007-02-10,4.3,2,0,0,46,39,23
Diddy - Dirty Money,2010-04-17,2010,2011-05-21,1.1,3,0,0,46,11,15.3
Coi Leray,2021-02-20,2021,2023-07-08,2.4,2,1,0,46,9,23
Shaboozey & Jelly Roll,2025-05-10,2025,2026-04-04,0.9,1,0,0,46,27,46
Don Costa And His Orchestra And Chorus,1959-11-16,1959,1961-07-17,1.7,3,0,0,45,19,15
Bettye Swann,1967-05-13,1967,1973-03-10,5.8,5,0,0,45,21,9
Loggins & Messina,1973-03-31,1973,1975-10-25,2.6,7,0,0,45,16,6.4
Walter Egan,1977-06-11,1977,1983-06-11,6.0,4,1,0,45,8,11.2
Nick Gilder,1978-06-10,1978,1979-07-21,1.1,3,1,1,45,1,15
The Oak Ridge Boys,1981-05-16,1981,1983-04-16,1.9,4,1,0,45,5,11.2
Quiet Riot,1983-09-17,1983,1984-09-22,1.0,3,1,0,45,5,15
Five Star,1985-09-14,1985,1987-03-07,1.5,4,0,0,45,41,11.2
Skid Row,1989-06-10,1989,1992-01-18,2.6,4,2,0,45,4,11.2
Jesus Jones,1991-04-13,1991,1992-01-04,0.7,2,2,0,45,2,22.5
Rhythm Syndicate,1991-06-01,1991,1992-10-31,1.4,4,1,0,45,2,11.2
Prince And The New Power Generation,1992-10-10,1992,1993-06-12,0.7,3,1,0,45,7,15
Soul Asylum,1993-06-12,1993,1996-03-16,2.8,3,1,0,45,5,15
Domino,1993-11-27,1993,1996-04-13,2.4,3,1,0,45,7,15
Vince Gill,1994-02-26,1994,2001-01-20,6.9,4,0,0,45,52,11.2
Craig Mack,1994-08-13,1994,1995-05-13,0.7,2,1,0,45,9,22.5
Everclear,1996-05-18,1996,2000-11-25,4.5,3,0,0,45,11,15
Puff Daddy,1998-06-27,1998,2000-03-11,1.7,3,2,0,45,2,15
Mary Mary,2000-03-25,2000,2011-04-23,11.1,3,0,0,45,28,15
D12,2001-06-23,2001,2004-09-18,3.2,3,1,0,45,6,15
The Calling,2001-11-10,2001,2002-09-14,0.8,1,1,0,45,5,45
Webbie,2005-05-07,2005,2008-05-24,3.0,2,1,0,45,9,22.5
Buckcherry,2006-05-20,2006,2008-11-22,2.5,3,1,0,45,9,15
Danity Kane,2006-09-02,2006,2008-08-23,2.0,4,2,0,45,8,11.2
Rich Gang,2013-05-25,2013,2015-01-17,1.6,2,0,0,45,16,22.5
Charli XCX,2014-06-21,2014,2025-01-11,10.6,6,1,0,45,8,12.5
Skrillex & Diplo,2015-03-21,2015,2016-01-23,0.8,1,1,0,45,8,45
Lil Dicky,2015-10-10,2015,2019-06-08,3.7,3,1,0,45,8,15
Lauren Daigle,2018-07-28,2018,2019-05-18,0.8,2,0,0,45,29,22.5
Lady Gaga & Bradley Cooper,2018-10-13,2018,2019-08-17,0.8,1,1,1,45,1,45
Sam Smith & Normani,2019-01-26,2019,2019-11-30,0.8,1,1,0,45,7,45
BossMan Dlow,2024-02-17,2024,2026-08-08,2.5,3,0,0,45,37,13.7
ROSE & Bruno Mars,2024-11-02,2024,2025-09-06,0.8,1,1,0,45,3,45
Sammy Turner,1959-06-22,1959,1960-04-25,0.8,4,1,0,44,3,11
Little Eva,1962-06-30,1962,1963-07-06,1.0,4,1,1,44,1,11
The Tams,1962-10-20,1962,1968-07-27,5.8,7,1,0,44,9,6.3
The Surfaris,1963-06-22,1963,1966-10-29,3.4,3,1,0,44,2,14.7
Brenda Holloway,1964-05-02,1964,1967-11-11,3.5,6,0,0,44,13,7.3
Mary Hopkin,1968-09-28,1968,1972-12-30,4.3,6,1,0,44,2,7.3
Denise LaSalle,1971-08-21,1971,1978-03-18,6.6,4,0,0,44,13,11
Silver Convention,1975-10-11,1975,1976-09-11,0.9,3,2,1,44,1,14.7
Psychedelic Furs,1983-03-05,1983,1987-06-13,4.3,4,0,0,44,26,11
Jellybean,1985-11-16,1985,1991-03-09,5.3,4,0,0,44,16,11
Nia Peeples,1988-05-14,1988,1992-07-18,4.2,4,0,0,44,12,11
Soul II Soul,1989-09-23,1989,1990-07-28,0.8,3,1,0,44,4,14.7
Alias,1990-09-08,1990,1991-07-27,0.9,3,1,0,44,2,14.7
Chris Isaak,1990-12-01,1990,1995-10-21,4.9,2,1,0,44,6,22
Masta Ace Incorporated,1994-03-12,1994,1995-11-04,1.6,3,0,0,44,23,14.7
Corona,1994-11-12,1994,1995-09-02,0.8,2,0,0,44,11,22
Bubba Sparxxx,2001-09-01,2001,2006-07-15,4.9,2,1,0,44,7,22
The White Stripes,2003-05-24,2003,2007-09-01,4.3,3,0,0,44,26,14.7
Clay Aiken,2003-06-28,2003,2004-05-22,0.9,3,2,1,44,1,14.7
YoungBloodZ,2003-08-09,2003,2006-01-14,2.4,2,1,0,44,4,22
The Red Jumpsuit Apparatus,2006-08-05,2006,2009-01-24,2.5,2,0,0,44,24,22
Kellie Pickler,2006-11-18,2006,2010-03-13,3.3,5,0,0,44,46,8.8
Alex Clare,2012-04-07,2012,2013-02-09,0.8,1,1,0,44,7,44
Anna Kendrick,2013-01-12,2013,2013-11-09,0.8,1,1,0,44,6,44
Vance Joy,2014-07-12,2014,2015-05-09,0.8,1,0,0,44,30,44
Portugal. The Man,2017-07-08,2017,2018-05-05,0.8,1,1,0,44,4,44
Lil Skies,2018-01-20,2018,2019-04-06,1.2,5,0,0,44,39,8.8
Rich The Kid,2018-02-10,2018,2019-04-06,1.1,3,0,0,44,13,14.7
Lil Mosey,2018-09-29,2018,2020-10-03,2.0,3,1,0,44,8,14.7
Mustard & Roddy Ricch,2019-08-03,2019,2020-05-30,0.8,1,0,0,44,11,44
Corey Kent,2022-07-02,2022,2026-08-22,4.1,3,0,0,44,40,14.7
Jerry Lee Lewis,1962-09-15,1962,1973-06-09,10.7,9,0,0,43,40,4.8
Jody Miller,1964-02-08,1964,1971-10-30,7.7,6,0,0,43,12,7.2
The Tremeloes,1967-04-08,1967,1968-04-20,1.0,4,0,0,43,11,10.8
Jay And The Techniques,1967-07-15,1967,1968-06-01,0.9,4,1,0,43,6,10.8
The Foundations,1967-12-23,1967,1969-07-12,1.6,5,1,0,43,3,8.6
Canned Heat,1968-08-10,1968,1972-04-15,3.7,5,0,0,43,11,8.6
Funkadelic,1969-10-04,1969,1979-11-17,10.1,8,0,0,43,28,5.4
King Floyd,1970-10-24,1970,1972-12-02,2.1,3,1,0,43,6,14.3
Nitty Gritty Dirt Band,1970-11-21,1970,1972-04-15,1.4,4,1,0,43,9,10.8
The New Birth,1971-10-09,1971,1974-10-26,3.0,6,0,0,43,35,7.2
Leon Russell,1972-08-26,1972,1976-01-31,3.4,5,0,0,43,11,8.6
Suzi Quatro,1974-09-14,1974,1981-03-21,6.5,6,0,0,43,41,7.2
Jigsaw,1975-08-30,1975,1977-09-17,2.1,4,1,0,43,3,10.8
Brick,1976-10-23,1976,1978-02-18,1.3,3,1,0,43,3,14.3
Raydio,1978-01-14,1978,1979-09-22,1.7,2,2,0,43,8,21.5
Cheryl Lynn,1978-12-02,1978,1984-03-31,5.3,4,0,0,43,12,10.8
Pete Townshend,1980-06-14,1980,1986-02-22,5.7,4,1,0,43,9,10.8
Devo,1980-08-30,1980,1983-06-25,2.8,3,0,0,43,14,14.3
Champaign,1981-02-14,1981,1983-08-13,2.5,2,0,0,43,12,21.5
Soft Cell,1982-01-16,1982,1982-11-06,0.8,1,1,0,43,8,43
Moving Pictures,1982-09-18,1982,1989-12-02,7.2,1,0,0,43,29,43
The Power Station,1985-03-16,1985,1985-11-09,0.7,3,2,0,43,6,14.3
Starpoint,1985-09-28,1985,1987-04-25,1.6,3,0,0,43,25,14.3
Elisa Fiorillo,1988-01-23,1988,1991-03-30,3.2,4,0,0,43,27,10.8
Basia,1988-07-23,1988,1990-06-23,1.9,3,0,0,43,26,14.3
Digital Underground,1990-03-17,1990,1992-03-28,2.0,2,0,0,43,11,21.5
Ralph Tresvant,1990-11-03,1990,1992-10-03,1.9,3,1,0,43,4,14.3
95 South,1993-05-01,1993,1995-06-10,2.1,2,0,0,43,11,21.5
Kirk Franklin,1998-12-05,1998,2011-08-13,12.7,3,0,0,43,61,14.3
Trillville,2003-12-20,2003,2005-06-11,1.5,2,0,0,43,14,21.5
Lil' Flip,2004-03-13,2004,2004-11-20,0.7,2,1,0,43,2,21.5
Florence + The Machine,2010-09-25,2010,2015-03-07,4.4,4,0,0,43,21,10.8
Capital Cities,2013-05-18,2013,2014-03-08,0.8,1,1,0,43,8,43
Passenger,2013-08-17,2013,2014-06-07,0.8,1,1,0,43,5,43
Nico & Vinz,2014-05-03,2014,2015-01-17,0.7,2,1,0,43,4,21.5
Echosmith,2014-07-26,2014,2015-08-15,1.1,2,0,0,43,13,21.5
City Girls,2018-12-01,2018,2021-08-21,2.7,3,0,0,43,26,14.3
Joji,2019-03-30,2019,2025-11-22,6.7,7,1,0,43,8,6.1
Doja Cat & The Weeknd,2021-07-10,2021,2022-05-07,0.8,1,0,0,43,11,43
Cozy Cole,1958-08-25,1958,1959-01-19,0.4,3,1,0,42,3,14
"Dave ""Baby"" Cortez",1959-03-16,1959,1966-06-18,7.3,7,1,1,42,1,6
Wanda Jackson,1960-08-29,1960,1962-06-09,1.8,5,0,0,42,27,8.4
Clarence Henry,1961-02-20,1961,1962-02-10,1.0,5,1,0,42,4,8.4
Paul and Paula,1962-12-29,1962,1963-10-26,0.8,5,2,1,42,1,8.4
Al (He's the King) Hirt,1964-01-04,1964,1965-05-29,1.4,5,1,0,42,4,8.4
Bobbi Martin,1964-11-28,1964,1970-07-11,5.6,5,0,0,42,13,8.4
Shirley Bassey,1965-01-30,1965,1973-08-11,8.5,4,1,0,42,8,10.5
Freddie And The Dreamers,1965-03-13,1965,1965-09-11,0.5,5,1,1,42,1,8.4
The Outsiders,1966-02-19,1966,1966-12-31,0.9,4,1,0,42,5,10.5
The Sandpipers,1966-07-30,1966,1970-12-26,4.4,4,1,0,42,9,10.5
Sam Neely,1972-09-02,1972,1977-09-17,5.0,5,0,0,42,29,8.4
Billy Paul,1972-11-04,1972,1976-05-01,3.5,4,1,1,42,1,10.5
The Ritchie Family,1975-08-02,1975,1977-01-08,1.4,3,0,0,42,11,14
John Travolta,1976-05-01,1976,1978-11-18,2.5,4,1,0,42,10,10.5
Chris Rea,1978-07-08,1978,1989-05-06,10.8,6,0,0,42,12,7
The Dirt Band,1978-09-02,1978,1981-10-24,3.1,4,0,0,42,13,10.5
Brenda Russell,1979-08-18,1979,1988-08-06,9.0,2,1,0,42,6,21
Randy Meisner,1980-10-18,1980,1982-10-09,2.0,3,0,0,42,19,14
Squeeze,1981-08-01,1981,1988-03-05,6.6,3,0,0,42,15,14
Tony Carey,1983-03-26,1983,1984-08-18,1.4,4,0,0,42,22,10.5
Mary Jane Girls,1985-03-09,1985,1986-09-13,1.5,3,1,0,42,7,14
Baltimora,1985-10-19,1985,1993-06-12,7.6,2,0,0,42,13,21
Midnight Oil,1988-04-02,1988,1990-04-21,2.1,3,0,0,42,17,14
Michael Morales,1989-04-29,1989,1991-08-17,2.3,4,0,0,42,15,10.5
Tara Kemp,1991-01-19,1991,1991-11-02,0.8,3,2,0,42,3,14
Geto Boys,1991-10-05,1991,1996-06-15,4.7,3,0,0,42,23,14
Das EFX,1992-05-09,1992,1995-11-25,3.5,3,0,0,42,25,14
Snow,1993-01-09,1993,1993-09-04,0.7,2,1,1,42,1,21
Radiohead,1993-06-26,1993,2026-02-07,32.6,4,0,0,42,34,10.5
Little Texas,1993-08-07,1993,1994-04-30,0.7,3,0,0,42,55,14
Haddaway,1993-08-28,1993,1994-04-09,0.6,2,0,0,42,11,21
Gabrielle,1993-10-09,1993,1994-07-30,0.8,2,0,0,42,26,21
Shaquille O'Neal,1993-10-23,1993,1995-02-04,1.3,3,0,0,42,35,14
Martin Page,1994-12-17,1994,1995-09-30,0.8,2,0,0,42,14,21
The Verve Pipe,1997-02-22,1997,1997-12-06,0.8,1,1,0,42,5,42
Kacey Musgraves,2012-12-29,2012,2026-08-22,13.6,7,0,0,42,39,6
Eric Paslay,2013-11-02,2013,2015-06-06,1.6,3,0,0,42,47,14
LOCASH,2015-11-14,2015,2025-04-19,9.4,4,0,0,42,50,10.5
Lil Yachty,2016-08-13,2016,2024-02-17,7.5,12,0,0,42,40,3.5
Brent Faiyaz,2021-07-17,2021,2026-04-18,4.8,15,0,0,42,42,2.8
Lil Nas X & Jack Harlow,2021-08-07,2021,2022-05-21,0.8,1,1,1,42,1,42
Muni Long,2022-01-08,2022,2024-06-22,2.5,2,0,0,42,16,21
Tems,2022-07-30,2022,2026-08-22,4.1,2,0,0,42,29,21
d4vd,2022-09-17,2022,2025-10-04,3.0,3,0,0,42,33,14
Peso Pluma,2023-03-25,2023,2023-10-14,0.6,4,0,0,42,28,10.5
Hudson Westbrook,2025-05-03,2025,2026-02-14,0.8,1,0,0,42,33,42
Little Richard,1958-09-15,1958,1986-05-10,27.6,7,0,0,41,41,5.9
Jimmy Jones,1959-12-28,1959,1961-04-10,1.3,4,2,0,41,2,10.2
The Viscounts,1959-12-28,1959,1966-01-22,6.1,3,0,0,41,39,13.7
The Cookies,1962-11-10,1962,1964-02-08,1.2,4,1,0,41,7,10.2
Ronny And The Daytonas,1964-08-01,1964,1966-10-01,2.2,5,1,0,41,4,8.2
Ramsey Lewis Trio,1964-10-10,1964,1966-04-23,1.5,5,1,0,41,5,8.2
Len Barry,1965-05-29,1965,1966-09-24,1.3,6,1,0,41,2,6.8
The Troggs,1966-06-25,1966,1968-06-08,2.0,4,2,1,41,1,10.2
Dyke And The Blazers,1967-04-15,1967,1969-11-29,2.6,4,0,0,41,35,10.2
Mama Cass,1968-07-06,1968,1969-10-11,1.3,4,0,0,41,12,10.2
Bill Deal & The Rhondels,1969-01-18,1969,1970-05-02,1.3,5,0,0,41,23,8.2
Mel And Tim,1969-10-18,1969,1972-11-18,3.1,3,1,0,41,10,13.7
The Undisputed Truth,1971-06-26,1971,1974-06-08,3.0,5,1,0,41,3,8.2
Lighthouse,1971-09-11,1971,1973-12-22,2.3,5,0,0,41,24,8.2
Love Unlimited,1972-04-01,1972,1975-03-08,2.9,4,0,0,41,14,10.2
First Choice,1973-03-10,1973,1977-11-12,4.7,5,0,0,41,28,8.2
Vicki Sue Robinson,1976-04-10,1976,1977-10-01,1.5,3,1,0,41,10,13.7
Blue Oyster Cult,1976-07-31,1976,1984-02-25,7.6,4,0,0,41,12,10.2
Teri DeSario,1978-07-01,1978,1980-08-02,2.1,3,1,0,41,2,13.7
Evelyn King,1981-07-25,1981,1983-03-26,1.7,3,0,0,41,17,13.7
Dazz Band,1982-04-24,1982,1985-01-12,2.7,3,1,0,41,5,13.7
Honeymoon Suite,1984-09-08,1984,1988-05-07,3.7,4,0,0,41,34,10.2
General Public,1984-11-17,1984,1995-05-20,10.5,3,0,0,41,22,13.7
Lisa Lisa And Clult Jam,1985-06-08,1985,1986-03-29,0.8,2,0,0,41,34,20.5
The Fabulous Thunderbirds,1986-04-19,1986,1988-10-08,2.5,4,1,0,41,10,10.2
Candlebox,1994-03-19,1994,1995-01-28,0.9,2,0,0,41,18,20.5
J'Son,1996-02-24,1996,1998-11-28,2.8,3,0,0,41,62,13.7
Wild Orchid,1996-09-28,1996,1997-09-27,1.0,3,0,0,41,48,13.7
Gina G,1996-11-30,1996,1997-08-23,0.7,2,0,0,41,12,20.5
Foxy Brown,1997-02-15,1997,1999-02-27,2.0,3,1,0,41,7,13.7
Dave Hollister,1999-04-10,1999,2001-04-21,2.0,3,0,0,41,39,13.7
P.O.D.,2001-11-03,2001,2006-02-18,4.3,3,0,0,41,28,13.7
Daniel Bedingfield,2002-07-27,2002,2003-08-16,1.1,2,1,0,41,10,20.5
Field Mob,2002-12-14,2002,2006-09-09,3.7,2,1,0,41,10,20.5
Jadakiss,2004-05-08,2004,2005-02-12,0.8,3,0,0,41,11,13.7
Anthony Hamilton,2004-09-04,2004,2006-07-29,1.9,2,0,0,41,19,20.5
Aly & AJ,2006-03-04,2006,2008-04-05,2.1,5,0,0,41,17,8.2
Jason Michael Carroll,2007-01-13,2007,2010-02-13,3.1,4,0,0,41,52,10.2
Gorilla Zoe,2007-08-11,2007,2011-03-19,3.6,4,0,0,41,38,10.2
Ingrid Michaelson,2007-10-13,2007,2014-09-06,6.9,3,0,0,41,37,13.7
Kris Allen,2009-06-06,2009,2010-05-29,1.0,7,0,0,41,11,5.9
Jana Kramer,2011-02-26,2011,2016-02-13,5.0,4,0,0,41,50,10.2
Skrillex,2011-11-19,2011,2012-08-04,0.7,4,0,0,41,69,10.2
MAGIC!,2014-05-10,2014,2015-02-14,0.8,1,1,1,41,1,41
Lauv,2018-02-24,2018,2018-12-01,0.8,1,0,0,41,27,41
Daniel Caesar,2018-03-03,2018,2026-05-02,8.2,3,0,0,41,52,13.7
Stephen Sanchez,2022-06-11,2022,2023-04-22,0.9,1,0,0,41,23,41
Zach Top,2024-09-28,2024,2026-08-22,1.9,3,0,0,41,24,13.7
The Weeknd & Playboi Carti,2024-10-12,2024,2025-07-19,0.8,1,1,0,41,3,41
Johnny Cash And The Tennessee Two,1958-08-04,1958,1960-07-25,2.0,8,0,0,40,21,5
Bobby Day,1958-08-04,1958,1959-06-22,0.9,5,1,0,40,2,8
Buddy Knox,1958-08-04,1958,1961-04-17,2.7,6,0,0,40,22,6.7
Bo Diddley,1959-07-06,1959,1967-03-11,7.7,5,0,0,40,20,8
Shep And The Limelites,1961-03-27,1961,1963-02-09,1.9,6,1,0,40,2,6.7
The New Christy Minstrels,1962-12-01,1962,1965-05-22,2.5,6,0,0,40,14,6.7
The Beau Brummels,1965-01-02,1965,1965-12-25,1.0,5,1,0,40,8,8
Sir Douglas Quintet,1965-04-03,1965,1969-08-09,4.4,4,0,0,40,13,10
Merry Clayton,1970-06-06,1970,1988-05-14,17.9,5,0,0,40,45,8
Tom T. Hall,1971-08-21,1971,1975-04-19,3.7,5,0,0,40,12,8
Bobby Womack & Peace,1971-12-11,1971,1973-04-28,1.4,4,0,0,40,27,10
Beverly Bremers,1971-12-18,1971,1972-11-11,0.9,3,0,0,40,15,13.3
Austin Roberts,1972-10-14,1972,1975-11-08,3.1,3,1,0,40,9,13.3
Stealers Wheel,1973-03-03,1973,1974-04-06,1.1,3,1,0,40,6,13.3
Bo Donaldson And The Heywoods,1974-04-20,1974,1975-07-12,1.2,4,1,1,40,1,10
Carl Carlton,1974-09-21,1974,1982-01-09,7.3,3,1,0,40,6,13.3
Elvin Bishop,1974-10-05,1974,1977-02-12,2.4,5,1,0,40,3,8
Phoebe Snow,1975-01-04,1975,1981-06-20,6.5,4,1,0,40,5,10
Rhythm Heritage,1975-11-15,1975,1977-03-12,1.3,3,1,1,40,1,13.3
Blackfoot,1979-06-23,1979,1981-09-05,2.2,3,0,0,40,26,13.3
Marty Balin,1981-05-23,1981,1983-03-26,1.8,3,1,0,40,8,13.3
Lindsey Buckingham,1981-10-24,1981,1984-11-10,3.0,3,1,0,40,9,13.3
Dennis DeYoung,1984-09-08,1984,1986-07-12,1.8,4,1,0,40,10,10
Los Lobos,1985-03-23,1985,1987-12-12,2.7,3,1,1,40,1,13.3
Scritti Politti,1985-09-07,1985,1988-08-27,3.0,3,0,0,40,11,13.3
The Smithereens,1988-05-21,1988,1992-05-09,4.0,4,0,0,40,37,10
Sir Mix-A-Lot,1988-12-17,1988,1996-09-28,7.8,3,1,1,40,1,13.3
Another Bad Creation,1991-01-12,1991,1991-08-17,0.6,2,2,0,40,9,20
Crash Test Dummies,1991-10-05,1991,1994-09-10,2.9,3,1,0,40,4,13.3
Ugly Kid Joe,1992-04-04,1992,1993-06-26,1.2,2,2,0,40,6,20
Duice,1993-01-09,1993,1993-10-09,0.7,1,0,0,40,12,40
Junior M.A.F.I.A.,1995-07-22,1995,1996-06-22,0.9,2,0,0,40,13,20
Jann Arden,1996-02-10,1996,1996-11-09,0.7,1,0,0,40,12,40
Allure,1997-03-15,1997,1998-02-14,0.9,2,1,0,40,4,20
Meredith Brooks,1997-04-26,1997,1998-05-02,1.0,2,1,0,40,2,20
Debelah Morgan,1998-09-19,1998,2001-02-10,2.4,2,1,0,40,8,20
Ideal,1999-08-21,1999,2000-10-07,1.1,2,0,0,40,13,20
Jill Scott,2001-02-10,2001,2011-07-09,10.4,3,0,0,40,43,13.3
Korn,2002-05-25,2002,2007-03-17,4.8,5,0,0,40,38,8
Buddy Jewell,2003-06-21,2003,2004-06-19,1.0,2,0,0,40,29,20
Velvet Revolver,2004-05-15,2004,2005-02-05,0.7,2,0,0,40,56,20
Lil Scrappy,2004-07-17,2004,2007-02-10,2.6,2,0,0,40,28,20
Crime Mob,2004-08-21,2004,2007-07-07,2.9,2,0,0,40,30,20
Lyfe Jennings,2005-05-28,2005,2006-12-16,1.6,2,0,0,40,37,20
Frank Ocean,2011-07-23,2011,2019-11-16,8.3,10,0,0,40,32,4
Martin Garrix,2013-10-05,2013,2019-07-06,5.7,3,0,0,40,21,13.3
Tinashe,2014-05-24,2014,2024-09-28,10.3,2,0,0,40,24,20
Becky G,2014-06-21,2014,2018-03-10,3.7,3,0,0,40,16,13.3
O.T. Genasis,2014-12-06,2014,2016-07-23,1.6,2,0,0,40,20,20
gnash,2016-05-07,2016,2017-01-28,0.7,2,1,0,40,10,20
Russ,2016-11-12,2016,2023-04-22,6.4,4,0,0,40,40,10
"Zedd, Maren Morris & Grey",2018-02-10,2018,2018-11-10,0.7,1,1,0,40,5,40
Ingrid Andress,2020-01-11,2020,2022-11-26,2.9,2,0,0,40,30,20
Koe Wetzel & Jessie Murph,2024-06-22,2024,2025-03-22,0.7,1,0,0,40,22,40
Max McNown,2025-06-14,2025,2026-03-21,0.8,2,0,0,40,26,20
"Tyler, the Creator",2025-08-02,2025,2026-01-17,0.5,10,0,0,40,33,4.6
Duane Eddy,1960-08-22,1960,1964-01-11,3.4,8,0,0,39,33,4.9
Eddie Hodges,1961-06-19,1961,1965-08-28,4.2,4,0,0,39,12,9.8
Little Peggy March,1963-03-23,1963,1964-02-15,0.9,5,1,1,39,1,7.8
Garnet Mimms & The Enchanters,1963-08-17,1963,1964-09-12,1.1,4,1,0,39,4,9.8
The Ray Charles Singers,1964-04-11,1964,1970-06-13,6.2,6,1,0,39,3,6.5
The Youngbloods,1966-12-17,1966,1970-05-23,3.4,3,1,0,39,5,13
Bar-Kays,1967-05-20,1967,1984-07-14,17.2,5,0,0,39,17,7.8
Oliver,1969-05-24,1969,1970-05-02,0.9,4,2,0,39,2,9.8
Jimmy Cliff,1969-12-06,1969,1994-04-23,24.4,3,0,0,39,18,13
Joey Scarbury,1971-01-16,1971,1981-12-05,10.9,3,1,0,39,2,13
The Persuaders,1971-08-28,1971,1974-04-06,2.6,4,0,0,39,15,9.8
The Crusaders,1972-07-15,1972,1981-10-10,9.2,5,0,0,39,36,7.8
Dottie West,1973-01-20,1973,1981-08-08,8.5,4,0,0,39,14,9.8
The Salsoul Orchestra,1975-09-13,1975,1977-02-26,1.5,5,0,0,39,18,7.8
John Paul Young,1975-12-13,1975,1979-02-03,3.1,3,1,0,39,7,13
Exile,1977-03-05,1977,1979-05-05,2.2,4,1,1,39,1,9.8
Billy Preston & Syreeta,1979-12-08,1979,1980-08-16,0.7,2,1,0,39,4,19.5
Bertie Higgins,1981-11-14,1981,1982-07-03,0.6,2,1,0,39,8,19.5
Missing Persons,1982-07-03,1982,1983-04-16,0.8,4,0,0,39,42,9.8
The Georgia Satellites,1986-11-22,1986,1989-01-21,2.2,3,1,0,39,2,13
Brenda K. Starr,1988-04-02,1988,1988-10-29,0.6,2,0,0,39,13,19.5
Was (Not Was),1988-10-01,1988,1989-06-10,0.7,3,1,0,39,7,13
Too $hort,1990-11-17,1990,1998-11-28,8.0,5,0,0,39,42,7.8
Londonbeat,1991-02-09,1991,1995-05-13,4.3,3,1,1,39,1,13
Wreckx-N-Effect,1992-10-03,1992,1993-05-01,0.6,2,1,0,39,2,19.5
Jeremy Jordan,1992-12-12,1992,1993-07-31,0.6,2,0,0,39,14,19.5
Livin' Joy,1995-01-28,1995,1997-06-07,2.4,2,0,0,39,67,19.5
Robert Miles,1996-05-11,1996,1997-02-08,0.7,2,0,0,39,21,19.5
Somethin' For The People,1996-08-24,1996,1998-05-02,1.7,3,1,0,39,4,13
JD,1998-03-07,1998,1998-11-14,0.7,2,0,0,39,29,19.5
Samantha Mumba,2000-09-09,2000,2001-09-01,1.0,2,1,0,39,4,19.5
Tweet,2002-02-09,2002,2002-10-05,0.7,2,1,0,39,7,19.5
Theory Of A Deadman,2008-09-27,2008,2010-05-22,1.6,3,0,0,39,55,13
Gloriana,2009-06-13,2009,2013-06-22,4.0,3,0,0,39,34,13
Disclosure,2014-03-29,2014,2015-09-26,1.5,2,1,0,39,7,19.5
DeJ Loaf,2014-11-08,2014,2017-09-23,2.9,3,0,0,39,45,13
The Chainsmokers & Coldplay,2017-03-11,2017,2017-12-02,0.7,1,1,0,39,3,39
Lil Pump,2017-09-30,2017,2019-03-09,1.4,5,1,0,39,3,7.8
Jimmie Allen,2018-09-29,2018,2023-01-28,4.3,3,0,0,39,37,13
YNW Melly,2019-02-02,2019,2021-08-28,2.6,3,0,0,39,14,13
Ed Sheeran & Justin Bieber,2019-05-25,2019,2020-03-07,0.8,1,1,0,39,2,39
SHAED,2019-06-15,2019,2020-03-07,0.7,1,0,0,39,13,39
Jimin,2023-04-01,2023,2025-03-22,2.0,3,1,1,39,1,13
Xavi,2023-12-30,2023,2024-05-11,0.4,3,0,0,39,20,13
Gigi Perez,2024-08-31,2024,2025-05-24,0.7,1,0,0,39,22,39
Eddie Cochran,1958-08-04,1958,1959-10-26,1.2,4,1,0,38,8,9.5
The Jive Five,1961-07-03,1961,1965-10-02,4.2,4,1,0,38,3,9.5
Marianne Faithfull,1964-11-28,1964,1965-12-25,1.1,5,0,0,38,22,7.6
Dee Dee Warwick,1965-08-07,1965,1971-07-24,6.0,7,0,0,38,41,5.4
CROW,1969-10-25,1969,1970-12-19,1.1,3,0,0,38,19,12.7
Donny Hathaway,1970-01-17,1970,2026-01-03,56.0,5,0,0,38,34,7.6
Frank Mills,1972-01-29,1972,1979-12-29,7.9,3,1,0,38,3,12.7
Dr. John,1972-04-15,1972,1974-06-01,2.1,4,1,0,38,9,9.5
Stories,1972-06-17,1972,1973-12-15,1.5,3,1,1,38,1,12.7
Maria Muldaur,1974-02-23,1974,1975-03-29,1.1,2,1,0,38,6,19
George McCrae,1974-06-01,1974,1976-02-07,1.7,5,1,1,38,1,7.6
C.W. McCall,1974-06-29,1974,1976-04-17,1.8,4,1,1,38,1,9.5
Disco Tex & The Sex-O-Lettes,1974-11-23,1974,1976-08-28,1.8,4,1,0,38,10,9.5
"Grover Washington, Jr.",1975-05-03,1975,1982-02-27,6.8,3,1,0,38,2,12.7
David Soul,1977-01-29,1977,1977-11-26,0.8,3,1,1,38,1,12.7
LeBlanc & Carr,1977-07-02,1977,1978-06-24,1.0,3,0,0,38,13,12.7
Barbra Streisand & Barry Gibb,1980-11-01,1980,1981-05-16,0.5,2,2,0,38,3,19
John Schneider,1981-05-30,1981,1982-09-18,1.3,4,0,0,38,14,9.5
Daryl Hall,1986-08-02,1986,1993-10-09,7.2,4,1,0,38,5,9.5
Lita Ford,1988-04-02,1988,1992-02-01,3.8,3,0,0,38,12,12.7
Candyman,1990-09-01,1990,1991-05-04,0.7,3,1,0,38,9,12.7
Chante Moore,1992-12-26,1992,2000-12-23,8.0,3,1,0,38,10,12.7
Dionne Farris,1995-01-28,1995,1995-10-14,0.7,1,1,0,38,4,38
Oasis,1996-01-27,1996,2026-08-08,30.5,3,1,0,38,8,12.7
Rockell,1996-11-09,1996,1998-06-06,1.6,2,0,0,38,61,19
Five,1998-06-06,1998,1999-04-24,0.9,3,1,0,38,10,12.7
Trina,2000-09-09,2000,2006-02-18,5.4,3,0,0,38,17,12.7
will.i.am,2007-08-25,2007,2014-05-03,6.7,6,0,0,38,17,6.3
Lana Del Rey,2012-01-28,2012,2025-04-26,13.2,11,0,0,38,17,3.5
Karmin,2012-03-24,2012,2013-09-14,1.5,3,0,0,38,16,12.7
August Alsina,2013-09-21,2013,2015-01-31,1.4,2,0,0,38,48,19
Elle King,2015-07-25,2015,2016-04-09,0.7,1,1,0,38,10,38
Chance The Rapper,2016-06-04,2016,2019-11-30,3.5,6,0,0,38,43,6.3
Metro Boomin,2017-07-15,2017,2023-06-24,5.9,10,0,0,38,22,3.8
Macklemore,2017-07-29,2017,2018-03-17,0.6,2,0,0,38,48,19
Trevor Daniel,2019-11-30,2019,2020-08-15,0.7,1,0,0,38,17,38
Kali Uchis,2021-03-06,2021,2023-07-01,2.3,3,0,0,38,25,12.7
Dodie Stevens,1959-02-16,1959,1961-02-06,2.0,5,1,0,37,3,7.4
Duane Eddy And The Rebels,1959-06-15,1959,1961-09-25,2.3,4,2,0,37,4,9.2
Bobby Lewis,1961-04-24,1961,1962-07-28,1.3,4,2,1,37,1,9.2
Freddie Scott,1963-07-27,1963,1967-11-11,4.3,6,1,0,37,10,6.2
Bobby Vee And The Strangers,1966-07-09,1966,1968-03-16,1.7,4,1,0,37,3,9.2
The American Breed,1967-06-03,1967,1968-08-24,1.2,5,1,0,37,5,7.4
Tommy Boyce & Bobby Hart,1967-07-15,1967,1968-09-07,1.1,4,1,0,37,8,9.2
Strawberry Alarm Clock,1967-09-30,1967,1969-05-31,1.7,5,1,1,37,1,7.4
Vanity Fare,1969-11-22,1969,1970-09-05,0.8,3,1,0,37,5,12.3
Charles Wright And The Watts 103rd Street Rhythm Band,1970-04-11,1970,1971-06-05,1.1,4,0,0,37,12,9.2
Diana Ross & Marvin Gaye,1973-10-06,1973,1974-09-07,0.9,3,0,0,37,12,12.3
Blue Swede,1974-02-16,1974,1975-03-22,1.1,4,2,1,37,1,9.2
Hot,1977-02-19,1977,1978-03-04,1.0,3,1,0,37,6,12.3
Debby Boone,1977-09-03,1977,1978-07-08,0.8,3,1,1,37,1,12.3
Nicolette Larson,1978-11-25,1978,1982-10-02,3.9,3,1,0,37,8,12.3
Benny Mardones,1980-06-14,1980,1989-08-26,9.2,1,0,0,37,11,37
Toni Basil,1982-09-04,1982,1984-02-25,1.5,3,1,1,37,1,12.3
Giuffria,1984-11-10,1984,1986-07-05,1.6,3,0,0,37,15,12.3
The Alarm,1985-12-28,1985,1989-12-30,4.0,4,0,0,37,50,9.2
Alannah Myles,1990-01-06,1990,1990-07-28,0.6,2,1,1,37,1,18.5
Jon Bon Jovi,1990-07-21,1990,1991-02-09,0.6,2,1,1,37,1,18.5
Father M.C.,1991-01-12,1991,1993-04-17,2.3,2,0,0,37,20,18.5
EMF,1991-04-13,1991,1991-12-28,0.7,2,1,1,37,1,18.5
Cause And Effect,1992-02-29,1992,1994-09-03,2.5,3,0,0,37,38,12.3
Joe Public,1992-03-14,1992,1992-10-31,0.6,3,1,0,37,4,12.3
Nate Dogg,1996-11-09,1996,1998-11-07,2.0,2,0,0,37,18,18.5
All Saints,1998-01-31,1998,1998-11-28,0.8,2,1,0,37,4,18.5
Mandy Moore,1999-09-11,1999,2000-10-07,1.1,2,0,0,37,24,18.5
O-Town,2000-12-23,2000,2003-01-04,2.0,3,2,0,37,3,12.3
Carolyn Dawn Johnson,2001-01-27,2001,2004-05-15,3.3,4,0,0,37,54,9.2
J-Kwon,2004-01-17,2004,2004-10-30,0.8,2,1,0,37,2,18.5
The Ting Tings,2008-05-17,2008,2009-08-22,1.3,2,0,0,37,39,18.5
Shontelle,2008-09-20,2008,2010-09-18,2.0,2,0,0,37,13,18.5
The Neighbourhood,2013-06-22,2013,2014-03-08,0.7,1,0,0,37,14,37
DJ Snake & Lil Jon,2014-01-11,2014,2014-09-20,0.7,1,1,0,37,4,37
G-Eazy x Bebe Rexha,2015-11-21,2015,2016-07-30,0.7,1,1,0,37,7,37
PARTYNEXTDOOR,2016-04-23,2016,2025-03-15,8.9,4,0,0,37,31,9.2
D.R.A.M.,2016-07-02,2016,2017-03-11,0.7,1,1,0,37,5,37
Lil Baby & 42 Dugg,2020-03-14,2020,2020-10-10,0.6,2,1,0,37,10,18.5
Jessie Murph & Jelly Roll,2023-10-21,2023,2024-06-29,0.7,1,0,0,37,35,37
Dasha,2024-03-23,2024,2025-04-26,1.1,2,0,0,37,18,18.5
Big Bopper,1958-08-04,1958,1959-01-19,0.5,3,1,0,36,6,12
Billy Grammer,1958-11-24,1958,1959-06-08,0.5,3,1,0,36,4,12
Skip And Flip,1959-06-22,1959,1960-07-11,1.1,3,0,0,36,11,12
Guy Mitchell,1959-10-05,1959,1960-10-03,1.0,3,1,1,36,1,12
Mark Dinning,1959-12-21,1959,1961-03-27,1.3,4,1,1,36,1,9
Damita Jo,1960-10-24,1960,1967-02-11,6.3,4,0,0,36,12,9
Frank Gari,1960-12-19,1960,1961-09-04,0.7,3,0,0,36,23,12
Shelley Fabares,1962-03-03,1962,1963-05-25,1.2,4,1,1,36,1,9
The Rip Chords,1963-03-30,1963,1964-08-08,1.4,5,1,0,36,4,7.2
The Cyrkle,1966-05-21,1966,1967-09-02,1.3,6,1,0,36,2,6
Brenton Wood,1967-04-15,1967,1968-03-16,0.9,4,1,0,36,9,9
Janis Ian,1967-05-27,1967,1981-08-01,14.2,3,1,0,36,3,12
Richard Harris,1968-05-11,1968,1972-01-29,3.7,4,1,0,36,2,9
Janis Joplin,1969-11-08,1969,1972-08-05,2.7,5,1,1,36,1,7.2
Ann Peebles,1970-10-03,1970,1974-01-19,3.3,3,0,0,36,38,12
"Emerson, Lake & Palmer",1971-03-13,1971,1973-02-10,1.9,3,0,0,36,39,12
Jean Knight,1971-05-29,1971,1985-08-10,14.2,3,1,0,36,2,12
J.J. Cale,1972-01-29,1972,1977-01-08,4.9,4,0,0,36,22,9
B.W. Stevenson,1973-05-12,1973,1977-05-14,4.0,4,1,0,36,9,9
Blue Magic,1974-02-02,1974,1974-12-14,0.9,3,1,0,36,8,12
The Hudson Brothers,1974-09-21,1974,1976-12-04,2.2,4,0,0,36,21,9
Henry Gross,1975-04-26,1975,1976-11-13,1.6,4,1,0,36,6,9
Bellamy Brothers,1976-01-31,1976,1979-08-04,3.5,4,1,1,36,1,9
Prism,1977-10-22,1977,1982-05-29,4.6,5,0,0,36,39,7.2
Samantha Sang,1977-11-19,1977,1979-08-04,1.7,3,1,0,36,3,12
Karla Bonoff,1978-02-11,1978,1982-11-06,4.7,4,0,0,36,19,9
Linda Clifford,1978-07-01,1978,1980-10-18,2.3,4,0,0,36,41,9
Foxy,1978-07-22,1978,1979-07-07,1.0,2,1,0,36,9,18
Switch,1978-10-07,1978,1980-02-09,1.3,3,0,0,36,36,12
Bobby Caldwell,1978-12-23,1978,1982-10-16,3.8,3,1,0,36,9,12
Ric Ocasek,1983-02-12,1983,1987-02-07,4.0,3,0,0,36,15,12
Madness,1983-05-07,1983,1984-03-31,0.9,3,1,0,36,7,12
Rockwell,1984-01-28,1984,2025-11-15,41.8,2,1,0,36,2,18
Jimmy Harnen,1986-03-01,1986,1989-08-05,3.4,1,1,0,36,10,36
J.J. Fad,1988-04-23,1988,1989-01-07,0.7,3,0,0,36,30,12
Kevin Paige,1989-08-19,1989,1990-04-07,0.6,2,0,0,36,18,18
Marc Cohn,1991-03-30,1991,1991-11-30,0.7,3,0,0,36,13,12
RTZ,1991-08-17,1991,1992-07-25,0.9,3,0,0,36,26,12
Fugees,1994-07-02,1994,1996-05-11,1.9,2,0,0,36,29,18
Deep Blue Something,1995-08-19,1995,1996-04-20,0.7,1,1,0,36,5,36
Planet Soul,1995-10-21,1995,1996-07-06,0.7,2,0,0,36,26,18
Ghost Town DJ's,1996-07-06,1996,2016-06-18,20.0,1,0,0,36,27,36
Merril Bainbridge,1996-09-07,1996,1997-04-26,0.6,2,1,0,36,4,18
Freak Nasty,1997-01-04,1997,2007-06-02,10.4,2,0,0,36,15,18
Divine,1998-09-12,1998,1999-05-29,0.7,2,1,1,36,1,18
Eric Benet,1999-03-20,1999,1999-11-27,0.7,2,0,0,36,21,18
Tanto Metro & Devonte,1999-07-03,1999,2002-08-10,3.1,2,0,0,36,85,18
Amanda Perez,2002-02-16,2002,2003-06-14,1.3,2,0,0,36,20,18
Lumidee,2003-05-31,2003,2007-05-19,4.0,2,1,0,36,3,18
Bucky Covington,2007-05-05,2007,2008-12-06,1.6,3,0,0,36,58,12
Hurricane Chris,2007-06-23,2007,2009-07-18,2.1,3,1,0,36,7,12
Metro Station,2008-04-19,2008,2009-01-31,0.8,2,1,0,36,10,18
The Lonely Island,2009-01-10,2009,2013-02-16,4.1,6,0,0,36,30,6
Owl City,2009-09-05,2009,2010-04-03,0.6,2,1,1,36,1,18
American Authors,2013-11-30,2013,2014-08-02,0.7,1,0,0,36,11,36
Brothers Osborne,2015-10-24,2015,2017-10-21,2.0,2,0,0,36,46,18
Tones And I,2019-10-19,2019,2020-06-20,0.7,1,1,0,36,4,36
Jameson Rodgers,2020-08-22,2020,2021-11-20,1.2,2,0,0,36,26,18
Gunna & Future,2021-10-09,2021,2022-06-04,0.7,2,1,0,36,7,18
Imagine Dragons X JID,2021-12-04,2021,2022-08-06,0.7,1,1,0,36,5,36
Jung Kook,2022-02-26,2022,2024-06-22,2.3,4,2,1,36,1,9
Ice Spice,2023-02-18,2023,2026-01-24,2.9,4,0,0,36,37,9
PARTYNEXTDOOR & Drake,2025-03-01,2025,2025-07-12,0.4,11,0,0,36,18,3.3
Ravyn Lenae,2025-04-12,2025,2026-01-17,0.8,1,1,0,36,5,36
The Rivieras,1958-08-25,1958,1964-09-19,6.1,7,1,0,35,5,5
Jane Morgan,1958-09-22,1958,1960-01-04,1.3,3,0,0,35,21,11.7
Gary Stites,1959-04-13,1959,1960-04-18,1.0,4,0,0,35,24,8.8
Nina Simone,1959-08-03,1959,1970-01-24,10.5,6,0,0,35,18,5.8
Arthur Alexander,1962-02-24,1962,1975-11-08,13.7,4,0,0,35,24,8.8
The Exciters,1962-12-01,1962,1966-03-05,3.3,6,1,0,35,4,5.8
Baby Washington,1963-03-23,1963,1965-09-18,2.5,6,0,0,35,40,5.8
The Raindrops,1963-04-27,1963,1964-09-12,1.4,5,0,0,35,17,7
"Dino, Desi & Billy",1965-06-26,1965,1968-08-31,3.2,6,0,0,35,17,5.8
Eddie Holman,1966-01-15,1966,1977-07-02,11.5,4,1,0,35,2,8.8
Harpers Bizarre,1967-02-18,1967,1968-09-28,1.6,5,0,0,35,13,7
The Fantastic Johnny C,1967-10-07,1967,1968-11-23,1.1,4,1,0,35,7,8.8
Evie Sands,1969-08-16,1969,1975-10-04,6.1,3,0,0,35,50,11.7
Merle Haggard And The Strangers,1969-11-01,1969,1973-10-20,4.0,5,0,0,35,41,7
Lamont Dozier,1973-12-22,1973,1975-02-01,1.1,3,0,0,35,15,11.7
MFSB,1974-03-02,1974,1976-01-03,1.8,4,1,1,35,1,8.8
Johnny Bristol,1974-06-29,1974,1977-02-05,2.6,3,1,0,35,8,11.7
Ted Nugent,1976-03-27,1976,1980-08-16,4.4,7,0,0,35,30,5
Starland Vocal Band,1976-05-08,1976,1980-03-29,3.9,4,1,1,35,1,8.8
Jay Ferguson,1977-12-17,1977,1979-08-04,1.6,2,1,0,35,9,17.5
Sylvester,1978-08-19,1978,1979-05-19,0.7,3,0,0,35,19,11.7
Rickie Lee Jones,1979-04-28,1979,1984-10-20,5.5,4,1,0,35,4,8.8
Tommy Tutone,1980-05-24,1980,1982-07-24,2.2,2,1,0,35,4,17.5
Tierra,1980-11-08,1980,1981-11-28,1.1,3,0,0,35,18,11.7
Stevie Woods,1981-09-12,1981,1982-05-22,0.7,3,0,0,35,25,11.7
Jennifer Holliday,1982-07-03,1982,1986-02-22,3.6,4,0,0,35,22,8.8
Tommy Shaw,1984-09-29,1984,1988-04-09,3.5,4,0,0,35,33,8.8
Philip Bailey,1984-11-24,1984,1985-06-22,0.6,2,1,0,35,2,17.5
Jane Wiedlin,1985-09-28,1985,1988-10-15,3.0,3,1,0,35,9,11.7
Eddie Murphy,1985-10-05,1985,1989-10-21,4.0,2,1,0,35,2,17.5
Pretty Poison,1987-09-26,1987,1988-06-18,0.7,2,1,0,35,8,17.5
Johnny Kemp,1988-05-14,1988,1989-05-27,1.0,2,1,0,35,10,17.5
Tyler Collins,1990-04-28,1990,1995-12-09,5.6,4,1,0,35,6,8.8
Steelheart,1991-03-16,1991,1991-10-19,0.6,2,0,0,35,23,17.5
Natural Selection,1991-08-10,1991,1992-03-07,0.6,2,1,0,35,2,17.5
The Pharcyde,1993-05-01,1993,1996-04-27,3.0,3,0,0,35,52,11.7
Zapp & Roger,1993-08-07,1993,1994-03-12,0.6,2,0,0,35,43,17.5
Ini Kamoze,1994-09-17,1994,1995-08-26,0.9,2,1,1,35,1,17.5
Mack 10,1995-06-24,1995,1998-11-28,3.4,3,0,0,35,37,11.7
Sneaker Pimps,1997-05-03,1997,1998-02-07,0.8,2,0,0,35,45,17.5
She Moves,1997-11-08,1997,1998-06-27,0.6,2,0,0,35,32,17.5
Playa,1997-11-15,1997,1998-08-08,0.7,2,0,0,35,38,17.5
Vitamin C,1999-07-17,1999,2001-01-27,1.5,3,0,0,35,18,11.7
Default,2002-01-05,2002,2002-08-31,0.7,1,0,0,35,13,35
Juelz Santana,2005-10-15,2005,2006-04-08,0.5,2,1,0,35,6,17.5
Travis Porter,2011-01-22,2011,2012-07-21,1.5,3,0,0,35,53,11.7
OMI,2015-05-09,2015,2016-01-02,0.7,1,1,1,35,1,35
Wizkid,2021-07-17,2021,2022-03-19,0.7,2,1,0,35,9,17.5
Sam Smith & Kim Petras,2022-10-08,2022,2023-06-03,0.7,1,1,1,35,1,35
¥$: Kanye West & Ty Dolla $ign,2024-02-24,2024,2024-08-24,0.5,21,2,1,35,1,1.7
The Four Lads,1958-08-04,1958,1959-12-07,1.3,5,0,0,34,29,6.8
The Champs,1958-08-11,1958,1962-10-20,4.2,6,0,0,34,30,5.7
Frankie Ford,1959-02-09,1959,1961-04-17,2.2,5,0,0,34,14,6.8
Bob Beckham,1959-08-10,1959,1960-03-28,0.6,2,0,0,34,32,17
The Marcels,1961-03-06,1961,1962-03-03,1.0,4,2,1,34,1,8.5
Claude King,1961-07-17,1961,1962-11-10,1.3,4,1,0,34,6,8.5
The Paris Sisters,1961-09-04,1961,1964-07-04,2.8,4,1,0,34,5,8.5
Gloria Lynne,1961-09-11,1961,1965-07-24,3.9,7,0,0,34,28,4.9
The Cascades,1963-01-12,1963,1969-09-20,6.7,5,1,0,34,3,6.8
King Curtis,1963-08-24,1963,1967-10-21,4.2,5,0,0,34,33,6.8
The Spencer Davis Group,1966-03-05,1966,1967-09-16,1.5,5,2,0,34,7,6.8
The Standells,1966-04-23,1966,1967-12-09,1.6,4,0,0,34,11,8.5
The Critters,1966-05-28,1966,1967-08-26,1.2,4,0,0,34,17,8.5
The Ides Of March,1966-06-25,1966,1971-05-08,4.9,5,1,0,34,2,6.8
Keith,1966-09-17,1966,1967-07-08,0.8,4,1,0,34,7,8.5
Buffalo Springfield,1967-01-28,1967,1968-10-26,1.7,5,1,0,34,7,6.8
The Bar-Kays,1967-10-14,1967,1977-03-05,9.4,4,0,0,34,23,8.5
Edward Bear,1970-05-30,1970,1973-06-30,3.1,3,1,0,34,3,11.3
Waylon Jennings,1970-10-17,1970,1977-08-20,6.8,5,0,0,34,25,6.8
Nigel Olsson,1975-03-01,1975,1979-06-30,4.3,3,0,0,34,18,11.3
Amazing Rhythm Aces,1975-06-21,1975,1976-11-20,1.4,3,0,0,34,14,11.3
Morris Albert,1975-06-21,1975,1976-02-14,0.7,2,1,0,34,6,17
Enchantment,1977-01-29,1977,1978-04-15,1.2,3,0,0,34,25,11.3
ConFunkShun,1977-12-17,1977,1984-02-04,6.1,4,0,0,34,23,8.5
Thomas Dolby,1983-02-19,1983,1984-04-07,1.1,3,1,0,34,5,11.3
The System,1983-03-05,1983,1988-08-06,5.4,3,1,0,34,4,11.3
The Boys,1988-12-10,1988,1990-12-01,2.0,2,0,0,34,13,17
Pajama Party,1989-05-20,1989,1990-05-12,1.0,3,0,0,34,59,11.3
Christopher Williams,1989-09-09,1989,1993-07-10,3.8,3,0,0,34,49,11.3
Chantay Savage,1993-12-18,1993,1996-06-29,2.5,2,0,0,34,24,17
Liz Phair,1994-10-15,1994,2004-01-31,9.3,2,0,0,34,32,17
Xzibit,1996-07-20,1996,2004-12-25,8.4,4,0,0,34,50,8.5
Silkk The Shocker,1998-03-21,1998,1999-07-03,1.3,2,0,0,34,18,17
Eve 6,1998-12-05,1998,2001-10-20,2.9,2,0,0,34,28,17
Steve Wariner,1999-04-03,1999,1999-12-11,0.7,2,0,0,34,30,17
Trick Pony,2001-02-03,2001,2001-12-08,0.8,2,0,0,34,47,17
Lasgo,2002-11-02,2002,2004-03-27,1.4,2,0,0,34,35,17
Pharrell,2003-06-14,2003,2006-08-19,3.2,3,1,0,34,5,11.3
Young Gunz,2003-08-09,2003,2004-05-01,0.7,2,0,0,34,14,17
Young Buck,2004-07-24,2004,2007-05-05,2.8,3,0,0,34,17,11.3
Anna Nalick,2005-04-30,2005,2006-09-02,1.3,1,0,0,34,45,34
D4L,2005-10-01,2005,2006-04-08,0.5,2,1,1,34,1,17
Lil Jon,2006-04-08,2006,2014-10-11,8.5,4,1,0,34,7,8.5
Yung Berg,2007-05-12,2007,2008-10-25,1.5,2,0,0,34,18,17
Saving Abel,2008-06-28,2008,2009-02-14,0.6,1,0,0,34,20,34
Idina Menzel,2013-12-14,2013,2014-12-06,1.0,2,1,0,34,5,17
James Bay,2016-01-09,2016,2016-08-27,0.6,1,0,0,34,16,34
Nicky Jam,2016-06-11,2016,2017-09-02,1.2,2,0,0,34,73,17
Famous Dex,2017-12-02,2017,2018-07-14,0.6,2,0,0,34,28,17
Mitchell Tenpenny,2018-08-11,2018,2022-10-22,4.2,2,0,0,34,39,17
SAINt JHN,2020-04-04,2020,2020-11-21,0.6,1,1,0,34,4,34
Bill Haley And His Comets,1958-08-11,1958,1974-06-15,15.8,4,0,0,33,39,8.2
Roy Hamilton,1958-11-17,1958,1961-05-15,2.5,5,0,0,33,12,6.6
Ace Cannon,1961-12-25,1961,1964-03-21,2.2,5,0,0,33,17,6.6
Mr. Acker Bilk,1962-03-17,1962,1963-02-23,0.9,4,1,1,33,1,8.2
Steve Alaimo,1962-03-17,1962,1972-05-13,10.2,9,0,0,33,46,3.7
William Bell,1962-04-28,1962,1977-05-28,15.1,5,1,0,33,10,6.6
Vince Guaraldi Trio,1962-12-08,1962,2026-01-03,63.1,4,0,0,33,22,8.2
Patti LaBelle And The Blue Belles,1963-09-14,1963,1967-01-07,3.3,5,0,0,33,34,6.6
Jimmy Gilmer And The Fireballs,1963-09-21,1963,1964-04-25,0.6,3,1,1,33,1,11
Travis Wammack,1964-11-21,1964,1975-11-01,10.9,5,0,0,33,38,6.6
Pozo Seco Singers,1966-02-26,1966,1967-09-30,1.6,6,0,0,33,32,5.5
? (Question Mark) & The Mysterians,1966-09-03,1966,1967-06-17,0.8,4,1,1,33,1,8.2
Bill Cosby,1967-09-02,1967,1976-07-10,8.9,5,1,0,33,4,6.6
Hugh Masekela,1967-12-09,1967,1969-03-01,1.2,4,1,1,33,1,8.2
Jeannie C. Riley,1968-08-24,1968,1971-08-21,3.0,5,1,1,33,1,6.6
Dennis Coffey & The Detroit Guitar Band,1971-10-30,1971,1972-06-24,0.7,3,1,0,33,6,11
Sammy Johns,1974-10-12,1974,1975-07-19,0.8,3,1,0,33,5,11
Alicia Bridges,1978-07-08,1978,1979-04-14,0.8,2,1,0,33,5,16.5
Steel Breeze,1982-08-28,1982,1983-04-09,0.6,2,0,0,33,16,16.5
Gregory Abbott,1986-10-18,1986,1987-05-02,0.5,2,1,1,33,1,16.5
Chico DeBarge,1986-11-08,1986,2000-01-15,13.2,2,0,0,33,21,16.5
Living Colour,1989-03-11,1989,1989-11-18,0.7,3,0,0,33,13,11
L.A. Guns,1990-04-07,1990,1992-05-23,2.1,2,0,0,33,33,16.5
Deee-Lite,1990-09-15,1990,1991-03-09,0.5,2,1,0,33,4,16.5
N2Deep,1992-07-11,1992,1993-02-27,0.6,2,0,0,33,14,16.5
U.N.V.,1993-06-05,1993,1995-08-26,2.2,2,0,0,33,29,16.5
Artie The 1 Man Party,1995-09-30,1995,1996-06-22,0.7,2,0,0,33,65,16.5
3T,1995-10-07,1995,1996-05-18,0.6,1,0,0,33,15,33
Puff Daddy & Faith Evans,1997-06-14,1997,1998-01-24,0.6,1,1,1,33,1,33
Aqua,1997-09-06,1997,1998-04-04,0.6,2,1,0,33,7,16.5
Public Announcement,1998-02-21,1998,2001-10-13,3.6,3,1,0,33,5,11
The Wilkinsons,1998-08-01,1998,1999-03-20,0.6,2,0,0,33,53,16.5
Everlast,1998-12-19,1998,1999-07-31,0.6,1,0,0,33,13,33
Norah Jones,2002-09-28,2002,2007-02-24,4.4,2,0,0,33,30,16.5
Shawnna,2004-07-31,2004,2006-08-05,2.0,2,0,0,33,31,16.5
Jack Ingram,2006-03-25,2006,2009-09-26,3.5,4,0,0,33,63,8.2
Jibbs,2006-08-19,2006,2007-04-07,0.6,2,1,0,33,7,16.5
Amy Winehouse,2007-03-31,2007,2008-03-01,0.9,2,1,0,33,9,16.5
Matt Nathanson,2008-09-13,2008,2011-11-26,3.2,3,0,0,33,53,11
The Black Keys,2010-11-06,2010,2014-05-31,3.6,4,0,0,33,64,8.2
Swedish House Mafia,2012-10-06,2012,2013-05-18,0.6,1,1,0,33,6,33
Bebe Rexha,2017-01-21,2017,2020-10-24,3.8,4,0,0,33,35,8.2
JVKE,2022-09-10,2022,2023-04-22,0.6,1,1,0,33,10,33
Malcolm Todd,2025-04-19,2025,2026-08-22,1.3,6,0,0,33,20,5.5
Dorsey Burnette,1960-02-01,1960,1969-03-01,9.1,3,0,0,32,23,10.7
Walter Brennan,1960-04-25,1960,1962-12-08,2.6,4,1,0,32,5,8
Donnie Brooks,1960-06-13,1960,1961-03-20,0.8,3,1,0,32,7,10.7
The Chimes,1960-10-31,1960,1990-03-03,29.3,3,0,0,32,11,10.7
The String-A-Longs,1961-01-09,1961,1961-08-07,0.6,3,1,0,32,3,10.7
Joe Dowell,1961-06-26,1961,1962-08-18,1.1,3,1,1,32,1,10.7
Bill Anderson,1962-10-27,1962,1978-08-05,15.8,5,1,0,32,8,6.4
Roy Clark,1963-06-29,1963,1974-01-12,10.5,6,0,0,32,19,5.3
The Watts 103rd Street Rhythm Band,1967-09-09,1967,1969-08-16,1.9,3,0,0,32,11,10.7
The Union Gap,1967-11-18,1967,1968-06-08,0.6,2,2,0,32,2,16
Bill Medley,1968-05-18,1968,1982-11-20,14.5,5,0,0,32,43,6.4
Peggy Scott & Jo Jo Benson,1968-06-08,1968,1969-05-24,1.0,4,0,0,32,27,8
Livingston Taylor,1971-02-06,1971,1980-09-27,9.6,5,0,0,32,30,6.4
The Sweet,1971-10-02,1971,1973-07-28,1.8,3,1,0,32,3,10.7
The Jimmy Castor Bunch,1972-05-13,1972,1975-11-29,3.5,3,1,0,32,6,10.7
New York City,1973-03-03,1973,1974-03-16,1.0,3,0,0,32,17,10.7
"Billy ""Crash"" Craddock",1974-06-29,1974,1976-01-31,1.6,3,0,0,32,16,10.7
Elton John & Kiki Dee,1976-07-04,1976,1994-02-12,17.6,2,1,1,32,1,16
High Inergy,1977-09-17,1977,1983-06-18,5.7,3,0,0,32,12,10.7
Randy Newman,1977-11-12,1977,1989-01-21,11.2,2,1,0,32,2,16
Sugarhill Gang,1979-11-10,1979,1982-04-24,2.5,3,0,0,32,36,10.7
"Ray, Goodman & Brown",1980-01-26,1980,1980-10-25,0.7,3,1,0,32,5,10.7
Yarbrough & Peoples,1981-02-07,1981,1986-07-19,5.4,3,0,0,32,19,10.7
Patti Austin A,1982-04-24,1982,1983-04-23,1.0,1,1,1,32,1,32
Michael Sembello,1983-06-04,1983,1983-11-26,0.5,2,1,1,32,1,16
Peter Schilling,1983-09-24,1983,1989-05-27,5.7,2,0,0,32,14,16
Twisted Sister,1984-07-28,1984,1986-02-01,1.5,3,0,0,32,21,10.7
Paul Hardcastle,1985-01-12,1985,1985-08-31,0.6,2,0,0,32,15,16
The Dream Academy,1985-11-30,1985,1986-06-28,0.6,2,1,0,32,7,16
Stryper,1987-11-07,1987,1988-12-03,1.1,3,0,0,32,23,10.7
Faith No More,1990-06-23,1990,1993-05-08,2.9,3,1,0,32,9,10.7
Shakespear's Sister,1992-07-04,1992,1993-02-13,0.6,2,1,0,32,4,16
Joey Lawrence,1993-03-06,1993,1993-10-02,0.6,2,0,0,32,19,16
David Ball,1994-07-02,1994,2002-03-09,7.7,2,0,0,32,36,16
4PM,1994-09-17,1994,1995-04-22,0.6,1,1,0,32,8,32
Filter,1995-08-05,1995,2002-08-24,7.1,3,0,0,32,12,10.7
Shawn Colvin,1997-07-12,1997,1998-02-14,0.6,1,1,0,32,7,32
Nine Days,2000-05-06,2000,2000-12-30,0.7,2,1,0,32,6,16
Billy Gilman,2000-06-17,2000,2001-02-03,0.6,2,0,0,32,38,16
Moby,2000-12-02,2000,2001-07-07,0.6,1,0,0,32,14,32
P. Diddy,2001-10-27,2001,2002-08-17,0.8,2,1,0,32,2,16
"Eminem, Dr. Dre & 50 Cent",2004-11-20,2004,2009-05-23,4.5,2,1,1,32,1,16
Howie Day,2005-02-12,2005,2005-09-17,0.6,1,0,0,32,20,32
Daniel Powter,2006-02-25,2006,2006-09-30,0.6,1,1,1,32,1,32
Pleasure P,2008-11-08,2008,2009-11-14,1.0,3,0,0,32,42,10.7
Travie McCoy,2010-04-17,2010,2013-12-07,3.6,2,1,0,32,4,16
Dev,2010-12-25,2010,2011-12-31,1.0,2,0,0,32,11,16
Snoop Dogg & Wiz Khalifa,2011-10-29,2011,2012-06-02,0.6,1,1,0,32,7,32
"Kanye West, Big Sean, Pusha T, 2 Chainz",2012-04-21,2012,2012-11-24,0.6,1,0,0,32,13,32
Fitz And The Tantrums,2014-03-15,2014,2017-02-25,3.0,2,0,0,32,53,16
Tori Kelly,2015-03-14,2015,2016-03-12,1.0,3,0,0,32,51,10.7
Hailee Steinfeld,2015-08-29,2015,2017-09-23,2.1,2,0,0,32,30,16
YFN Lucci,2016-10-08,2016,2020-10-03,4.0,3,0,0,32,33,10.7
Perry Como And The Fontane Sisters,2018-12-29,2018,2026-01-03,7.0,1,0,0,32,12,32
Matt Stell,2019-08-17,2019,2021-01-16,1.4,2,0,0,32,36,16
Nardo Wick,2021-10-23,2021,2023-04-15,1.5,3,0,0,32,17,10.7
Em Beihold,2022-02-12,2022,2022-09-17,0.6,1,0,0,32,18,32
Nicky Youre & dazy,2022-06-11,2022,2023-02-11,0.7,1,1,0,32,4,32
David Kushner,2023-04-29,2023,2024-02-03,0.8,2,0,0,32,33,16
Sexyy Red,2023-09-16,2023,2024-08-10,0.9,2,0,0,32,20,16
"Future, Metro Boomin & Kendrick Lamar",2024-04-06,2024,2025-02-22,0.9,1,1,1,32,1,32
Addison Rae,2024-09-21,2024,2026-03-21,1.5,3,0,0,32,54,10.7
Lola Young,2024-12-14,2024,2025-07-19,0.6,1,0,0,32,14,32
Sam Barber,2024-12-21,2024,2025-07-26,0.6,1,0,0,32,40,32
PinkPantheress,2025-07-19,2025,2026-08-15,1.1,2,1,0,32,6,16
Joe South,1958-08-04,1958,1971-12-18,13.4,6,0,0,31,12,5.2
June Valli,1958-11-24,1958,1960-05-30,1.5,3,0,0,31,29,10.3
Wilbert Harrison,1959-04-13,1959,1971-03-20,11.9,3,1,1,31,1,10.3
Percy Faith And His Orchestra,1960-01-11,1960,1960-07-11,0.5,2,1,1,31,1,15.5
Paul Evans,1960-01-25,1960,1960-08-29,0.6,3,1,0,31,10,10.3
Eddie Holland,1962-01-20,1962,1964-10-03,2.7,4,0,0,31,30,7.8
Frank Ifield,1962-09-08,1962,1964-01-18,1.4,4,1,0,31,5,7.8
Inez Foxx,1963-06-22,1963,1964-06-20,1.0,4,1,0,31,7,7.8
The Toys,1965-09-11,1965,1966-09-24,1.0,4,1,0,31,2,7.8
New Colony Six,1966-02-19,1966,1970-02-07,4.0,4,0,0,31,16,7.8
The Five Stairsteps,1966-05-21,1966,1970-10-17,4.4,7,0,0,31,49,4.4
Roberta Flack & Donny Hathaway,1971-06-12,1971,1972-09-02,1.2,3,1,0,31,5,10.3
Moments,1971-08-21,1971,1975-08-23,4.0,4,0,0,31,17,7.8
Fanny,1971-09-18,1971,1975-04-12,3.6,4,0,0,31,29,7.8
Grateful Dead,1971-11-27,1971,1987-10-31,15.9,4,1,0,31,9,7.8
Looking Glass,1972-06-17,1972,1973-10-27,1.4,2,1,1,31,1,15.5
Deodato,1973-02-03,1973,1982-07-17,9.4,4,1,0,31,2,7.8
Garfunkel,1973-09-15,1973,1974-11-09,1.1,3,1,0,31,9,10.3
Pilot,1975-04-05,1975,1976-03-06,0.9,3,1,0,31,5,10.3
Waylon & Willie,1976-02-07,1976,1982-05-29,6.3,3,0,0,31,25,10.3
Rick Dees & His Cast Of Idiots,1976-08-14,1976,1977-02-19,0.5,2,1,1,31,1,15.5
Starz,1976-12-25,1976,1978-11-04,1.9,6,0,0,31,33,5.2
Alan O'Day,1977-04-02,1977,1977-11-05,0.6,2,1,1,31,1,15.5
Randy VanWarmer,1979-03-24,1979,1981-08-08,2.4,3,1,0,31,4,10.3
Patrice Rushen,1980-01-26,1980,1984-08-04,4.5,3,0,0,31,23,10.3
Debbie Harry,1981-08-15,1981,1987-08-15,6.0,4,0,0,31,43,7.8
John Cougar Mellencamp,1983-10-15,1983,1984-06-23,0.7,2,1,0,31,9,15.5
The Honeydrippers,1984-10-13,1984,1985-03-16,0.4,2,1,0,31,3,15.5
Falco,1986-02-08,1986,1986-07-26,0.5,2,1,1,31,1,15.5
Johnny Hates Jazz,1988-03-19,1988,1988-09-24,0.5,2,1,0,31,2,15.5
Sybil,1989-09-23,1989,1993-04-24,3.6,3,0,0,31,20,10.3
Troop,1990-07-07,1990,1992-12-19,2.5,3,0,0,31,47,10.3
Gerardo,1991-02-02,1991,1991-08-31,0.6,3,1,0,31,7,10.3
AB Logic,1992-08-01,1992,1993-03-06,0.6,2,0,0,31,60,15.5
Onyx,1993-04-03,1993,1995-12-09,2.7,4,1,0,31,4,7.8
The Corrs,1995-10-14,1995,2001-06-09,5.7,2,0,0,31,34,15.5
Yvette Michele,1996-02-03,1996,1997-12-27,1.9,3,0,0,31,44,10.3
BLACKstreet (Featuring Dr. Dre),1996-10-12,1996,1997-05-10,0.6,1,1,1,31,1,31
3rd Party,1997-05-03,1997,1997-12-06,0.6,2,0,0,31,43,15.5
Chumbawamba,1997-09-13,1997,1998-04-11,0.6,1,1,0,31,6,31
Billie Myers,1997-11-08,1997,1998-06-06,0.6,1,0,0,31,15,31
Mark Chesnutt,1998-12-19,1998,2002-10-19,3.8,2,0,0,31,17,15.5
Angie Martinez,2002-06-22,2002,2003-02-22,0.7,2,0,0,31,15,15.5
Baby,2002-11-16,2002,2003-04-26,0.4,2,0,0,31,33,15.5
Wayne Wonder,2003-01-11,2003,2003-08-09,0.6,1,0,0,31,11,31
Stacie Orrico,2003-05-17,2003,2004-01-31,0.7,2,0,0,31,30,15.5
Ruben Studdard,2003-06-28,2003,2006-11-18,3.4,3,2,0,31,2,10.3
Elephant Man,2003-07-19,2003,2004-08-21,1.1,2,0,0,31,57,15.5
Yellowcard,2004-05-15,2004,2011-02-05,6.7,3,0,0,31,37,10.3
Death Cab For Cutie,2005-10-08,2005,2008-07-12,2.8,2,0,0,31,60,15.5
Nick Lachey,2006-03-11,2006,2006-10-28,0.6,2,1,0,31,6,15.5
Elliott Yamin,2007-03-17,2007,2007-11-24,0.7,2,0,0,31,13,15.5
Secondhand Serenade,2007-05-26,2007,2009-01-17,1.6,2,0,0,31,21,15.5
Rocko,2008-02-23,2008,2013-09-07,5.5,2,0,0,31,20,15.5
Estelle,2008-05-03,2008,2012-03-17,3.9,2,1,0,31,9,15.5
Gavin Rossdale,2008-06-21,2008,2009-01-17,0.6,1,0,0,31,27,31
Love And Theft,2009-09-12,2009,2012-10-13,3.1,2,0,0,31,32,15.5
Craig Campbell,2011-04-09,2011,2014-07-19,3.3,4,0,0,31,72,7.8
Romeo Santos,2011-06-25,2011,2017-12-23,6.5,7,0,0,31,45,4.4
A$AP Ferg,2013-06-08,2013,2020-08-22,7.2,4,0,0,31,19,7.8
"Jessie J, Ariana Grande & Nicki Minaj",2014-08-16,2014,2015-03-14,0.6,1,1,0,31,3,31
Zedd & Alessia Cara,2017-03-18,2017,2017-10-14,0.6,1,1,0,31,7,31
Offset & Metro Boomin,2017-11-18,2017,2018-06-09,0.6,2,0,0,31,13,15.5
Jawsh 685 x Jason Derulo,2020-06-27,2020,2021-02-06,0.6,1,1,1,31,1,31
Djo,2024-03-02,2024,2026-03-14,2.0,1,1,0,31,6,31
Faron Young,1958-08-11,1958,1972-03-04,13.6,5,0,0,30,12,6
Kathy Young,1960-10-24,1960,1961-10-02,0.9,3,1,0,30,3,10
The Rooftop Singers,1963-01-05,1963,1963-08-31,0.7,3,1,1,30,1,10
Little Stevie Wonder,1963-06-22,1963,1964-04-25,0.8,3,1,1,30,1,10
Steve & Eydie,1963-07-20,1963,1972-11-18,9.3,3,0,0,30,28,10
Esther Phillips,1965-05-08,1965,1975-11-29,10.6,3,0,0,30,20,10
James Carr,1966-04-09,1966,1968-03-09,1.9,6,0,0,30,63,5
The Sweet Inspirations,1967-06-03,1967,1968-09-28,1.3,5,0,0,30,18,6
Procol Harum,1967-06-24,1967,1972-08-19,5.2,3,1,0,30,5,10
Linda Jones,1967-06-24,1967,1972-04-22,4.8,4,0,0,30,21,7.5
Iron Butterfly,1968-08-24,1968,1970-11-28,2.3,4,0,0,30,30,7.5
R.B. Greaves,1969-10-18,1969,1970-12-19,1.2,5,1,0,30,2,6
George Baker Selection,1970-03-21,1970,1976-03-06,6.0,3,0,0,30,21,10
The Poppy Family (Featuring Susan Jacks),1970-03-28,1970,1970-10-31,0.6,2,1,0,30,2,15
Bobby Bloom,1970-09-12,1970,1971-07-17,0.8,4,1,0,30,8,7.5
Climax,1972-01-01,1972,1972-09-16,0.7,2,1,0,30,3,15
Jim Capaldi,1972-04-08,1972,1983-09-24,11.5,5,0,0,30,28,6
Vicki Lawrence,1973-02-10,1973,1975-11-01,2.7,3,1,1,30,1,10
The DeFranco Family,1973-09-08,1973,1974-07-27,0.9,2,1,0,30,3,15
Marie Osmond,1973-09-15,1973,1977-06-11,3.7,3,1,0,30,5,10
David Essex,1973-11-10,1973,1974-06-29,0.6,2,1,0,30,5,15
Charlene,1977-03-05,1977,1982-07-17,5.4,3,1,0,30,3,10
Toby Beau,1978-06-03,1978,1980-07-26,2.1,3,0,0,30,13,10
Spyro Gyra,1978-06-17,1978,1981-03-07,2.7,4,0,0,30,24,7.5
Waylon,1979-06-09,1979,1981-02-14,1.7,2,0,0,30,21,15
Rainbow,1979-11-17,1979,1984-01-07,4.1,3,0,0,30,40,10
"Lipps, Inc.",1980-03-29,1980,1980-09-13,0.5,2,1,1,30,1,15
Johnny Lee,1980-07-12,1980,1981-12-05,1.4,2,1,0,30,5,15
Van Stephenson,1981-09-12,1981,1984-09-29,3.0,3,0,0,30,22,10
Lee Greenwood,1983-05-28,1983,2002-01-19,18.6,3,0,0,30,16,10
Club Nouveau,1987-02-14,1987,1987-08-22,0.5,2,1,1,30,1,15
Noel,1987-08-22,1987,1988-05-28,0.8,2,0,0,30,47,15
Bardeux,1988-02-27,1988,1989-11-18,1.7,3,0,0,30,36,10
Giant Steps,1988-08-20,1988,1989-03-18,0.6,2,0,0,30,13,15
Giant,1989-09-30,1989,1990-08-04,0.8,2,0,0,30,20,15
D-Mob,1989-12-16,1989,1990-06-23,0.5,2,1,0,30,10,15
The U-Krew,1990-01-27,1990,1990-07-28,0.5,2,0,0,30,24,15
Jane Child,1990-02-10,1990,1990-07-28,0.5,2,1,0,30,2,15
Calloway,1990-02-10,1990,1990-09-01,0.6,2,1,0,30,2,15
Sinead O'Connor,1990-03-17,1990,1990-08-18,0.4,2,1,1,30,1,15
Jasmine Guy,1991-03-23,1991,1991-12-14,0.7,2,0,0,30,34,15
DJ Quik,1991-08-24,1991,1995-06-03,3.8,3,0,0,30,49,10
Tom Cochrane,1992-05-16,1992,1992-12-05,0.6,2,1,0,30,6,15
Shabba Ranks,1992-06-13,1992,1995-05-06,2.9,3,0,0,30,40,10
Paperboy,1992-12-19,1992,1993-07-10,0.6,1,1,0,30,10,30
Wu-Tang Clan,1993-10-09,1993,1994-06-25,0.7,2,0,0,30,60,15
Eazy-E,1993-11-13,1993,2015-09-12,21.8,3,0,0,30,42,10
KRS-One,1994-02-05,1994,1997-06-28,3.4,3,0,0,30,57,10
Billy Lawrence,1994-07-30,1994,1998-01-31,3.5,3,0,0,30,44,10
20 Fingers,1994-09-10,1994,1995-04-01,0.6,1,0,0,30,14,30
Jon B.,1995-04-29,1995,1995-11-18,0.6,1,1,0,30,10,30
Take That,1995-08-12,1995,1996-03-02,0.6,1,1,0,30,7,30
Too Short,1996-08-24,1996,2004-04-03,7.6,2,0,0,30,68,15
The Roots,1997-01-11,1997,2003-03-15,6.2,3,0,0,30,34,10
matchbox 20,1998-12-05,1998,1999-07-03,0.6,2,0,0,30,24,15
Chely Wright,1999-05-15,1999,2000-05-06,1.0,2,0,0,30,36,15
M2M,1999-11-20,1999,2000-07-29,0.7,2,0,0,30,21,15
Mr. Cheeks,2001-10-13,2001,2002-05-04,0.6,1,0,0,30,14,30
"Nelly, P. Diddy & Murphy Lee",2003-06-28,2003,2004-01-17,0.6,1,1,1,30,1,30
Mario Winans,2004-02-21,2004,2004-09-11,0.6,1,1,0,30,2,30
Los Lonely Boys,2004-05-15,2004,2004-12-04,0.6,1,0,0,30,16,30
Gnarls Barkley,2006-05-20,2006,2008-04-05,1.9,2,1,0,30,2,15
Jay-Z + Alicia Keys,2009-09-26,2009,2010-04-17,0.6,1,1,1,30,1,30
Nicky Jam & Enrique Iglesias,2015-04-11,2015,2015-10-31,0.6,1,0,0,30,56,30
Flume,2016-04-23,2016,2017-02-11,0.8,2,0,0,30,20,15
KYLE,2017-01-14,2017,2017-08-05,0.6,1,1,0,30,4,30
Normani,2019-08-31,2019,2021-12-11,2.3,2,0,0,30,14,15
Dan + Shay & Justin Bieber,2019-10-19,2019,2020-05-09,0.6,1,1,0,30,4,30
Elle King & Miranda Lambert,2021-03-13,2021,2022-04-23,1.1,1,0,0,30,37,30
Ryan Hurd,2021-05-01,2021,2022-01-15,0.7,1,0,0,30,23,30
Russell Dickerson & Jake Scott,2022-04-02,2022,2022-11-05,0.6,1,0,0,30,63,30
Tito Double P,2024-10-12,2024,2025-05-03,0.6,4,0,0,30,72,7.5
Tame Impala,2025-10-11,2025,2026-08-22,0.9,3,0,0,30,22,10
Perez Prado And His Orchestra,1958-08-04,1958,1962-05-05,3.8,4,1,0,29,2,7.2
Doris Day,1958-08-04,1958,1962-04-07,3.7,5,0,0,29,14,5.8
George Hamilton IV,1958-08-25,1958,1963-09-21,5.1,4,0,0,29,15,7.2
The Applejacks,1958-09-15,1958,1959-03-16,0.5,3,0,0,29,16,9.7
Ruth Brown,1958-09-22,1958,1962-09-08,4.0,6,0,0,29,24,4.8
Jerry Vale,1958-10-13,1958,1966-10-15,8.0,6,0,0,29,24,4.8
The Mills Brothers,1959-01-05,1959,1968-11-30,9.9,4,0,0,29,23,7.2
Webb Pierce,1959-08-10,1959,1960-11-21,1.3,5,0,0,29,24,5.8
Freddie Cannon,1959-08-24,1959,1960-08-22,1.0,3,1,0,29,3,9.7
Danny & The Juniors,1960-09-19,1960,1963-01-26,2.4,6,0,0,29,27,4.8
U.S. Bonds,1960-10-17,1960,1961-08-28,0.9,2,2,1,29,1,14.5
Ernie K-Doe,1961-03-27,1961,1962-02-24,0.9,5,1,1,29,1,5.8
Tony Orlando,1961-05-01,1961,1979-08-11,18.3,4,0,0,29,15,7.2
The Castells,1961-05-29,1961,1962-09-01,1.3,4,0,0,29,20,7.2
Bruce Channel,1962-01-27,1962,1967-12-30,5.9,5,1,1,29,1,5.8
Jimmy McGriff,1962-10-13,1962,1968-12-14,6.2,6,0,0,29,20,4.8
Dale & Grace,1963-10-05,1963,1964-05-30,0.7,3,2,1,29,1,9.7
Louis Armstrong And The All Stars,1964-02-15,1964,1964-08-01,0.5,2,1,1,29,1,14.5
Patty Duke,1965-06-26,1965,1966-03-26,0.7,4,1,0,29,8,7.2
The Arbors,1966-10-15,1966,1969-06-28,2.7,4,0,0,29,20,7.2
Fantastic Four,1967-05-27,1967,1975-09-13,8.3,4,0,0,29,55,7.2
The Jimi Hendrix Experience,1967-08-26,1967,1969-01-18,1.4,4,0,0,29,20,7.2
Soul Survivors,1967-09-02,1967,1968-05-25,0.7,3,1,0,29,4,9.7
100 Proof Aged in Soul,1969-12-20,1969,1972-06-10,2.5,4,1,0,29,8,7.2
Eric Burdon And War,1970-05-23,1970,1971-02-06,0.7,2,1,0,29,3,14.5
Stampeders,1971-08-14,1971,1976-04-17,4.7,3,1,0,29,8,9.7
The Independents,1973-04-07,1973,1974-12-07,1.7,4,0,0,29,21,7.2
Paper Lace,1974-04-27,1974,1974-12-07,0.6,3,1,1,29,1,9.7
El Coco,1976-10-23,1976,1978-12-02,2.1,3,0,0,29,44,9.7
Bill Conti,1977-04-23,1977,1983-01-01,5.7,2,1,1,29,1,14.5
C.J. & Company,1977-05-21,1977,1977-12-03,0.5,1,0,0,29,36,29
Larry Graham,1980-06-28,1980,1981-10-03,1.3,3,1,0,29,9,9.7
Frida,1982-11-06,1982,1983-05-21,0.5,1,0,0,29,13,29
Saga,1982-12-04,1982,1983-12-10,1.0,3,0,0,29,26,9.7
Peabo Bryson/Roberta Flack,1983-07-09,1983,1984-01-21,0.5,1,0,0,29,16,29
The Deele,1984-01-21,1984,1988-07-16,4.5,2,1,0,29,10,14.5
Boy George,1987-12-26,1987,1993-07-03,5.5,2,0,0,29,15,14.5
Rob Base & D.J. E-Z Rock,1988-08-20,1988,1989-08-19,1.0,2,0,0,29,36,14.5
Edie Brickell & New Bohemians,1988-11-26,1988,1989-06-10,0.5,2,1,0,29,7,14.5
The Soup Dragons,1990-11-17,1990,1993-01-30,2.2,3,0,0,29,35,9.7
Public Enemy,1991-10-19,1991,1994-10-15,3.0,2,0,0,29,33,14.5
Boy Krazy,1993-01-23,1993,1993-07-24,0.5,2,0,0,29,18,14.5
The Lemonheads,1993-11-13,1993,1997-08-23,3.8,2,0,0,29,60,14.5
Keith Murray,1994-10-22,1994,2003-04-19,8.5,3,0,0,29,50,9.7
Elastica,1995-03-25,1995,1995-09-16,0.5,2,0,0,29,53,14.5
Lisa Loeb,1997-11-01,1997,1998-06-13,0.6,2,0,0,29,17,14.5
Jesse Powell,1998-08-22,1998,1999-07-03,0.9,2,1,0,29,10,14.5
Queens Of The Stone Age,2002-12-28,2002,2005-04-23,2.3,2,0,0,29,51,14.5
Cassie,2006-04-29,2006,2006-11-11,0.5,2,1,0,29,3,14.5
Icona Pop,2013-02-16,2013,2013-08-31,0.5,1,1,0,29,7,29
Hailee Steinfeld & Grey,2016-08-20,2016,2017-03-04,0.5,1,0,0,29,12,29
Julia Michaels,2017-02-11,2017,2017-08-26,0.5,1,0,0,29,11,29
Kygo x Selena Gomez,2017-03-04,2017,2017-09-16,0.5,1,1,0,29,10,29
Midland,2017-05-27,2017,2019-03-16,1.8,2,0,0,29,45,14.5
Liam Payne,2017-06-10,2017,2017-12-16,0.5,2,1,0,29,10,14.5
J Balvin & Willy William,2017-07-22,2017,2018-02-03,0.5,1,1,0,29,3,29
Marshmello & Anne-Marie,2018-02-24,2018,2018-09-08,0.5,1,0,0,29,11,29
Lil Baby & Drake,2018-05-26,2018,2018-12-08,0.5,1,1,0,29,6,29
Dean Lewis,2018-11-10,2018,2019-05-25,0.5,1,0,0,29,23,29
Offset,2019-03-02,2019,2023-11-04,4.7,7,0,0,29,39,4.1
JP Saxe,2020-04-11,2020,2020-10-24,0.5,1,0,0,29,27,29
Internet Money & Gunna,2020-08-29,2020,2021-03-13,0.5,1,1,0,29,6,29
CKay,2021-10-02,2021,2022-04-16,0.5,1,0,0,29,26,29
Lauren Spencer-Smith,2022-01-15,2022,2023-01-07,1.0,3,0,0,29,19,9.7
Real Boston Richey,2024-08-03,2024,2025-02-15,0.5,1,0,0,29,47,29
Stella Lefty,2026-06-13,2026,2026-08-22,0.2,1,0,0,29,40,11
The Harry Simeone Chorale,1958-12-22,1958,1962-12-29,4.0,1,0,0,28,13,28
The Wailers,1959-05-18,1959,1964-06-13,5.1,2,0,0,28,36,14
Stonewall Jackson,1959-05-25,1959,1960-04-11,0.9,4,1,0,28,4,7
Dinah Washington & Brook Benton,1960-01-25,1960,1960-08-15,0.6,2,2,0,28,5,14
Billy Bland,1960-02-15,1960,1961-08-28,1.5,4,1,0,28,7,7
Jimmy Soul,1962-03-31,1962,1963-06-29,1.2,2,1,1,28,1,14
Bob B. Soxx And The Blue Jeans,1962-11-17,1962,1963-07-13,0.7,3,1,0,28,8,9.3
The Essex,1963-06-08,1963,1963-12-14,0.5,3,1,1,28,1,9.3
Lonnie Mack,1963-06-08,1963,1965-11-27,2.5,4,1,0,28,5,7
Irma Thomas,1964-03-28,1964,1965-02-06,0.9,4,0,0,28,17,7
Fontella Bass,1965-10-02,1965,1966-08-27,0.9,4,1,0,28,4,7
Bunny Sigler,1967-06-24,1967,1978-05-06,10.9,4,0,0,28,22,7
The Esquires,1967-08-19,1967,1969-01-25,1.4,3,0,0,28,11,9.3
King Curtis & The Kingpins,1967-11-25,1967,1971-02-27,3.3,7,0,0,28,64,4
"Faith, Hope And Charity",1970-05-16,1970,1975-11-22,5.5,3,0,0,28,50,9.3
Sugarloaf,1970-08-15,1970,1971-07-10,0.9,3,1,0,28,3,9.3
Donnie Elbert,1970-11-28,1970,1972-03-25,1.3,4,0,0,28,15,7
The 8th Day,1971-05-15,1971,1972-01-29,0.7,3,0,0,28,11,9.3
Daniel Boone,1972-06-03,1972,1975-06-07,3.0,3,0,0,28,15,9.3
The Blue Ridge Rangers,1972-12-02,1972,1973-06-16,0.5,2,0,0,28,16,14
Brass Construction,1976-04-03,1976,1977-03-12,0.9,2,0,0,28,14,14
Walter Murphy & The Big Apple Band,1976-05-29,1976,1976-12-04,0.5,1,1,1,28,1,28
Paul Nicholas,1977-08-20,1977,1978-08-26,1.0,2,1,0,28,6,14
Rockets,1979-04-21,1979,1980-03-22,0.9,3,0,0,28,30,9.3
Ali Thomson,1980-06-14,1980,1980-11-22,0.4,2,0,0,28,15,14
Balance,1981-07-11,1981,1982-01-30,0.6,2,0,0,28,22,14
Roger,1981-11-07,1981,1988-04-02,6.4,2,1,0,28,3,14
Patti Austin,1981-12-12,1981,1986-06-28,4.5,3,0,0,28,55,9.3
Vangelis,1981-12-12,1981,1982-06-19,0.5,1,1,1,28,1,28
Talk Talk,1982-10-16,1982,1986-02-22,3.4,4,0,0,28,31,7
Jarreau,1983-03-19,1983,1983-10-22,0.6,3,0,0,28,21,9.3
Sheriff,1983-05-14,1983,1989-04-15,5.9,1,1,1,28,1,28
Alphaville,1984-11-24,1984,1989-01-28,4.2,2,0,0,28,65,14
The Firm,1985-02-09,1985,1986-04-05,1.1,3,0,0,28,28,9.3
Force M.D.'s,1986-02-01,1986,1987-10-24,1.7,2,1,0,28,10,14
The Breakfast Club,1987-03-14,1987,1987-09-05,0.5,2,1,0,28,7,14
Wet Wet Wet,1988-05-28,1988,1994-11-19,6.5,2,0,0,28,41,14
Whistle,1989-06-03,1989,1990-07-14,1.1,2,0,0,28,35,14
Shana,1989-10-07,1989,1990-04-21,0.5,2,0,0,28,40,14
2 In A Room,1990-10-06,1990,1994-06-04,3.7,2,0,0,28,15,14
Stacy Earl,1991-11-16,1991,1992-08-15,0.7,2,0,0,28,26,14
Right Said Fred,1991-12-21,1991,1992-05-30,0.4,2,1,1,28,1,14
Portrait,1992-11-14,1992,1995-08-12,2.7,2,0,0,28,11,14
Vanessa Williams/Brian McKnight,1993-01-23,1993,1993-07-31,0.5,1,1,0,28,3,28
Lina Santiago,1996-01-27,1996,1996-09-28,0.7,2,0,0,28,35,14
Richie Rich,1996-11-30,1996,1997-06-07,0.5,2,0,0,28,57,14
Puff Daddy (Featuring Mase),1997-01-25,1997,1997-08-02,0.5,1,1,1,28,1,28
Sam Salter,1997-08-23,1997,1998-09-05,1.0,2,0,0,28,51,14
Davina,1997-11-01,1997,1998-06-13,0.6,2,0,0,28,60,14
Uncle Sam,1997-11-08,1997,1998-05-16,0.5,1,1,0,28,6,28
Lord Tariq & Peter Gunz,1997-11-15,1997,1998-06-20,0.6,1,1,0,28,9,28
Queen Pen,1997-12-13,1997,1998-07-11,0.6,3,0,0,28,28,9.3
Marcy Playground,1998-04-11,1998,1998-10-17,0.5,1,1,0,28,8,28
Eagle-Eye Cherry,1998-12-05,1998,1999-06-12,0.5,1,1,0,28,5,28
Fastball,1998-12-05,1998,1999-11-13,0.9,2,0,0,28,20,14
Patty Loveless,1999-04-17,1999,2003-10-25,4.5,3,0,0,28,71,9.3
Tal Bachman,1999-06-19,1999,1999-12-25,0.5,1,0,0,28,14,28
Yankee Grey,1999-09-18,1999,2000-06-17,0.7,2,0,0,28,55,14
Slum Village,2002-07-20,2002,2004-09-11,2.1,2,0,0,28,55,14
Natalie,2005-02-12,2005,2005-08-06,0.5,2,0,0,28,13,14
Juanes,2005-04-09,2005,2008-01-05,2.7,3,0,0,28,69,9.3
LeToya,2006-05-06,2006,2009-12-19,3.6,2,0,0,28,31,14
30 Seconds To Mars,2006-08-05,2006,2007-03-31,0.7,2,0,0,28,65,14
Mat Kearney,2006-10-07,2006,2011-08-20,4.9,3,0,0,28,41,9.3
Lily Allen,2007-02-10,2007,2009-05-16,2.3,3,0,0,28,49,9.3
Melanie Fiona,2009-12-05,2009,2012-04-21,2.4,2,0,0,28,43,14
Edward Maya & Vika Jigulina,2010-10-23,2010,2011-04-30,0.5,1,0,0,28,16,28
Bobby Shmurda,2014-08-16,2014,2015-01-31,0.5,2,1,0,28,6,14
Amine,2016-09-24,2016,2017-04-01,0.5,1,0,0,28,11,28
BLACKPINK,2018-06-30,2018,2026-03-14,7.7,8,0,0,28,22,3.5
Sheck Wes,2018-09-08,2018,2019-03-16,0.5,1,1,0,28,6,28
Surf Mesa,2020-06-06,2020,2020-12-12,0.5,1,0,0,28,23,28
Masked Wolf,2021-02-27,2021,2021-09-04,0.5,1,1,0,28,6,28
"Usher, Summer Walker & 21 Savage",2023-08-19,2023,2024-03-02,0.5,1,0,0,28,25,28
Warren Zeiders,2023-08-26,2023,2024-03-30,0.6,1,0,0,28,19,28
Future & Metro Boomin,2024-04-06,2024,2024-04-27,0.1,20,1,0,28,8,1.4
Dave & Tems,2026-02-07,2026,2026-08-22,0.5,1,0,0,28,49,28
"HARDY, Eric Church, Morgan Wallen & Tim McGraw",2026-02-14,2026,2026-08-22,0.5,1,0,0,28,31,28
Buddy Holly,1958-08-04,1958,1959-05-25,0.8,4,0,0,27,13,6.8
John Fred And The Playboys,1959-02-23,1959,1968-03-30,9.1,3,1,1,27,1,9
The Chordettes,1959-03-02,1959,1961-09-25,2.6,4,0,0,27,13,6.8
Ernie Fields & Orch.,1959-09-21,1959,1960-04-18,0.6,2,1,0,27,4,13.5
Kitty Kallen,1959-10-05,1959,1963-02-23,3.4,3,0,0,27,18,9
The Ikettes,1962-01-13,1962,1965-11-20,3.9,3,0,0,27,19,9
George Maharis,1962-04-21,1962,1963-10-05,1.5,5,0,0,27,25,5.4
The Strangeloves,1965-06-26,1965,1966-06-18,1.0,4,0,0,27,11,6.8
Blues Magoos,1966-12-10,1966,1967-07-08,0.6,4,1,0,27,5,6.8
Every Mothers' Son,1967-05-06,1967,1968-02-10,0.8,4,1,0,27,6,6.8
Syl Johnson,1967-08-19,1967,1975-07-26,7.9,6,0,0,27,48,4.5
"Hugo Montenegro, His Orchestra And Chorus",1968-02-17,1968,1968-07-27,0.4,2,1,0,27,2,13.5
The Cuff Links,1969-09-13,1969,1970-04-11,0.6,3,1,0,27,9,9
The Soul Children,1969-10-11,1969,1974-04-13,4.5,3,0,0,27,36,9
Norman Greenbaum,1970-02-28,1970,1971-06-19,1.3,3,1,0,27,3,9
Delaney & Bonnie & Friends,1970-05-23,1970,1971-08-28,1.3,3,0,0,27,13,9
R. Dean Taylor,1970-09-05,1970,1972-04-29,1.6,4,1,0,27,5,6.8
Jackie Moore,1970-12-05,1970,1973-09-22,2.8,2,0,0,27,30,13.5
Derek & The Dominos,1971-02-27,1971,1972-08-19,1.5,2,1,0,27,10,13.5
Ocean,1971-03-13,1971,1972-10-14,1.6,4,1,0,27,2,6.8
Ian Matthews,1972-02-19,1972,1979-05-05,7.2,3,0,0,27,13,9
Terry Jacks,1974-01-12,1974,1974-12-07,0.9,3,1,1,27,1,9
Sami Jo,1974-02-09,1974,1974-10-05,0.7,2,0,0,27,21,13.5
William DeVaughn,1974-05-04,1974,1974-11-02,0.5,2,1,0,27,4,13.5
Fancy,1974-06-15,1974,1974-12-14,0.5,2,0,0,27,14,13.5
Billy Swan,1974-09-28,1974,1975-11-29,1.2,3,1,1,27,1,9
Sugarloaf/Jerry Corbetta,1974-12-07,1974,1975-07-12,0.6,2,1,0,27,9,13.5
Johnny Wakelin & The Kinshasa Band,1975-03-08,1975,1975-09-27,0.6,1,0,0,27,21,27
Jessi Colter,1975-04-05,1975,1975-11-08,0.6,3,1,0,27,4,9
Roxy Music,1975-12-27,1975,1980-08-30,4.7,3,0,0,27,30,9
John Miles,1976-02-14,1976,1977-06-25,1.4,3,0,0,27,34,9
Maze,1977-05-28,1977,1985-04-20,7.9,4,0,0,27,67,6.8
Terri Gibbs,1981-01-17,1981,1981-07-18,0.5,2,0,0,27,13,13.5
Stars On 45,1981-04-11,1981,1981-08-29,0.4,2,1,1,27,1,13.5
Diana Ross & Lionel Richie,1981-07-11,1981,1982-01-09,0.5,1,1,1,27,1,27
Dexys Midnight Runners,1983-01-22,1983,1983-06-25,0.4,2,1,1,27,1,13.5
Sly Fox,1985-12-28,1985,1986-06-14,0.5,2,1,0,27,7,13.5
Bourgeois Tagg,1986-04-12,1986,1988-01-30,1.8,2,0,0,27,38,13.5
David & David,1986-10-04,1986,1987-04-04,0.5,2,0,0,27,37,13.5
T'Pau,1987-05-02,1987,1987-10-31,0.5,1,1,0,27,4,27
When In Rome,1988-09-03,1988,1989-02-25,0.5,2,0,0,27,11,13.5
Siouxsie & The Banshees,1988-10-15,1988,1991-11-09,3.1,2,0,0,27,23,13.5
Trixter,1990-12-01,1990,1991-08-10,0.7,3,0,0,27,65,9
Big Audio,1991-09-21,1991,1992-04-18,0.6,2,0,0,27,32,13.5
M.C. Brains,1992-01-18,1992,1992-08-29,0.6,2,0,0,27,21,13.5
Black Sheep,1992-02-29,1992,1992-08-29,0.5,2,0,0,27,57,13.5
Rozalla,1992-06-27,1992,1994-02-05,1.6,2,0,0,27,37,13.5
Digable Planets,1993-01-16,1993,1994-11-26,1.9,2,0,0,27,15,13.5
Jazzy Jeff & The Fresh Prince,1993-08-07,1993,1994-01-15,0.4,2,0,0,27,13,13.5
US3,1993-11-27,1993,1994-05-28,0.5,1,1,0,27,9,27
Deadeye Dick,1994-08-27,1994,1995-02-25,0.5,1,0,0,27,27,27
Jamie Walters,1995-01-28,1995,1995-07-29,0.5,1,0,0,27,16,27
Redman,1995-02-25,1995,2001-05-26,6.2,5,0,0,27,42,5.4
Nicki French,1995-04-01,1995,1995-09-30,0.5,1,1,0,27,2,27
Skee-Lo,1995-04-29,1995,1995-10-28,0.5,1,0,0,27,13,27
Mariah Carey & Boyz II Men,1995-12-02,1995,1996-06-01,0.5,1,1,1,27,1,27
Deana Carter,1996-10-05,1996,1998-12-12,2.2,4,0,0,27,65,6.8
The Prodigy,1997-01-18,1997,1998-01-31,1.0,2,0,0,27,30,13.5
Los Umbrellos,1997-08-30,1997,1998-02-28,0.5,1,0,0,27,42,27
Brandy & Monica,1998-05-30,1998,1998-11-28,0.5,1,1,1,27,1,27
Macy Gray,2000-02-19,2000,2000-08-19,0.5,1,1,0,27,5,27
Tamar Braxton,2000-03-25,2000,2013-12-21,13.7,3,0,0,27,57,9
DJ Sammy & Yanou,2002-06-01,2002,2002-11-30,0.5,1,1,0,27,8,27
D.H.T.,2005-06-04,2005,2005-12-03,0.5,1,1,0,27,8,27
Jim Jones,2006-10-21,2006,2007-04-21,0.5,1,1,0,27,5,27
Kardinal Offishall,2008-05-24,2008,2008-11-22,0.5,1,1,0,27,5,27
David Archuleta,2008-06-07,2008,2009-01-31,0.7,5,1,0,27,2,5.4
Soulja Boy Tell 'em,2009-01-10,2009,2009-07-11,0.5,1,1,0,27,3,27
La Roux,2010-03-20,2010,2010-09-18,0.5,1,1,0,27,8,27
MKTO,2014-03-01,2014,2014-08-30,0.5,1,0,0,27,14,27
Pitbull & Ne-Yo,2014-12-13,2014,2015-06-27,0.5,1,1,0,27,9,27
R. City,2015-08-08,2015,2016-02-06,0.5,1,1,0,27,6,27
Kiiara,2016-06-11,2016,2016-12-10,0.5,1,0,0,27,13,27
MAX,2017-10-28,2017,2018-04-28,0.5,1,0,0,27,20,27
Calboy,2018-12-29,2018,2019-06-29,0.5,1,0,0,27,31,27
Black Eyed Peas X J Balvin,2019-11-30,2019,2020-06-06,0.5,1,0,0,27,26,27
Post Malone & The Weeknd,2021-11-20,2021,2022-06-18,0.6,1,1,0,27,6,27
Toosii,2023-03-04,2023,2023-09-02,0.5,1,1,0,27,5,27
The Teddy Bears,1958-09-22,1958,1959-03-16,0.5,3,1,1,26,1,8.7
Tab Hunter,1958-10-20,1958,1959-05-25,0.6,3,0,0,26,31,8.7
The Exotic Sounds of Martin Denny,1959-04-13,1959,1959-12-14,0.7,3,1,0,26,4,8.7
Tony Bellus,1959-04-27,1959,1959-10-19,0.5,1,0,0,26,25,26
Joanie Sommers,1960-07-04,1960,1962-10-20,2.3,3,1,0,26,7,8.7
The Vibrations,1961-02-20,1961,1968-04-27,7.2,4,0,0,26,25,6.5
Eddie Harris,1961-04-10,1961,1968-11-02,7.6,3,0,0,26,36,8.7
Matt Monro,1961-05-29,1961,1965-01-23,3.7,3,0,0,26,18,8.7
The Sensations,1961-08-14,1961,1962-05-05,0.7,2,1,0,26,4,13
Barbara George,1961-11-13,1961,1962-09-08,0.8,3,1,0,26,3,8.7
Bent Fabric and His Piano,1962-07-28,1962,1963-03-02,0.6,2,1,0,26,7,13
Cannonball Adderley,1963-02-16,1963,1970-01-31,7.0,4,0,0,26,11,6.5
Dean And Jean,1963-11-02,1963,1964-06-27,0.7,3,0,0,26,32,8.7
Garnet Mimms,1964-02-15,1964,1966-05-21,2.3,5,0,0,26,30,5.2
Gale Garnett,1964-08-08,1964,1965-01-30,0.5,2,1,0,26,4,13
The Statler Brothers,1965-11-13,1965,1975-11-22,10.0,3,1,0,26,4,8.7
The Cryan' Shames,1966-07-23,1966,1968-06-29,1.9,5,0,0,26,49,5.2
J.J. Jackson,1966-10-01,1966,1969-07-26,2.8,2,0,0,26,22,13
Gene And Debbe,1967-10-14,1967,1968-07-20,0.8,3,0,0,26,17,8.7
Tony Joe White,1969-07-05,1969,1980-07-26,11.1,4,1,0,26,8,6.5
Smith,1969-09-06,1969,1970-06-27,0.8,3,1,0,26,5,8.7
The Shocking Blue,1969-12-13,1969,1970-07-04,0.6,3,1,1,26,1,8.7
Ike & Tina Turner & The Ikettes,1970-03-07,1970,1970-09-19,0.5,2,0,0,26,34,13
El Chicano,1970-04-11,1970,1974-01-19,3.8,3,0,0,26,28,8.7
The Fuzz,1971-01-23,1971,1971-10-23,0.7,3,0,0,26,21,8.7
T. Rex,1971-05-08,1971,1972-05-20,1.0,3,1,0,26,10,8.7
The Free Movement,1971-05-22,1971,1971-11-27,0.5,1,1,0,26,5,26
Lee Michaels,1971-07-31,1971,1972-01-15,0.5,2,1,0,26,6,13
"Sammy Davis, Jr.",1972-03-11,1972,1972-11-18,0.7,2,1,1,26,1,13
King Harvest,1972-10-28,1972,1973-05-26,0.6,2,0,0,26,13,13
Keith Hampshire,1972-12-23,1972,1973-12-29,1.0,3,0,0,26,51,8.7
Jud Strunk,1973-02-17,1973,1975-08-09,2.5,3,0,0,26,14,8.7
Sylvia (r&b),1973-03-24,1973,1973-08-18,0.4,2,1,0,26,3,13
Major Harris,1975-03-29,1975,1976-12-18,1.7,3,1,0,26,5,8.7
Nazareth,1975-11-22,1975,1980-04-12,4.4,2,1,0,26,8,13
Seals & Crofts (Featuring Carolyn Willis),1976-04-17,1976,1976-10-09,0.5,1,1,0,26,6,26
Slave,1977-06-18,1977,1981-12-05,4.5,3,0,0,26,32,8.7
Charlie,1977-08-20,1977,1983-09-03,6.0,4,0,0,26,38,6.5
Odyssey,1977-11-12,1977,1978-06-17,0.6,2,0,0,26,21,13
Barbara Mandrell,1978-03-04,1978,1979-11-03,1.7,3,0,0,26,31,8.7
Hotel,1978-03-11,1978,1980-08-23,2.5,4,0,0,26,54,6.5
Amii Stewart,1979-01-27,1979,1979-07-28,0.5,2,1,1,26,1,13
Anita Ward,1979-05-12,1979,1979-12-01,0.6,2,1,1,26,1,13
Frank Stallone,1980-09-27,1980,1984-05-26,3.7,3,1,0,26,10,8.7
Christine McVie,1984-01-28,1984,1984-06-30,0.4,2,1,0,26,10,13
Limahl,1985-03-23,1985,1985-08-31,0.4,2,0,0,26,17,13
Dokken,1985-05-04,1985,1988-02-06,2.8,3,0,0,26,64,8.7
Arcadia,1985-10-26,1985,1986-04-05,0.4,2,1,0,26,6,13
Alisha,1985-12-21,1985,1990-07-14,4.6,3,0,0,26,54,8.7
Don Johnson,1986-08-23,1986,1987-01-31,0.4,2,1,0,26,5,13
Bruce Willis,1987-01-17,1987,1987-07-25,0.5,3,1,0,26,5,8.7
The Robert Cray Band,1987-02-07,1987,1988-10-29,1.7,3,0,0,26,22,8.7
The Other Ones,1987-04-18,1987,1987-11-21,0.6,2,0,0,26,29,13
Peabo Bryson & Regina Belle,1988-02-06,1988,1993-05-22,5.3,2,1,1,26,1,13
Bobby McFerrin,1988-07-30,1988,1989-01-21,0.5,1,1,1,26,1,26
Kon Kan,1988-12-24,1988,1989-10-21,0.8,2,0,0,26,15,13
Chuckii Booker,1989-07-08,1989,1993-02-06,3.6,2,0,0,26,42,13
Jaya,1989-10-14,1989,1990-04-07,0.5,1,0,0,26,44,26
A'me Lorain,1990-01-20,1990,1990-07-21,0.5,2,1,0,26,9,13
Lisa Fischer,1991-04-13,1991,1991-10-12,0.5,2,0,0,26,11,13
PC Quest,1991-05-04,1991,1991-10-26,0.5,2,0,0,26,41,13
Keith Washington,1991-05-25,1991,1998-05-30,7.0,2,0,0,26,40,13
Kathy Troccoli,1992-02-22,1992,1994-08-13,2.5,2,0,0,26,14,13
K.W.S.,1992-06-20,1992,1992-12-12,0.5,1,1,0,26,6,26
Charles & Eddie,1992-08-22,1992,1993-02-13,0.5,1,0,0,26,13,26
Wynonna,1992-10-24,1992,2003-08-23,10.8,4,0,0,26,70,6.5
4 Non Blondes,1993-04-24,1993,1993-10-16,0.5,1,0,0,26,14,26
Luscious Jackson,1996-12-21,1996,1997-06-14,0.5,1,0,0,26,36,26
Nastyboy Klick,1997-08-09,1997,1998-11-28,1.3,2,0,0,26,53,13
Vengaboys,1999-02-13,1999,1999-09-11,0.6,2,0,0,26,26,13
Son By Four,2000-04-08,2000,2000-09-30,0.5,1,0,0,26,26,26
P. Diddy & Ginuwine,2002-06-08,2002,2002-11-30,0.5,1,1,0,26,4,26
Nina Sky,2004-05-01,2004,2004-10-23,0.5,1,1,0,26,4,26
Modest Mouse,2004-05-29,2004,2007-04-14,2.9,2,0,0,26,61,13
Usher And Alicia Keys,2004-09-11,2004,2005-03-05,0.5,1,1,1,26,1,26
Paul Wall,2005-08-27,2005,2007-05-19,1.7,4,0,0,26,35,6.5
Fort Minor,2006-04-22,2006,2006-11-04,0.5,2,1,0,26,4,13
Vanessa Hudgens,2006-09-30,2006,2008-07-19,1.8,3,0,0,26,55,8.7
Baby Boy Da Prince,2006-12-30,2006,2007-06-23,0.5,1,0,0,26,21,26
Ray J & Yung Berg,2008-02-16,2008,2008-08-09,0.5,1,1,0,26,3,26
Ronnie Dunn,2011-02-26,2011,2011-11-26,0.7,2,0,0,26,62,13
A Great Big World & Christina Aguilera,2013-11-23,2013,2014-05-17,0.5,1,1,0,26,4,26
Natalie La Rose,2015-02-07,2015,2015-08-01,0.5,1,1,0,26,10,26
Dove Cameron,2015-08-22,2015,2022-08-06,7.0,2,0,0,26,16,13
Rob $tone,2016-08-20,2016,2017-02-11,0.5,1,0,0,26,29,26
Gucci Mane X Bruno Mars X Kodak Black,2018-09-29,2018,2019-03-23,0.5,1,0,0,26,11,26
Diplo,2019-08-31,2019,2025-11-15,6.2,2,0,0,26,39,13
Arizona Zervas,2019-11-16,2019,2020-05-09,0.5,1,1,0,26,4,26
G Herbo,2020-03-14,2020,2025-12-13,5.7,3,0,0,26,38,8.7
Powfu,2020-03-28,2020,2020-09-19,0.5,1,0,0,26,23,26
Sleepy Hallow,2020-06-20,2020,2025-03-22,4.8,4,0,0,26,45,6.5
Future & Lil Uzi Vert,2020-11-28,2020,2021-06-12,0.5,9,0,0,26,31,2.9
THE ANXIETY: WILLOW & Tyler Cole,2021-09-25,2021,2022-03-19,0.5,1,0,0,26,21,26
ERNEST,2022-01-15,2022,2022-07-30,0.5,1,0,0,26,64,26
Bad Bunny & Chencho Corleone,2022-05-21,2022,2022-11-12,0.5,1,1,0,26,6,26
FloyyMenor X Cris Mj,2024-03-30,2024,2024-09-21,0.5,1,0,0,26,27,26
Cody Johnson & Carrie Underwood,2024-10-12,2024,2025-04-05,0.5,1,0,0,26,37,26
Bella Kay,2026-02-28,2026,2026-08-22,0.5,1,0,0,26,17,26
The Bell Notes,1959-01-26,1959,1960-09-05,1.6,3,1,0,25,6,8.3
Jeanne Black,1960-05-02,1960,1961-01-23,0.7,3,1,0,25,4,8.3
Charlie Ryan and the Timberline Riders,1960-05-09,1960,1960-11-21,0.5,2,0,0,25,33,12.5
The Dave Brubeck Quartet,1961-09-11,1961,1963-03-16,1.5,3,0,0,25,25,8.3
Don Gardner And Dee Dee Ford,1962-06-02,1962,1962-10-06,0.3,3,0,0,25,20,8.3
Duane Eddy and the Rebelettes,1962-10-06,1962,1963-04-06,0.5,2,0,0,25,12,12.5
Don Covay,1962-12-29,1962,1974-08-17,11.6,4,0,0,25,29,6.2
Allan Sherman,1963-08-03,1963,1965-12-18,2.4,4,1,0,25,2,6.2
Little Johnny Taylor,1963-08-17,1963,1972-01-29,8.5,3,0,0,25,19,8.3
The Hondells,1964-09-12,1964,1966-07-23,1.9,3,1,0,25,9,8.3
Them,1965-05-22,1965,1966-05-28,1.0,3,0,0,25,24,8.3
Deon Jackson,1966-01-22,1966,1967-12-23,1.9,3,0,0,25,11,8.3
Crispian St. Peters,1966-06-11,1966,1967-08-05,1.1,3,1,0,25,4,8.3
The Left Banke,1966-09-10,1966,1967-11-04,1.1,3,1,0,25,5,8.3
Frijid Pink,1970-02-07,1970,1971-01-09,0.9,3,1,0,25,7,8.3
The Brotherhood Of Man,1970-04-18,1970,1971-05-15,1.1,3,0,0,25,13,8.3
Ten Years After,1970-05-02,1970,1973-01-20,2.7,4,0,0,25,40,6.2
Buddy Miles,1970-07-18,1970,1975-10-04,5.2,5,0,0,25,68,5
Michael Nesmith & The First National Band,1970-08-08,1970,1971-05-08,0.7,3,0,0,25,21,8.3
Brewer And Shipley,1971-02-13,1971,1972-02-19,1.0,3,1,0,25,10,8.3
Carly Simon & James Taylor,1974-02-02,1974,1978-10-14,4.7,2,1,0,25,5,12.5
Graham Central Station,1974-05-04,1974,1976-03-27,1.9,4,0,0,25,38,6.2
Flash Cadillac And The Continental Kids,1974-05-25,1974,1976-11-27,2.5,3,0,0,25,29,8.3
Carl Douglas,1974-10-12,1974,1975-03-29,0.5,2,1,1,25,1,12.5
Thin Lizzy,1976-05-15,1976,1976-11-06,0.5,2,0,0,25,12,12.5
Smokie,1976-12-04,1976,1977-10-15,0.9,2,0,0,25,25,12.5
Boney M.,1977-08-27,1977,1979-01-20,1.4,3,0,0,25,30,8.3
Gary Numan,1980-02-16,1980,1980-08-02,0.5,1,1,0,25,9,25
Delbert McClinton,1980-12-06,1980,1981-05-02,0.4,2,1,0,25,8,12.5
Robbie Patton,1981-07-11,1981,1983-05-28,1.9,2,0,0,25,26,12.5
Donald Fagen,1982-10-09,1982,1988-04-30,5.6,3,0,0,25,26,8.3
Musical Youth,1982-12-11,1982,1984-02-25,1.2,2,1,0,25,10,12.5
Re-flex,1983-11-26,1983,1984-05-26,0.5,2,0,0,25,24,12.5
David Foster,1985-08-24,1985,1988-03-12,2.5,2,0,0,25,15,12.5
Morris Day,1985-09-28,1985,1988-05-14,2.6,2,0,0,25,23,12.5
Divinyls,1986-01-25,1986,1991-07-06,5.4,2,1,0,25,4,12.5
Lita Ford (Duet,1989-03-04,1989,1989-08-19,0.5,1,1,0,25,8,25
De La Soul,1989-06-03,1989,2001-01-06,11.6,3,0,0,25,34,8.3
The Jeff Healey Band,1989-06-17,1989,1993-05-22,3.9,2,1,0,25,5,12.5
Jive Bunny & The Mastermixers,1989-10-28,1989,1990-03-10,0.4,2,0,0,25,11,12.5
Kyper,1990-06-30,1990,1990-12-15,0.5,1,0,0,25,14,25
The Adventures Of Stevie V,1990-07-21,1990,1991-02-23,0.6,2,0,0,25,25,12.5
Icy Blu,1991-07-06,1991,1992-03-14,0.7,2,0,0,25,46,12.5
Kym Sims,1991-11-16,1991,1992-06-06,0.6,2,0,0,25,38,12.5
Nice & Smooth,1992-05-09,1992,1994-08-13,2.3,2,0,0,25,44,12.5
RuPaul,1993-02-13,1993,1996-11-30,3.8,2,0,0,25,45,12.5
Luniz,1995-06-10,1995,1995-11-25,0.5,1,1,0,25,8,25
Smooth,1995-06-24,1995,1998-06-13,3.0,2,0,0,25,49,12.5
Jennifer Paige,1998-07-04,1998,1998-12-19,0.5,1,1,0,25,3,25
Q-Tip,1999-07-17,1999,2000-02-19,0.6,2,0,0,25,26,12.5
Len,1999-08-14,1999,2000-01-29,0.5,1,1,0,25,9,25
Lou Bega,1999-08-28,1999,2000-02-12,0.5,2,1,0,25,3,12.5
Pat Green,2003-08-30,2003,2009-02-14,5.5,3,0,0,25,39,8.3
Tupac,2003-10-18,2003,2004-03-06,0.4,2,0,0,25,19,12.5
Kevin Lyttle,2004-05-22,2004,2004-11-06,0.5,1,1,0,25,4,25
AFI,2006-05-13,2006,2007-01-27,0.7,2,0,0,25,24,12.5
Augustana,2006-10-21,2006,2008-05-17,1.6,2,0,0,25,34,12.5
Colby O'Donis,2008-03-15,2008,2008-08-30,0.5,1,0,0,25,14,25
Jay-Z + Mr. Hudson,2009-09-26,2009,2010-07-17,0.8,1,1,0,25,10,25
DJ Drama,2011-08-06,2011,2016-12-03,5.3,4,0,0,25,77,6.2
Cassadee Pope,2012-12-08,2012,2014-02-01,1.1,5,0,0,25,25,5
Milky Chance,2014-08-09,2014,2015-01-24,0.5,1,0,0,25,39,25
Mr. Probz,2014-09-06,2014,2015-02-21,0.5,1,0,0,25,14,25
Cam,2015-08-01,2015,2016-01-16,0.5,1,0,0,25,29,25
Ayo & Teo,2017-03-04,2017,2017-08-19,0.5,1,0,0,25,20,25
Jacquees,2017-08-26,2017,2019-02-23,1.5,2,0,0,25,58,12.5
BlocBoy JB,2018-02-24,2018,2018-08-11,0.5,1,1,0,25,5,25
Bryce Vine,2018-08-25,2018,2019-08-24,1.0,2,0,0,25,46,12.5
Flipp Dinero,2018-09-29,2018,2019-03-16,0.5,1,0,0,25,20,25
Ellie Goulding X Diplo,2018-12-01,2018,2019-05-18,0.5,1,0,0,25,24,25
Mustard & Migos,2019-02-02,2019,2019-07-27,0.5,1,0,0,25,23,25
Daddy Yankee & Katy Perry,2019-02-09,2019,2019-08-03,0.5,1,0,0,25,22,25
YK Osiris,2019-03-02,2019,2019-08-17,0.5,1,0,0,25,48,25
Carly Pearce & Lee Brice,2020-01-18,2020,2020-07-04,0.5,1,0,0,25,27,25
Niko Moon,2020-10-10,2020,2021-04-03,0.5,1,0,0,25,20,25
Ritt Momney,2020-10-10,2020,2021-04-17,0.5,1,0,0,25,30,25
Farruko,2020-11-07,2020,2022-01-15,1.2,2,0,0,25,25,12.5
Young Thug & Gunna,2021-05-01,2021,2021-08-07,0.3,5,0,0,25,12,5
Maneskin,2021-07-10,2021,2022-01-15,0.5,1,0,0,25,13,25
Jason Aldean & Carrie Underwood,2021-08-07,2021,2022-02-12,0.5,1,0,0,25,15,25
GAYLE,2021-12-04,2021,2022-05-21,0.5,1,1,0,25,3,25
Jax,2022-08-13,2022,2023-01-28,0.5,1,0,0,25,35,25
Fifty Fifty,2023-04-01,2023,2023-09-16,0.5,1,0,0,25,17,25
Victoria Monet,2023-09-09,2023,2024-03-16,0.5,1,0,0,25,33,25
GloRilla & Megan Thee Stallion,2024-04-20,2024,2024-10-26,0.5,2,0,0,25,11,12.5
Mark Ambor,2024-05-11,2024,2025-01-04,0.7,2,0,0,25,74,12.5
Kalin Twins,1958-08-04,1958,1959-01-05,0.4,2,1,0,24,5,12
Chris Kenner,1961-05-29,1961,1963-08-17,2.2,2,1,0,24,2,12
James Ray,1961-11-20,1961,1962-06-09,0.6,2,0,0,24,22,12
Robert Goulet,1962-10-06,1962,1965-07-17,2.8,3,0,0,24,16,8
The Pixies Three,1963-08-17,1963,1964-05-02,0.7,4,0,0,24,40,6
Lou Johnson,1963-10-19,1963,1966-01-08,2.2,3,0,0,24,49,8
Jimmy Hughes,1964-06-20,1964,1967-03-25,2.8,4,0,0,24,17,6
Walter Jackson,1964-11-21,1964,1977-01-15,12.2,7,0,0,24,67,3.4
The Walker Bros.,1965-10-16,1965,1966-06-11,0.7,3,0,0,24,13,8
B.J. Thomas And The Triumphs,1966-02-19,1966,1966-08-27,0.5,2,1,0,24,8,12
The Capitols,1966-04-30,1966,1966-12-17,0.6,3,1,0,24,7,8
Love,1966-04-30,1966,1970-09-26,4.4,3,0,0,24,33,8
Bobby Hebb,1966-06-25,1966,1967-01-14,0.6,3,1,0,24,2,8
David Houston,1966-07-16,1966,1968-03-16,1.7,3,0,0,24,24,8
The Seeds,1966-12-24,1966,1967-08-05,0.6,4,0,0,24,36,6
Otis & Carla,1967-05-06,1967,1968-03-16,0.9,3,0,0,24,26,8
Mitch Ryder,1967-07-01,1967,1983-08-06,16.1,5,0,0,24,30,4.8
Paul Mauriat And His Orchestra,1968-01-06,1968,1968-06-15,0.4,2,1,1,24,1,12
The Irish Rovers,1968-03-23,1968,1968-10-12,0.6,3,1,0,24,7,8
Barbara Acklin,1968-07-13,1968,1969-03-08,0.7,3,0,0,24,15,8
The Chambers Brothers,1968-08-10,1968,1969-07-19,0.9,3,0,0,24,11,8
Spirit,1969-01-18,1969,1973-10-27,4.8,4,0,0,24,25,6
Little Sister,1970-02-28,1970,1971-03-06,1.0,2,0,0,24,22,12
Mountain,1970-04-04,1970,1971-05-08,1.1,2,0,0,24,21,12
Christie,1970-07-18,1970,1971-01-30,0.5,2,0,0,24,23,12
Free,1970-08-15,1970,1971-01-16,0.4,2,1,0,24,4,12
The Bells,1971-01-09,1971,1971-07-24,0.5,3,1,0,24,7,8
Graham Nash,1971-06-05,1971,1986-06-07,15.0,3,0,0,24,35,8
The Nite-Liters,1971-07-03,1971,1972-04-15,0.8,2,0,0,24,39,12
Coven,1971-09-18,1971,1974-02-02,2.4,2,0,0,24,26,12
Joey Heatherton,1972-05-27,1972,1973-01-20,0.7,2,0,0,24,24,12
Rick Nelson And The Stone Canyon Band,1972-07-29,1972,1973-03-03,0.6,2,1,0,24,6,12
Hurricane Smith,1972-12-02,1972,1973-05-12,0.4,2,1,0,24,3,12
Barbara Fairchild,1973-02-24,1973,1973-10-20,0.7,2,0,0,24,32,12
Focus,1973-03-03,1973,1973-08-25,0.5,2,1,0,24,9,12
First Class,1974-07-20,1974,1975-07-19,1.0,2,1,0,24,4,12
Frank Zappa,1974-10-19,1974,1982-10-02,8.0,3,0,0,24,32,8
Labelle,1975-01-04,1975,1975-06-14,0.4,2,1,1,24,1,12
John Travolta & Olivia Newton-John,1978-04-01,1978,1978-09-09,0.4,1,1,1,24,1,24
Robin Gibb,1978-08-12,1978,1984-08-18,6.0,2,0,0,24,15,12
David Naughton,1979-03-31,1979,1979-09-08,0.4,1,1,0,24,5,24
M,1979-08-11,1979,1980-01-19,0.4,1,1,1,24,1,24
Spider,1980-04-19,1980,1981-08-01,1.3,3,0,0,24,39,8
Change,1980-05-17,1980,1982-06-26,2.1,4,0,0,24,40,6
Pia Zadora,1982-03-27,1982,1983-03-19,1.0,2,0,0,24,36,12
After The Fire,1983-02-12,1983,1983-07-02,0.4,2,1,0,24,5,12
Pseudo Echo,1987-03-28,1987,1987-08-22,0.4,2,1,0,24,6,12
The Nylons,1987-05-16,1987,1987-10-10,0.4,2,0,0,24,12,12
Dan Hill (Duet,1987-06-06,1987,1987-11-14,0.4,1,1,0,24,6,24
The Kane Gang,1987-10-17,1987,1988-03-26,0.4,2,0,0,24,36,12
Love And Rockets,1989-05-20,1989,1989-10-14,0.4,2,1,0,24,3,12
Michael Penn,1990-01-06,1990,1990-06-16,0.4,2,0,0,24,13,12
Mellow Man Ace,1990-05-12,1990,1990-10-20,0.4,1,0,0,24,14,24
Yo-Yo,1991-05-25,1991,1993-10-23,2.4,2,0,0,24,36,12
The Brand New Heavies,1991-09-07,1991,1997-06-14,5.8,3,0,0,24,51,8
MC Luscious,1992-02-08,1992,1997-07-05,5.4,2,0,0,24,61,12
Mary Chapin Carpenter,1993-02-13,1993,1999-08-28,6.5,3,0,0,24,57,8
Gang Starr,1994-03-05,1994,1998-02-28,4.0,2,0,0,24,67,12
Hole,1994-12-10,1994,1999-03-13,4.3,3,0,0,24,58,8
Capleton,1995-02-04,1995,1995-12-30,0.9,2,0,0,24,57,12
Kenny Lattimore,1996-07-20,1996,1997-08-09,1.1,2,0,0,24,33,12
Shades,1996-08-03,1996,1997-08-16,1.0,2,0,0,24,50,12
Cleopatra,1998-07-04,1998,1998-11-28,0.4,2,0,0,24,26,12
Sonique,2000-01-22,2000,2000-07-01,0.4,1,1,0,24,8,24
SoulDecision,2000-07-08,2000,2000-12-16,0.4,1,0,0,24,22,24
Baha Men,2000-07-22,2000,2001-02-24,0.6,2,0,0,24,40,12
Kandi,2000-08-05,2000,2001-01-13,0.4,1,0,0,24,24,24
Busta Rhymes & Mariah Carey,2003-03-08,2003,2003-08-16,0.4,1,1,0,24,3,24
Chuck Wicks,2007-12-01,2007,2008-11-08,0.9,2,0,0,24,56,12
O.A.R.,2008-08-23,2008,2009-01-31,0.4,1,0,0,24,36,24
Tinie Tempah,2011-03-05,2011,2011-09-10,0.5,2,0,0,24,12,12
Bad Meets Evil,2011-05-21,2011,2011-11-26,0.5,2,1,0,24,4,12
Afrojack,2011-07-02,2011,2014-07-19,3.0,3,0,0,24,41,8
Owl City & Carly Rae Jepsen,2012-07-14,2012,2012-12-22,0.4,1,1,0,24,8,24
will.i.am & Britney Spears,2012-12-15,2012,2013-05-25,0.4,1,1,0,24,3,24
Austin Mahone,2013-06-29,2013,2014-06-14,1.0,2,0,0,24,49,12
Zendaya,2013-09-07,2013,2016-04-09,2.6,2,0,0,24,40,12
Prince Royce,2013-09-07,2013,2015-08-15,1.9,3,0,0,24,43,8
Pentatonix,2013-12-21,2013,2023-01-07,9.0,5,0,0,24,13,4.8
Kesha,2017-07-29,2017,2025-01-04,7.4,4,0,0,24,22,6
JACKBOYS,2020-01-11,2020,2020-06-20,0.4,2,0,0,24,38,12
Duncan Laurence,2021-04-17,2021,2021-10-02,0.5,1,0,0,24,30,24
Yeat,2022-03-05,2022,2025-11-22,3.7,11,0,0,24,42,2.2
"Metro Boomin, Future & Chris Brown",2022-12-17,2022,2023-05-27,0.4,1,1,0,24,8,24
Josh Ross,2025-06-28,2025,2026-08-22,1.1,2,0,0,24,52,12
Disco Lines & Tinashe,2025-07-19,2025,2026-01-31,0.5,1,0,0,24,36,24
Dale Hawkins,1958-09-01,1958,1959-04-20,0.6,3,0,0,23,32,7.7
Robert Mitchum,1958-09-08,1958,1967-08-19,8.9,2,0,0,23,62,11.5
The Impalas,1959-03-16,1959,1959-07-20,0.3,2,1,0,23,2,11.5
Carl Mann,1959-06-01,1959,1959-12-07,0.5,2,0,0,23,25,11.5
Mitchell Torok,1959-08-03,1959,1960-07-04,0.9,2,0,0,23,27,11.5
Maurice Williams & The Zodiacs,1960-10-03,1960,1961-04-17,0.5,3,1,1,23,1,7.7
Jorgen Ingmann & His Guitar,1961-01-23,1961,1961-06-26,0.4,2,1,0,23,2,11.5
Arthur Lyman Group,1961-05-29,1961,1963-04-13,1.9,2,1,0,23,4,11.5
Barry Mann,1961-08-07,1961,1976-09-18,15.1,4,1,0,23,7,5.8
The Chantels,1961-08-28,1961,1963-04-20,1.6,3,0,0,23,14,7.7
Bobby Edwards,1961-08-28,1961,1962-02-17,0.5,2,0,0,23,11,11.5
Leroy Van Dyke,1961-10-30,1961,1962-04-21,0.5,2,1,0,23,5,11.5
The Corsairs,1961-12-25,1961,1962-06-02,0.4,2,0,0,23,12,11.5
Ketty Lester,1962-02-24,1962,1962-12-01,0.8,4,1,0,23,5,5.8
The Routers,1962-11-03,1962,1963-06-29,0.7,2,0,0,23,19,11.5
Flatt & Scruggs,1962-12-08,1962,1968-05-18,5.4,2,0,0,23,44,11.5
Johnny Cymbal,1963-02-16,1963,1963-08-24,0.5,3,0,0,23,16,7.7
Herb Alpert's Tijuana Brass,1963-03-30,1963,1984-09-22,21.5,5,0,0,23,68,4.6
Wayne Newton And The Newton Brothers,1963-04-27,1963,1963-12-07,0.6,3,0,0,23,13,7.7
Terry Stafford,1964-02-22,1964,1964-07-11,0.4,2,1,0,23,3,11.5
Buck Owens,1964-07-04,1964,1966-03-12,1.7,5,0,0,23,25,4.6
Arthur Prysock,1965-07-17,1965,1977-02-19,11.6,3,0,0,23,56,7.7
We Five,1965-07-24,1965,1966-01-01,0.4,2,1,0,23,3,11.5
The Knickerbockers,1965-12-04,1965,1966-07-16,0.6,3,0,0,23,20,7.7
Bob Lind,1966-01-22,1966,1966-06-04,0.4,3,1,0,23,5,7.7
Nancy Sinatra & Lee Hazlewood,1967-06-24,1967,1968-02-24,0.7,3,0,0,23,14,7.7
The Vanilla Fudge,1967-07-08,1967,1968-09-28,1.2,2,1,0,23,6,11.5
The Hesitations,1968-01-06,1968,1968-11-16,0.9,4,0,0,23,38,5.8
Big Brother And The Holding Company,1968-08-31,1968,1968-12-07,0.3,3,0,0,23,12,7.7
The Brooklyn Bridge,1969-03-08,1969,1970-07-18,1.4,4,0,0,23,45,5.8
Joe South and The Believers,1969-08-23,1969,1970-03-14,0.6,2,0,0,23,12,11.5
Steam,1969-10-18,1969,1970-03-07,0.4,2,1,1,23,1,11.5
The Marmalade,1970-03-14,1970,1970-09-26,0.5,2,1,0,23,10,11.5
Sammi Smith,1971-01-16,1971,1972-10-07,1.7,2,1,0,23,8,11.5
Chase,1971-05-22,1971,1972-01-15,0.7,3,0,0,23,24,7.7
Humble Pie,1971-09-25,1971,1980-06-07,8.7,3,0,0,23,52,7.7
Timmy Thomas,1972-11-25,1972,1984-06-16,11.6,3,1,0,23,3,7.7
Clint Holmes,1973-03-24,1973,1973-08-25,0.4,1,1,0,23,2,23
Rick Derringer,1974-01-19,1974,1975-04-26,1.3,3,0,0,23,23,7.7
Dave Loggins,1974-06-01,1974,1974-12-14,0.5,2,1,0,23,5,11.5
The Captain & Tennille,1975-04-19,1975,1975-09-20,0.4,1,1,1,23,1,23
Emmylou Harris,1975-08-30,1975,1981-05-23,5.7,3,0,0,23,37,7.7
Head East,1975-10-18,1975,1978-06-03,2.6,3,0,0,23,46,7.7
Cate Bros.,1976-02-07,1976,1976-08-07,0.5,2,0,0,23,24,11.5
Dr. Buzzard's Original Savannah Band,1976-09-25,1976,1977-03-19,0.5,2,0,0,23,27,11.5
T-Connection,1977-03-12,1977,1979-04-14,2.1,2,0,0,23,46,11.5
The Kings,1980-08-23,1980,1981-01-24,0.4,1,0,0,23,43,23
Lee Ritenour,1981-04-25,1981,1983-01-15,1.7,2,0,0,23,15,11.5
Skyy,1982-01-16,1982,1990-04-07,8.2,2,0,0,23,26,11.5
Joe Cocker And Jennifer Warnes,1982-08-21,1982,1983-01-22,0.4,1,1,1,23,1,23
Kajagoogoo,1983-04-23,1983,1983-09-17,0.4,2,1,0,23,5,11.5
Big Country,1983-10-22,1983,1984-06-09,0.6,3,0,0,23,17,7.7
Nena,1983-12-10,1983,1984-05-12,0.4,1,1,0,23,2,23
Sam Harris,1984-09-15,1984,1986-03-29,1.5,2,0,0,23,36,11.5
Lone Justice,1985-05-11,1985,1987-03-28,1.9,3,0,0,23,47,7.7
Rene & Angela,1985-09-28,1985,1986-08-02,0.8,3,0,0,23,47,7.7
Dionne & Friends,1985-11-09,1985,1986-04-12,0.4,1,1,1,23,1,23
Patti LaBelle & Michael McDonald,1986-03-22,1986,1986-08-23,0.4,1,1,1,23,1,23
Andy Taylor,1986-05-31,1986,1986-11-29,0.5,2,0,0,23,24,11.5
Georgio,1987-02-28,1987,1988-02-20,1.0,3,0,0,23,58,7.7
M/A/R/R/S,1987-11-28,1987,1988-04-30,0.4,1,0,0,23,13,23
Times Two,1988-03-12,1988,1988-08-13,0.4,2,0,0,23,21,11.5
Denise Lopez,1988-06-11,1988,1990-11-17,2.4,3,0,0,23,31,7.7
Traveling Wilburys,1988-10-29,1988,1989-04-08,0.4,2,0,0,23,45,11.5
Saraya,1989-07-08,1989,1990-02-10,0.6,3,0,0,23,63,7.7
KIX,1989-09-09,1989,1990-02-10,0.4,1,0,0,23,11,23
Paula Abdul (Duet,1989-12-16,1989,1990-05-19,0.4,1,1,1,23,1,23
Louie Louie,1990-04-28,1990,1990-09-29,0.4,2,0,0,23,19,11.5
Oleta Adams,1990-12-15,1990,1991-05-18,0.4,1,1,0,23,5,23
Susanna Hoffs,1991-02-02,1991,1997-02-15,6.0,2,0,0,23,30,11.5
Monie Love,1991-03-16,1991,1993-04-17,2.1,3,0,0,23,26,7.7
Riff,1991-03-23,1991,1992-05-23,1.2,3,0,0,23,25,7.7
EPMD,1992-07-25,1992,1997-11-22,5.3,2,0,0,23,42,11.5
Grand Puba,1992-10-17,1992,1995-08-12,2.8,2,0,0,23,68,11.5
Bizarre Inc,1993-01-23,1993,1993-06-26,0.4,1,0,0,23,47,23
Nuttin' Nyce,1993-08-14,1993,1995-08-19,2.0,3,0,0,23,63,7.7
Blind Melon,1993-08-21,1993,1994-01-22,0.4,1,0,0,23,20,23
Lisa Keith,1993-08-21,1993,1994-02-05,0.5,2,0,0,23,36,11.5
Intro,1993-09-04,1993,1995-12-09,2.3,2,0,0,23,33,11.5
Billie Ray Martin,1995-04-01,1995,1996-07-13,1.3,1,0,0,23,46,23
MoKenStef,1995-06-17,1995,1995-11-18,0.4,1,1,0,23,7,23
Genius/GZA,1995-10-28,1995,1996-06-29,0.7,3,0,0,23,48,7.7
Frost,1995-10-28,1995,1996-04-27,0.5,2,0,0,23,73,11.5
Republica,1996-08-10,1996,1997-03-01,0.6,2,0,0,23,56,11.5
Nicole,1998-06-27,1998,1998-11-28,0.4,1,1,0,23,5,23
B*Witched,1999-02-20,1999,1999-08-21,0.5,2,1,0,23,9,11.5
Robbie Williams,1999-06-05,1999,2000-03-25,0.8,2,0,0,23,53,11.5
Evan And Jaron,2000-11-04,2000,2001-04-07,0.4,1,0,0,23,15,23
Crazy Town,2001-01-06,2001,2001-06-09,0.4,1,1,1,23,1,23
Saliva,2002-12-14,2002,2003-10-11,0.8,2,0,0,23,51,11.5
Josh Kelley,2003-08-09,2003,2011-04-23,7.7,2,0,0,23,79,11.5
Nick Cannon,2003-08-16,2003,2004-03-27,0.6,2,0,0,23,24,11.5
A Perfect Circle,2003-09-27,2003,2004-06-19,0.7,2,0,0,23,61,11.5
Franz Ferdinand,2004-07-03,2004,2005-10-29,1.3,2,0,0,23,66,11.5
Crossfade,2004-08-07,2004,2005-01-08,0.4,1,0,0,23,81,23
Bo Bice,2005-07-09,2005,2006-07-08,1.0,2,1,0,23,2,11.5
The Wreckers,2006-06-10,2006,2007-02-10,0.7,2,0,0,23,34,11.5
Huey,2007-03-10,2007,2007-08-11,0.4,1,1,0,23,6,23
Lil Mama,2007-06-09,2007,2008-05-24,1.0,2,2,0,23,10,11.5
"Jay-Z, Rihanna & Kanye West",2009-08-15,2009,2010-01-16,0.4,1,1,0,23,2,23
Ca$h Out,2012-04-28,2012,2014-08-02,2.3,2,0,0,23,36,11.5
Lana Del Rey & Cedric Gervais,2013-07-27,2013,2013-12-28,0.4,1,1,0,23,6,23
Mike WiLL Made-It,2013-09-28,2013,2014-03-08,0.4,1,0,0,23,11,23
Troye Sivan,2014-08-09,2014,2023-11-04,9.2,5,0,0,23,23,4.6
George Ezra,2015-02-14,2015,2015-07-18,0.4,1,0,0,23,32,23
Zara Larsson & MNEK,2016-03-05,2016,2016-08-06,0.4,1,0,0,23,13,23
Martin Garrix & Bebe Rexha,2016-09-03,2016,2017-02-04,0.4,1,0,0,23,24,23
Machine Gun Kelly x Camila Cabello,2016-11-05,2016,2017-04-22,0.5,1,1,0,23,4,23
Zayn / Taylor Swift,2016-12-31,2016,2017-06-03,0.4,1,1,0,23,2,23
Cheat Codes,2017-06-03,2017,2017-11-04,0.4,1,0,0,23,38,23
Bruno Mars & Cardi B,2018-01-13,2018,2018-06-16,0.4,1,1,0,23,3,23
Yung Bleu,2020-10-31,2020,2021-05-22,0.6,1,0,0,23,18,23
SpotemGottem,2021-01-30,2021,2021-07-03,0.4,1,0,0,23,12,23
Nelly & Florida Georgia Line,2021-03-20,2021,2021-09-04,0.5,1,0,0,23,23,23
Chloe,2021-09-25,2021,2024-01-06,2.3,3,0,0,23,28,7.7
Eslabon Armado X Peso Pluma,2023-04-01,2023,2023-09-02,0.4,1,1,0,23,4,23
Yng Lvcas x Peso Pluma,2023-04-01,2023,2023-09-02,0.4,1,0,0,23,11,23
Michael Marcagi,2024-02-17,2024,2024-08-03,0.5,1,0,0,23,54,23
Playboi Carti & The Weeknd,2025-03-29,2025,2025-08-30,0.4,1,1,0,23,4,23
The Fiestas,1959-04-06,1959,1962-09-29,3.5,2,0,0,22,11,11
Buster Brown,1960-02-01,1960,1962-02-10,2.0,3,0,0,22,38,7.3
Ella Fitzgerald,1960-05-02,1960,1963-04-20,3.0,3,0,0,22,27,7.3
Hank Locklin,1960-05-23,1960,1960-10-17,0.4,1,1,0,22,8,22
Al Caiola And His Orchestra,1960-12-05,1960,1961-06-05,0.5,2,0,0,22,19,11
B. Bumble & The Stingers,1961-03-27,1961,1962-05-12,1.1,3,0,0,22,21,7.3
King Curtis And The Noble Knights,1962-02-17,1962,1962-09-15,0.6,2,0,0,22,17,11
Ned Miller,1962-12-29,1962,1965-02-20,2.1,2,1,0,22,6,11
The Village Stompers,1963-09-21,1963,1964-12-12,1.2,3,1,0,22,2,7.3
The Serendipity Singers,1964-02-29,1964,1964-07-11,0.4,2,1,0,22,6,11
The Reflections,1964-04-11,1964,1975-08-02,11.3,4,1,0,22,6,5.5
J. Frank Wilson and The Cavaliers,1964-09-05,1964,1974-01-19,9.4,2,1,0,22,2,11
Barry McGuire,1965-08-21,1965,1966-07-02,0.9,3,1,1,22,1,7.3
Syndicate Of Sound,1966-06-04,1966,1970-04-25,3.9,3,1,0,22,8,7.3
The Electric Prunes,1966-12-10,1966,1967-05-20,0.4,2,0,0,22,11,11
The Sunshine Company,1967-07-15,1967,1968-03-09,0.7,3,0,0,22,36,7.3
Small Faces,1967-11-11,1967,1968-04-13,0.4,2,0,0,22,16,11
Merrilee Rush & The Turnabouts,1968-05-04,1968,1968-10-05,0.4,2,1,0,22,7,11
Cliff Nobles & Co.,1968-05-25,1968,1969-03-01,0.8,3,1,0,22,2,7.3
Brooklyn Bridge,1968-12-21,1968,1970-10-10,1.8,3,1,0,22,3,7.3
Spiral Starecase,1969-04-05,1969,1969-10-11,0.5,2,0,0,22,12,11
The 5 Stairsteps,1970-03-21,1970,1970-08-29,0.4,2,1,0,22,8,11
The Presidents,1970-10-03,1970,1971-03-13,0.4,2,0,0,22,11,11
Dusk,1971-02-06,1971,1971-09-04,0.6,2,0,0,22,53,11
Mouth & MacNeal,1972-04-29,1972,1972-11-04,0.5,2,1,0,22,8,11
Uriah Heep,1972-07-29,1972,1973-11-24,1.3,3,0,0,22,39,7.3
Willie Hutch,1973-05-19,1973,1975-12-06,2.5,3,0,0,22,41,7.3
Wednesday,1973-11-24,1973,1974-06-01,0.5,2,0,0,22,34,11
Latimore,1974-10-26,1974,1977-04-09,2.5,2,0,0,22,31,11
Minnie Riperton,1975-01-18,1975,1975-08-30,0.6,2,1,1,22,1,11
Gary Toms Empire,1975-06-21,1975,1975-12-20,0.5,2,0,0,22,46,11
Gallagher And Lyle,1976-04-10,1976,1976-12-11,0.7,2,0,0,22,49,11
Outlaws,1976-07-04,1976,1981-04-04,4.8,3,0,0,22,31,7.3
Grace Jones,1977-01-22,1977,1987-01-24,10.0,3,0,0,22,69,7.3
Dean Friedman,1977-04-16,1977,1977-09-10,0.4,1,0,0,22,26,22
Peter Mccann,1977-04-23,1977,1977-09-17,0.4,1,1,0,22,5,22
Eruption,1978-03-11,1978,1978-08-05,0.4,1,0,0,22,18,22
Suzi Quatro & Chris Norman,1979-01-27,1979,1979-06-23,0.4,1,1,0,22,4,22
Steve Forbert,1979-12-01,1979,1980-04-26,0.4,2,0,0,22,11,11
Nielsen/Pearson,1980-09-13,1980,1981-09-26,1.0,2,0,0,22,38,11
The Reddings,1980-11-15,1980,1982-08-07,1.7,2,0,0,22,55,11
LeRoux,1982-02-13,1982,1983-04-09,1.1,3,0,0,22,18,7.3
Aldo Nova,1982-03-27,1982,1982-08-21,0.4,2,0,0,22,23,11
The Belle Stars,1983-05-07,1983,1989-07-01,6.2,2,0,0,22,14,11
Paul McCartney And Michael Jackson,1983-10-15,1983,1984-03-10,0.4,1,1,1,22,1,22
Jan Hammer,1985-09-07,1985,1986-02-01,0.4,1,1,1,22,1,22
GTR,1986-05-10,1986,1986-09-27,0.4,2,0,0,22,14,11
The Art Of Noise,1986-05-17,1986,1989-02-11,2.7,2,0,0,22,31,11
Linda Ronstadt & James Ingram,1986-12-20,1986,1987-05-16,0.4,1,1,0,22,2,22
The Communards,1986-12-27,1986,1988-03-26,1.2,2,0,0,22,40,11
Suzanne Vega,1987-06-06,1987,1987-10-10,0.3,2,1,0,22,3,11
Ivan Neville,1988-10-08,1988,1989-03-11,0.4,2,0,0,22,26,11
Waterfront,1989-04-08,1989,1989-08-26,0.4,2,1,0,22,10,11
Grayson Hugh,1989-06-24,1989,1989-11-18,0.4,2,0,0,22,19,11
Biz Markie,1990-01-20,1990,1990-06-16,0.4,1,1,0,22,9,22
Curtis Stigers,1991-09-07,1991,1992-06-20,0.8,3,1,0,22,9,7.3
Saigon Kick,1992-09-05,1992,1993-01-30,0.4,1,0,0,22,12,22
Lo-Key?,1992-11-14,1992,1993-05-01,0.5,2,0,0,22,27,11
Positive K,1992-12-19,1992,1993-05-15,0.4,1,0,0,22,14,22
Bryan Adams/Rod Stewart/Sting,1993-11-27,1993,1994-04-23,0.4,1,1,1,22,1,22
Raphael Saadiq,1995-03-25,1995,2002-05-04,7.1,2,0,0,22,19,11
Joan Osborne,1995-12-09,1995,1996-05-04,0.4,1,1,0,22,4,22
The Blackout Allstars,1996-12-07,1996,1997-05-03,0.4,1,0,0,22,25,22
Christion,1997-04-26,1997,1998-06-27,1.2,2,0,0,22,53,11
Chad Kroeger,2002-05-18,2002,2002-10-12,0.4,1,1,0,22,3,22
B2K & P. Diddy,2002-11-30,2002,2003-04-26,0.4,1,1,1,22,1,22
JC Chasez,2003-01-04,2003,2004-02-28,1.1,2,0,0,22,35,11
Avenged Sevenfold,2005-11-12,2005,2013-09-14,7.8,4,0,0,22,51,5.5
Katharine McPhee,2006-07-15,2006,2007-06-02,0.9,3,0,0,22,12,7.3
Shop Boyz,2007-05-05,2007,2007-09-29,0.4,1,1,0,22,2,22
The Veronicas,2008-12-13,2008,2009-07-11,0.6,2,0,0,22,17,11
Kirko Bangz,2012-02-25,2012,2012-07-21,0.4,1,0,0,22,28,22
Havana Brown,2012-04-07,2012,2012-09-08,0.4,1,0,0,22,26,22
Cher Lloyd,2012-06-30,2012,2013-01-12,0.5,2,0,0,22,12,11
Passion Pit,2012-09-15,2012,2013-02-16,0.4,1,0,0,22,84,22
"Kanye West, Jay-Z, Big Sean",2012-09-22,2012,2013-02-16,0.4,1,0,0,22,12,22
Olly Murs,2012-09-29,2012,2013-06-15,0.7,2,0,0,22,25,11
I LOVE MAKONNEN,2014-10-11,2014,2015-03-07,0.4,1,0,0,22,12,22
Ariana Grande & The Weeknd,2014-10-25,2014,2015-03-21,0.4,1,1,0,22,7,22
Ruth B,2016-03-12,2016,2016-08-06,0.4,1,0,0,22,24,22
"Lil Wayne, Wiz Khalifa & Imagine Dragons",2016-07-16,2016,2016-12-10,0.4,1,0,0,22,15,22
Jon Bellion,2016-10-29,2016,2017-03-25,0.4,1,0,0,22,16,22
Selena Gomez X Marshmello,2017-11-11,2017,2018-04-07,0.4,1,0,0,22,20,22
YBN Nahmir,2017-11-25,2017,2021-03-27,3.3,2,0,0,22,46,11
Queen Naija,2018-04-14,2018,2018-10-27,0.5,2,0,0,22,45,11
Billie Eilish & Khalid,2018-06-09,2018,2019-04-13,0.8,1,0,0,22,64,22
lovelytheband,2018-07-28,2018,2018-12-22,0.4,1,0,0,22,29,22
BENEE,2020-03-28,2020,2020-08-22,0.4,1,0,0,22,39,22
BRS Kash,2020-10-31,2020,2021-03-27,0.4,1,0,0,22,24,22
CJ,2020-11-21,2020,2021-04-17,0.4,1,1,0,22,10,22
Chris Young + Kane Brown,2021-04-03,2021,2021-09-04,0.4,1,0,0,22,21,22
Marshmello X Jonas Brothers,2021-06-05,2021,2021-10-30,0.4,1,0,0,22,19,22
Rauw Alejandro,2021-06-12,2021,2024-11-30,3.5,3,0,0,22,32,7.3
Quavo & Takeoff,2022-06-04,2022,2023-01-21,0.6,1,0,0,22,55,22
Burna Boy,2022-07-23,2022,2023-09-23,1.2,2,0,0,22,44,11
GloRilla & Cardi B,2022-10-08,2022,2023-03-04,0.4,1,1,0,22,9,22
PinkPantheress & Ice Spice,2023-02-18,2023,2023-07-15,0.4,1,1,0,22,3,22
Oliver Anthony Music,2023-08-26,2023,2024-01-27,0.4,2,1,1,22,1,11
GloRilla & Sexyy Red,2024-10-26,2024,2025-03-22,0.4,1,0,0,22,17,22
Forrest Frank,2025-05-03,2025,2025-09-27,0.4,1,0,0,22,61,22
Sheb Wooley,1958-08-04,1958,1962-03-17,3.6,3,0,0,21,24,7
Raymond Lefevre and His Orchestra,1958-10-27,1958,1968-05-11,9.5,2,0,0,21,30,10.5
Louis Prima And Keely Smith,1958-11-03,1958,1959-08-10,0.8,3,0,0,21,18,7
The Chipmunks,1958-12-01,1958,1962-04-21,3.4,2,1,1,21,1,10.5
Link Wray And The Wraymen,1959-01-26,1959,1963-08-03,4.5,2,0,0,21,23,10.5
Rod Bernard,1959-03-09,1959,1960-01-04,0.8,2,0,0,21,20,10.5
Debbie Reynolds,1960-01-18,1960,1960-05-30,0.4,2,0,0,21,25,10.5
Safaris,1960-06-06,1960,1960-10-31,0.4,2,1,0,21,6,10.5
The Bobbettes,1960-07-04,1960,1961-09-25,1.2,4,0,0,21,52,5.2
The Innocents,1960-08-15,1960,1961-01-30,0.5,2,0,0,21,28,10.5
Lolita,1960-10-24,1960,1961-03-13,0.4,2,1,0,21,5,10.5
Freddy King,1961-01-09,1961,1961-09-04,0.7,4,0,0,21,29,5.2
Slim Harpo,1961-05-29,1961,1966-04-23,4.9,2,0,0,21,16,10.5
Mar-Keys,1961-07-03,1961,1962-03-31,0.7,3,1,0,21,3,7
The G-Clefs,1961-09-18,1961,1962-04-07,0.6,2,1,0,21,9,10.5
John D. Loudermilk,1961-11-06,1961,1962-12-22,1.1,4,0,0,21,32,5.2
Kenny Ball and his Jazzmen,1962-02-03,1962,1962-07-07,0.4,3,1,0,21,2,7
Mike Clifford,1962-09-15,1962,1963-05-11,0.7,3,0,0,21,12,7
The Tornadoes,1962-11-03,1962,1963-03-16,0.4,2,1,1,21,1,10.5
Theola Kilgore,1963-04-20,1963,1963-10-05,0.5,2,0,0,21,21,10.5
Kim Weston,1963-07-06,1963,1967-04-29,3.8,4,0,0,21,50,5.2
The Dixiebelles,1963-09-28,1963,1964-03-07,0.4,2,1,0,21,9,10.5
Louis Armstrong,1964-10-03,1964,1988-04-30,23.6,3,0,0,21,32,7
The Elgins,1966-02-19,1966,1967-07-29,1.4,4,0,0,21,50,5.2
Los Bravos,1966-08-13,1966,1968-07-06,1.9,3,1,0,21,4,7
The Music Explosion,1967-05-13,1967,1967-10-07,0.4,2,1,0,21,2,10.5
Patti Drew,1967-08-26,1967,1968-11-23,1.2,3,0,0,21,62,7
The First Edition,1968-02-10,1968,1969-03-29,1.1,2,1,0,21,5,10.5
The Unifics,1968-09-21,1968,1969-04-19,0.6,3,0,0,21,25,7
Derek,1968-10-26,1968,1969-03-29,0.4,2,0,0,21,11,10.5
Bobby Russell,1968-10-26,1968,1971-10-09,3.0,2,0,0,21,28,10.5
Bob Seger System,1968-12-21,1968,1970-05-23,1.4,3,0,0,21,17,7
Plastic Ono Band,1969-07-26,1969,1970-01-31,0.5,2,0,0,21,14,10.5
Jefferson,1969-08-16,1969,1970-03-07,0.6,2,0,0,21,23,10.5
The James Gang,1971-05-29,1971,1974-04-13,2.9,2,0,0,21,51,10.5
Jerry Butler & Brenda Lee Eager,1971-12-11,1971,1972-09-23,0.8,2,0,0,21,21,10.5
Skylark,1973-02-17,1973,1973-07-07,0.4,1,1,0,21,9,21
Jim Weatherly,1974-09-14,1974,1975-02-22,0.4,2,0,0,21,11,10.5
Prelude,1974-10-05,1974,1976-01-17,1.3,2,0,0,21,22,10.5
The Elton John Band,1975-03-08,1975,1975-07-26,0.4,1,1,1,21,1,21
David Geddes,1975-08-02,1975,1976-01-03,0.4,2,1,0,21,4,10.5
Silver,1976-06-19,1976,1976-11-06,0.4,1,0,0,21,16,21
David Dundas,1976-10-09,1976,1977-02-26,0.4,1,0,0,21,17,21
Mac McAnally,1977-07-09,1977,1983-05-21,5.9,2,0,0,21,37,10.5
Claudja Barry,1978-02-25,1978,1979-06-30,1.3,2,0,0,21,56,10.5
Patti Smith Group,1978-04-08,1978,1979-09-01,1.4,2,0,0,21,13,10.5
Ace Frehley,1978-10-14,1978,1979-03-03,0.4,1,0,0,21,13,21
J.D. Souther,1979-09-08,1979,1980-01-26,0.4,1,1,0,21,7,21
Utopia,1980-02-23,1980,1983-02-12,3.0,3,0,0,21,27,7
Bernadette Peters,1980-03-29,1980,1981-09-26,1.5,2,0,0,21,31,10.5
The John Hall Band,1981-12-26,1981,1983-03-26,1.2,2,0,0,21,42,10.5
Timothy B. Schmit,1982-10-02,1982,1987-12-12,5.2,2,0,0,21,25,10.5
Taco,1983-06-25,1983,1983-11-12,0.4,1,1,0,21,4,21
Deborah Allen,1983-10-15,1983,1984-03-03,0.4,1,0,0,21,26,21
KC,1983-12-24,1983,1984-05-12,0.4,1,0,0,21,18,21
Tracey Ullman,1984-02-25,1984,1984-07-07,0.4,2,1,0,21,8,10.5
Julio Iglesias And Willie Nelson,1984-03-03,1984,1984-07-21,0.4,1,1,0,21,5,21
"Isley, Jasper, Isley",1985-02-16,1985,1986-03-08,1.1,2,0,0,21,51,10.5
Alison Moyet,1985-03-09,1985,1985-08-10,0.4,2,0,0,21,31,10.5
Phil Collins and Marilyn Martin,1985-10-05,1985,1986-02-22,0.4,1,1,1,21,1,21
Ta Mara & The Seen,1985-10-12,1985,1986-03-01,0.4,1,0,0,21,24,21
Carl Anderson & Gloria Loring,1986-07-05,1986,1986-11-22,0.4,1,1,0,21,2,21
Nancy Martinez,1986-10-04,1986,1987-02-21,0.4,1,0,0,21,32,21
Billy Vera & The Beaters,1986-11-08,1986,1987-03-28,0.4,1,1,1,21,1,21
Bill Medley & Jennifer Warnes,1987-09-26,1987,1988-02-13,0.4,1,1,1,21,1,21
Patrick Swayze (Featuring Wendy Fraser),1987-12-19,1987,1988-05-07,0.4,1,1,0,21,3,21
Boys Club,1988-10-22,1988,1989-03-11,0.4,1,1,0,21,8,21
Eighth Wonder,1988-11-19,1988,1989-04-29,0.4,2,0,0,21,56,10.5
Faster Pussycat,1990-02-24,1990,1990-07-14,0.4,1,0,0,21,28,21
Kid Frost,1990-07-07,1990,1992-05-02,1.8,2,0,0,21,42,10.5
Concrete Blonde,1990-08-18,1990,1991-01-05,0.4,1,0,0,21,19,21
DNA,1990-10-06,1990,1991-02-23,0.4,1,1,0,21,5,21
Jomanda,1991-07-06,1991,1993-08-14,2.1,2,0,0,21,40,10.5
Blur,1992-01-11,1992,1994-10-01,2.7,2,0,0,21,59,10.5
Brand Nubian,1993-01-02,1993,1998-11-28,5.9,4,0,0,21,54,5.2
Belly,1993-05-15,1993,2016-07-02,23.1,2,0,0,21,68,10.5
12 Gauge,1994-01-08,1994,1994-05-28,0.4,1,0,0,21,28,21
Dru Down,1994-12-24,1994,1996-09-28,1.8,2,0,0,21,65,10.5
Mista,1996-06-29,1996,1997-01-18,0.6,2,0,0,21,53,10.5
Crush,1996-08-17,1996,1997-01-04,0.4,1,0,0,21,72,21
Myron,1997-09-06,1997,1998-10-10,1.1,2,0,0,21,47,10.5
The Kinleys,1997-10-04,1997,1999-03-20,1.5,2,0,0,21,64,10.5
Puff Daddy & The Family (Feat. The Notorious B.I.G. & Mase),1997-12-06,1997,1998-04-25,0.4,1,1,0,21,2,21
Pras Michel,1998-06-27,1998,1998-11-14,0.4,1,0,0,21,15,21
Funkmaster Flex,1998-08-22,1998,2000-12-23,2.3,2,0,0,21,72,10.5
Tool,2001-06-23,2001,2019-08-17,18.1,2,0,0,21,67,10.5
Paulina Rubio,2002-05-04,2002,2006-10-07,4.4,3,0,0,21,41,7
Eamon,2003-12-06,2003,2004-04-24,0.4,1,0,0,21,16,21
Keane,2005-02-12,2005,2006-09-23,1.6,2,0,0,21,50,10.5
Lil Rob,2005-06-25,2005,2006-04-08,0.8,2,0,0,21,36,10.5
Corinne Bailey Rae,2006-07-15,2006,2007-03-10,0.7,2,0,0,21,56,10.5
OK Go,2006-09-16,2006,2014-11-15,8.2,2,0,0,21,38,10.5
Hellogoodbye,2006-11-18,2006,2007-04-07,0.4,1,0,0,21,14,21
Rich Boy,2006-12-23,2006,2007-05-12,0.4,1,1,0,21,6,21
Miranda Cosgrove,2008-01-12,2008,2011-04-02,3.2,4,0,0,21,47,5.2
David Guetta & Chris Willis,2008-06-14,2008,2010-09-25,2.3,2,0,0,21,31,10.5
Orianthi,2009-12-19,2009,2010-05-08,0.4,1,0,0,21,17,21
The Ready Set,2010-08-28,2010,2011-01-15,0.4,1,0,0,21,27,21
Krewella,2013-03-02,2013,2013-07-20,0.4,2,0,0,21,32,10.5
Naughty Boy,2014-03-08,2014,2015-10-10,1.6,2,0,0,21,19,10.5
Wisin,2014-03-22,2014,2017-11-11,3.6,2,0,0,21,63,10.5
KONGOS,2014-04-19,2014,2014-09-06,0.4,1,0,0,21,31,21
Sheppard,2014-12-20,2014,2015-05-30,0.4,1,0,0,21,53,21
DJ Snake & AlunaGeorge,2015-04-11,2015,2015-08-29,0.4,1,0,0,21,13,21
Jidenna,2015-05-23,2015,2015-10-10,0.4,1,0,0,21,22,21
iLoveMemphis,2015-09-05,2015,2016-02-06,0.4,2,0,0,21,15,10.5
Zay Hilfigerrr & Zayion McCall,2016-10-08,2016,2017-03-04,0.4,1,1,0,21,5,21
Maluma,2017-06-03,2017,2019-06-08,2.0,2,0,0,21,48,10.5
GoldLink,2017-07-15,2017,2017-12-02,0.4,1,0,0,21,45,21
Hailee Steinfeld & Alesso,2017-09-30,2017,2018-03-03,0.4,1,0,0,21,40,21
"Migos, Nicki Minaj & Cardi B",2017-11-18,2017,2018-04-07,0.4,1,1,0,21,6,21
N*E*R*D & Rihanna,2017-11-25,2017,2018-04-14,0.4,1,0,0,21,36,21
Nicky Jam x J Balvin,2018-03-17,2018,2018-08-04,0.4,1,0,0,21,41,21
Calvin Harris & Dua Lipa,2018-04-21,2018,2018-09-08,0.4,1,0,0,21,26,21
"Casper Magico, Nio Garcia, Darell, Nicky Jam, Ozuna & Bad Bunny",2018-05-05,2018,2018-09-22,0.4,1,0,0,21,36,21
Quavo,2018-08-25,2018,2018-12-01,0.3,7,0,0,21,48,3
Y2K & bbno$,2019-07-13,2019,2019-12-07,0.4,1,0,0,21,55,21
Lil Baby & DaBaby,2019-08-03,2019,2020-01-11,0.4,1,0,0,21,21,21
Karol G & Nicki Minaj,2019-11-23,2019,2020-05-02,0.4,1,0,0,21,42,21
Surfaces,2020-03-14,2020,2020-08-01,0.4,1,0,0,21,19,21
Maluma & The Weeknd,2020-09-05,2020,2021-01-23,0.4,1,0,0,21,12,21
Baby Keem & Kendrick Lamar,2021-09-11,2021,2023-06-24,1.8,3,0,0,21,18,7
Blxst & Tyga,2021-10-09,2021,2022-02-26,0.4,1,0,0,21,51,21
Jessie Murph,2021-12-11,2021,2025-09-20,3.8,5,0,0,21,15,5.8
Megan Thee Stallion & Dua Lipa,2022-03-26,2022,2022-08-27,0.4,1,0,0,21,15,21
Manuel Turizo,2022-09-03,2022,2023-02-18,0.5,1,0,0,21,67,21
NewJeans,2023-01-21,2023,2023-09-09,0.6,5,0,0,21,48,4.2
Nicki Minaj & Ice Spice,2023-07-08,2023,2023-11-25,0.4,1,1,0,21,7,21
Karol G & Peso Pluma,2023-08-26,2023,2024-01-13,0.4,1,0,0,21,28,21
Kenya Grace,2023-09-30,2023,2024-02-17,0.4,1,0,0,21,42,21
Paul Russell,2023-09-30,2023,2024-02-17,0.4,1,0,0,21,14,21
Flo Milli,2023-12-30,2023,2024-05-18,0.4,1,0,0,21,15,21
The Red Clay Strays,2023-12-30,2023,2025-02-08,1.1,2,0,0,21,71,10.5
Jordan Adetunji,2024-07-06,2024,2024-11-23,0.4,1,0,0,21,24,21
Rauw Alejandro & Bad Bunny,2024-11-30,2024,2026-02-21,1.2,1,0,0,21,34,21
"MOLIY, Silent Addy, Skillibeng & Shenseea",2025-05-31,2025,2025-11-15,0.5,1,0,0,21,44,21
Gavin Adcock,2025-08-30,2025,2026-01-17,0.4,1,0,0,21,45,21
Sam Fender & Olivia Dean,2026-03-28,2026,2026-08-22,0.4,1,0,0,21,50,21
Dexter And The Moonrocks,2026-04-04,2026,2026-08-22,0.4,1,0,0,21,33,21
Poni-Tails,1958-08-04,1958,1959-11-16,1.3,3,1,0,20,7,6.7
Les Paul And Mary Ford,1958-08-18,1958,1961-07-10,2.9,2,0,0,20,32,10
The Tommy Dorsey Orchestra,1958-09-01,1958,1959-01-12,0.4,1,1,0,20,7,20
Tommy Sands And The Raiders,1958-09-01,1958,1959-03-02,0.5,2,0,0,20,50,10
The Royaltones,1958-10-20,1958,1961-01-30,2.3,2,0,0,20,17,10
Thomas Wayne,1959-01-26,1959,1959-06-01,0.3,2,1,0,20,5,10
The Falcons,1959-04-20,1959,1959-08-31,0.4,1,0,0,20,17,20
Jimmy Darren,1959-04-27,1959,1959-09-21,0.4,2,0,0,20,41,10
The Capris,1961-01-02,1961,1962-08-18,1.6,4,1,0,20,3,5
Janie Grant,1961-03-27,1961,1962-07-21,1.3,3,0,0,20,29,6.7
Ann-Margret,1961-07-24,1961,1962-04-21,0.7,3,0,0,20,17,6.7
Troy Shondell,1961-09-18,1961,1962-02-03,0.4,3,1,0,20,6,6.7
The Majors,1962-08-11,1962,1962-12-22,0.4,3,0,0,20,22,6.7
Ben Colder,1962-11-24,1962,1968-11-23,6.0,5,0,0,20,58,4
Kyu Sakamoto,1963-05-11,1963,1963-09-28,0.4,2,1,1,20,1,10
The Trashmen,1963-12-07,1963,1964-03-21,0.3,2,1,0,20,4,10
Diane Renay,1964-01-25,1964,1964-05-23,0.3,2,1,0,20,6,10
Rene & Rene,1964-07-11,1964,1969-02-08,4.6,2,0,0,20,14,10
Betty Everett & Jerry Butler,1964-09-05,1964,1965-01-16,0.4,2,1,0,20,5,10
The Honeycombs,1964-09-19,1964,1965-01-30,0.4,2,1,0,20,5,10
Glenn Yarbrough,1965-03-13,1965,1965-08-21,0.4,2,0,0,20,12,10
Roy Head And The Traits,1965-09-04,1965,1966-03-12,0.5,3,1,0,20,2,6.7
The Sunrays,1965-09-04,1965,1966-05-14,0.7,3,0,0,20,41,6.7
The Mojo Men,1965-10-30,1965,1967-06-10,1.6,3,0,0,20,36,6.7
SSgt Barry Sadler,1966-02-05,1966,1966-06-04,0.3,2,1,1,20,1,10
Shadows Of Knight,1966-03-19,1966,1968-12-14,2.7,2,1,0,20,10,10
Darrell Banks,1966-07-23,1966,1966-12-03,0.4,2,0,0,20,27,10
Howard Tate,1966-08-20,1966,1970-04-04,3.6,4,0,0,20,63,5
The Music Machine,1966-11-12,1966,1967-03-18,0.3,2,0,0,20,15,10
Davie Allan And The Arrows,1966-11-12,1966,1967-09-30,0.9,3,0,0,20,37,6.7
"Oscar Toney, Jr.",1967-05-27,1967,1968-04-27,0.9,4,0,0,20,23,5
The Parliaments,1967-07-01,1967,1967-11-25,0.4,2,0,0,20,20,10
The Human Beinz,1967-12-09,1967,1968-04-06,0.3,2,1,0,20,8,10
The Lemon Pipers,1967-12-16,1967,1968-04-20,0.3,2,1,1,20,1,10
Five Stairsteps & Cubie,1968-01-27,1968,1969-11-08,1.8,4,0,0,20,59,5
Bobby Taylor & The Vancouvers,1968-04-20,1968,1969-01-18,0.7,3,0,0,20,29,6.7
The Status Quo,1968-05-18,1968,1968-10-12,0.4,2,0,0,20,12,10
The O'Kaysions,1968-08-17,1968,1968-12-28,0.4,2,1,0,20,5,10
John Sebastian,1969-01-04,1969,1976-08-07,7.6,3,1,1,20,1,6.7
Robin McNamara,1970-05-30,1970,1970-10-31,0.4,2,0,0,20,11,10
The Buoys,1971-01-02,1971,1971-07-03,0.5,2,0,0,20,17,10
Matthews' Southern Comfort,1971-03-06,1971,1971-10-23,0.6,3,0,0,20,23,6.7
Hudson and Landry,1971-04-24,1971,1972-02-19,0.8,2,0,0,20,43,10
Mandrill,1971-06-05,1971,1973-09-22,2.3,3,0,0,20,52,6.7
Gary Glitter,1972-07-22,1972,1972-12-30,0.4,2,1,0,20,7,10
Merle Haggard,1973-11-24,1973,1977-12-17,4.1,2,0,0,20,28,10
Herbie Hancock,1974-03-23,1974,1983-11-05,9.6,2,0,0,20,42,10
"Ecstasy, Passion & Pain",1974-07-06,1974,1976-06-12,1.9,4,0,0,20,48,5
The Kiki Dee Band,1974-09-14,1974,1975-01-25,0.4,1,0,0,20,12,20
Ace,1975-03-08,1975,1975-08-16,0.4,2,1,0,20,3,10
Jim Gilstrap,1975-03-08,1975,1975-12-13,0.8,3,0,0,20,55,6.7
Tony Camillo's Bazuka,1975-04-12,1975,1975-08-23,0.4,1,1,0,20,10,20
The Wing And A Prayer Fife & Drum Corps.,1975-11-15,1975,1976-03-27,0.4,1,0,0,20,14,20
Carole Bayer Sager,1977-10-15,1977,1981-08-08,3.8,2,0,0,20,30,10
Molly Hatchet,1980-01-05,1980,1984-11-17,4.9,4,0,0,20,42,5
Bruce Cockburn,1980-03-22,1980,1985-02-23,4.9,2,0,0,20,21,10
Jimmy Hall,1980-09-27,1980,1982-05-15,1.6,2,0,0,20,27,10
Don Williams,1980-09-27,1980,1981-02-07,0.4,1,0,0,20,24,20
Rosanne Cash,1981-04-25,1981,1981-09-05,0.4,1,0,0,20,22,20
Stanley Clarke/George Duke,1981-05-02,1981,1981-09-12,0.4,1,0,0,20,19,20
Sneaker,1981-10-31,1981,1982-03-27,0.4,2,0,0,20,34,10
Royal Philharmonic Orchestra,1981-10-31,1981,1982-03-13,0.4,1,1,0,20,10,20
Eddie Schwartz,1981-12-12,1981,1982-04-17,0.3,2,0,0,20,28,10
Sylvia,1982-08-28,1982,1983-01-08,0.4,1,0,0,20,15,20
Modern English,1983-04-02,1983,1990-08-25,7.4,2,0,0,20,76,10
Roman Holliday,1983-06-18,1983,1985-03-09,1.7,3,0,0,20,54,6.7
Dwight Twilley,1984-02-18,1984,1984-06-09,0.3,2,0,0,20,16,10
Mike Reno And Ann Wilson,1984-05-12,1984,1984-09-22,0.4,1,1,0,20,7,20
Charlie Sexton,1985-12-14,1985,1986-04-26,0.4,1,0,0,20,17,20
Device,1986-06-14,1986,1986-11-01,0.4,2,0,0,20,35,10
Regina,1986-06-21,1986,1986-11-01,0.4,1,1,0,20,10,20
Benjamin Orr,1986-11-08,1986,1987-03-21,0.4,1,0,0,20,24,20
Danny Wilson,1987-06-06,1987,1987-10-17,0.4,1,0,0,20,23,20
Cher & Peter Cetera,1989-03-11,1989,1989-07-22,0.4,1,1,0,20,6,20
Soul II Soul (Featuring Caron Wheeler),1989-06-24,1989,1989-11-04,0.4,1,0,0,20,11,20
Enuff Z'Nuff,1989-10-21,1989,1990-04-21,0.5,2,0,0,20,47,10
Bingo Boys,1991-02-16,1991,1991-08-03,0.5,2,0,0,20,25,10
C+C Music Factory/F. Williams,1991-03-02,1991,1991-07-13,0.4,1,1,0,20,3,20
Chesney Hawkes,1991-08-03,1991,1991-12-14,0.4,1,1,0,20,10,20
M.C. Breed & D.F.C.,1991-09-14,1991,1992-01-25,0.4,1,0,0,20,66,20
Angelica,1991-10-19,1991,1992-02-29,0.4,1,0,0,20,29,20
The Storm,1991-10-26,1991,1992-03-07,0.4,1,0,0,20,26,20
George Michael/Elton John,1991-12-07,1991,1992-04-18,0.4,1,1,1,20,1,20
Celine Dion And Peabo Bryson,1992-01-18,1992,1992-05-30,0.4,1,1,0,20,9,20
Giggles,1992-01-25,1992,1992-06-06,0.4,1,0,0,20,47,20
Gerald Levert (Duet,1992-02-15,1992,1992-06-27,0.4,1,0,0,20,37,20
Lidell Townsell,1992-02-29,1992,1992-07-11,0.4,1,0,0,20,26,20
L.A. Style,1992-04-11,1992,1992-08-29,0.4,1,0,0,20,59,20
Luther Vandross And Janet Jackson,1992-05-30,1992,1992-10-10,0.4,1,1,0,20,10,20
Pete Rock & C.L. Smooth,1992-06-27,1992,1995-03-04,2.7,2,0,0,20,58,10
k.d. lang,1992-08-01,1992,2010-03-06,17.6,2,0,0,20,38,10
The Movement,1992-08-08,1992,1992-12-19,0.4,1,0,0,20,53,20
The Heights,1992-10-03,1992,1993-02-13,0.4,1,1,1,20,1,20
Trey Lorenz,1992-10-03,1992,1993-02-13,0.4,1,0,0,20,19,20
Men At Large,1993-02-20,1993,1993-07-03,0.4,1,0,0,20,31,20
Young Black Teenagers,1993-03-06,1993,1993-07-17,0.4,1,0,0,20,55,20
Green Jelly,1993-03-27,1993,1993-08-07,0.4,1,0,0,20,17,20
Captain Hollywood Project,1993-05-01,1993,1993-09-11,0.4,1,0,0,20,17,20
David Crosby & Phil Collins,1993-05-08,1993,1993-09-18,0.4,1,0,0,20,44,20
II D Extreme,1993-05-15,1993,1993-09-25,0.4,1,0,0,20,48,20
The Proclaimers,1993-06-12,1993,1993-10-23,0.4,1,1,0,20,3,20
Big Daddy Kane,1993-07-10,1993,1993-11-20,0.4,1,0,0,20,31,20
Celine Dion And Clive Griffin,1993-07-17,1993,1993-11-27,0.4,1,0,0,20,23,20
Mista Grimm,1993-09-25,1993,1994-02-05,0.4,1,0,0,20,56,20
Bruce Hornsby,1993-10-09,1993,1995-10-21,2.0,2,0,0,20,54,10
DRS,1993-10-16,1993,1994-02-26,0.4,1,1,0,20,4,20
Culture Beat,1993-11-06,1993,1994-03-19,0.4,1,0,0,20,17,20
Collage,1993-11-27,1993,1994-04-09,0.4,1,0,0,20,56,20
The Breeders,1993-12-04,1993,1994-04-16,0.4,1,0,0,20,44,20
Dwight Yoakam,1993-12-11,1993,1999-08-21,5.7,2,0,0,20,64,10
Eternal,1994-01-15,1994,1994-05-28,0.4,1,0,0,20,19,20
Snoop Doggy Dogg,1994-01-29,1994,1994-06-11,0.4,1,1,0,20,8,20
Warren G & Nate Dogg,1994-04-23,1994,1994-09-03,0.4,1,1,0,20,2,20
Ahmad,1994-05-28,1994,1994-10-08,0.4,1,0,0,20,26,20
Meat Puppets,1994-06-11,1994,1994-10-22,0.4,1,0,0,20,47,20
DJ Miko,1994-06-18,1994,1994-10-29,0.4,1,0,0,20,58,20
Terror Fabulous,1994-07-23,1994,1994-12-03,0.4,1,0,0,20,43,20
Mad Lion,1994-07-30,1994,1994-12-10,0.4,1,0,0,20,69,20
Mazzy Star,1994-09-03,1994,1995-01-14,0.4,1,0,0,20,44,20
Luther Vandross & Mariah Carey,1994-09-10,1994,1995-01-21,0.4,1,1,0,20,2,20
B.M.U. (Black Men United),1994-10-08,1994,1995-02-18,0.4,1,0,0,20,28,20
Fu-Schnickens,1994-10-22,1994,1995-03-04,0.4,1,0,0,20,67,20
"Harry Connick, Jr.",1994-10-22,1994,1995-03-04,0.4,1,0,0,20,67,20
N2U,1994-12-03,1994,1995-04-15,0.4,1,0,0,20,22,20
Jeff Foxworthy,1994-12-10,1994,1996-08-31,1.7,2,0,0,20,66,10
The Flaming Lips,1994-12-17,1994,1995-04-29,0.4,1,0,0,20,55,20
Subway (Featuring 702),1995-02-04,1995,1995-06-17,0.4,1,0,0,20,15,20
Missjones,1995-02-11,1995,1998-09-26,3.6,2,0,0,20,62,10
IV Xample,1995-03-11,1995,1995-07-22,0.4,1,0,0,20,44,20
Rednex,1995-03-11,1995,1995-07-22,0.4,1,0,0,20,25,20
Kut Klose,1995-04-15,1995,1995-08-26,0.4,1,0,0,20,34,20
Matthew Sweet,1995-05-27,1995,1995-10-07,0.4,1,0,0,20,58,20
AZ,1995-07-15,1995,1995-11-25,0.4,1,0,0,20,25,20
The Dove Shack,1995-08-12,1995,1995-12-23,0.4,1,0,0,20,54,20
The Outhere Brothers,1995-09-30,1995,1996-02-10,0.4,1,0,0,20,65,20
Blahzay Blahzay,1995-10-07,1995,1996-02-17,0.4,1,0,0,20,46,20
The Mighty Dub Katz,1995-10-14,1995,1996-02-24,0.4,1,0,0,20,58,20
Selena,1995-10-28,1995,1996-03-09,0.4,1,0,0,20,22,20
Terry Ellis,1995-11-04,1995,1996-03-16,0.4,1,0,0,20,52,20
L.A.D.,1995-11-18,1995,1996-03-30,0.4,1,0,0,20,47,20
Folk Implosion,1995-12-09,1995,1996-04-20,0.4,1,0,0,20,29,20
Immature (Featuring Smooth),1995-12-09,1995,1996-04-20,0.4,1,0,0,20,37,20
L.B.C. Crew,1995-12-16,1995,1996-04-27,0.4,1,0,0,20,75,20
Seven Mary Three,1996-01-20,1996,1996-06-01,0.4,1,0,0,20,39,20
Nonchalant,1996-03-02,1996,1996-07-13,0.4,1,0,0,20,24,20
BoDeans,1996-03-09,1996,1996-07-20,0.4,1,0,0,20,16,20
Whitney Houston & CeCe Winans,1996-03-23,1996,1996-08-03,0.4,1,1,0,20,8,20
Spacehog,1996-04-06,1996,1996-08-17,0.4,1,0,0,20,32,20
Gravity Kills,1996-04-13,1996,1996-08-24,0.4,1,0,0,20,86,20
Delinquent Habits,1996-04-27,1996,1996-09-07,0.4,1,0,0,20,35,20
Adam Clayton & Larry Mullen,1996-05-11,1996,1996-09-21,0.4,1,1,0,20,7,20
Crucial Conflict,1996-05-11,1996,1996-09-21,0.4,1,0,0,20,18,20
Gina Thompson,1996-07-13,1996,1996-11-23,0.4,1,0,0,20,41,20
Do Or Die (Featuring Twista),1996-08-03,1996,1996-12-14,0.4,1,0,0,20,22,20
T-Boz,1996-08-10,1996,1996-12-21,0.4,1,0,0,20,40,20
"Brandy, Tamia, Gladys Knight & Chaka Khan",1996-08-24,1996,1997-01-04,0.4,1,0,0,20,25,20
Amanda Marshall,1996-09-28,1996,1997-02-08,0.4,1,0,0,20,43,20
Barbra Streisand & Bryan Adams,1996-11-23,1996,1997-04-05,0.4,1,1,0,20,8,20
Mack 10 & Tha Dogg Pound,1996-12-14,1996,1997-04-26,0.4,1,0,0,20,38,20
Leah Andreone,1997-01-25,1997,1997-06-07,0.4,1,0,0,20,57,20
DJ Kool,1997-02-01,1997,1997-06-14,0.4,1,0,0,20,30,20
Bill Engvall,1997-02-22,1997,1997-07-05,0.4,1,0,0,20,43,20
White Town,1997-03-29,1997,1997-08-09,0.4,1,0,0,20,23,20
DJ Taz,1997-04-05,1997,1997-08-16,0.4,1,0,0,20,51,20
Magoo And Timbaland,1997-07-19,1997,1997-11-29,0.4,1,0,0,20,12,20
SWV (Featuring Puff Daddy),1997-07-26,1997,1997-12-06,0.4,1,0,0,20,19,20
Mr. President,1997-08-02,1997,1997-12-13,0.4,1,0,0,20,21,20
4.0,1997-08-23,1997,1998-01-03,0.4,1,0,0,20,46,20
Milestone,1997-08-30,1997,1998-01-10,0.4,1,0,0,20,23,20
Imani Coppola,1997-09-13,1997,1998-01-24,0.4,1,0,0,20,36,20
Fiona Apple,1997-10-04,1997,1998-02-14,0.4,1,0,0,20,21,20
Gary Barlow,1997-10-18,1997,1998-02-28,0.4,1,0,0,20,44,20
Olive,1997-10-25,1997,1998-03-07,0.4,1,0,0,20,56,20
LSG,1997-11-01,1997,1998-03-14,0.4,1,1,0,20,4,20
Richard Marx & Donna Lewis,1997-11-08,1997,1998-03-21,0.4,1,0,0,20,45,20
Alana Davis,1997-12-06,1997,1998-04-18,0.4,1,0,0,20,37,20
WC From Westside Connection,1997-12-13,1997,1998-04-25,0.4,1,0,0,20,56,20
K.P. & Envyi,1997-12-27,1997,1998-05-09,0.4,1,1,0,20,6,20
Militia,1998-01-10,1998,1998-05-23,0.4,1,0,0,20,52,20
INOJ/LATHUN,1998-02-07,1998,1998-06-20,0.4,1,0,0,20,25,20
The Lox,1998-02-07,1998,2000-04-29,2.2,2,0,0,20,30,10
Sylk-E. Fyne,1998-02-14,1998,1998-06-27,0.4,1,1,0,20,6,20
Loreena McKennitt,1998-03-07,1998,1998-07-18,0.4,1,0,0,20,18,20
Mya & Sisqo,1998-03-14,1998,1998-07-25,0.4,1,1,0,20,6,20
Puff Daddy & The Family,1998-03-21,1998,1998-08-01,0.4,1,0,0,20,19,20
The Verve,1998-03-28,1998,1998-08-08,0.4,1,0,0,20,12,20
The Lox [Featuring DMX & Lil' Kim],1998-04-04,1998,1998-08-15,0.4,1,0,0,20,17,20
Imajin,1998-05-30,1998,1998-10-10,0.4,1,0,0,20,25,20
Hannah Jones,1998-06-13,1998,1998-10-24,0.4,1,0,0,20,65,20
Rockell [Duet,1998-07-04,1998,1998-11-14,0.4,1,0,0,20,59,20
WC,1998-10-17,1998,2002-12-21,4.2,2,0,0,20,64,10
Mo Thugs Family,1998-11-21,1998,1999-04-03,0.4,1,0,0,20,15,20
New Radicals,1998-12-05,1998,1999-05-01,0.4,1,0,0,20,36,20
Case & Joe,1998-12-26,1998,1999-05-08,0.4,1,1,0,20,10,20
Joey McIntyre,1999-02-27,1999,1999-10-09,0.6,2,1,0,20,10,10
Orgy,1999-02-27,1999,1999-07-10,0.4,1,0,0,20,56,20
Jordan Knight,1999-04-03,1999,1999-08-14,0.4,1,1,0,20,10,20
JT Money,1999-04-24,1999,1999-09-04,0.4,1,1,0,20,5,20
Lit,1999-04-24,1999,1999-09-04,0.4,1,0,0,20,51,20
Citizen King,1999-05-29,1999,1999-10-09,0.4,1,0,0,20,25,20
EVE & Nokio,1999-07-03,1999,1999-11-13,0.4,1,0,0,20,29,20
'N Sync & Gloria Estefan,1999-09-04,1999,2000-01-22,0.4,1,1,0,20,2,20
IMx,1999-10-09,1999,2000-02-19,0.4,1,0,0,20,23,20
Rage Against The Machine,1999-10-30,1999,2000-03-11,0.4,1,0,0,20,69,20
Kevon Edmonds,1999-11-06,1999,2000-03-18,0.4,1,1,0,20,10,20
Eiffel 65,1999-12-11,1999,2000-04-22,0.4,1,1,0,20,6,20
Sammie,2000-01-29,2000,2000-06-10,0.4,1,0,0,20,24,20
Clay Davidson,2000-03-25,2000,2000-08-05,0.4,1,0,0,20,49,20
Westlife,2000-04-01,2000,2000-08-12,0.4,1,0,0,20,20,20
Alice Deejay,2000-04-08,2000,2000-08-19,0.4,1,0,0,20,27,20
Eric Heatherly,2000-04-29,2000,2000-09-09,0.4,1,0,0,20,50,20
Madison Avenue,2000-07-08,2000,2000-11-18,0.4,1,0,0,20,88,20
Yolanda Adams,2000-08-26,2000,2001-01-06,0.4,1,0,0,20,57,20
Profyle,2000-09-16,2000,2001-01-27,0.4,1,0,0,20,14,20
Koffee Brown,2001-01-13,2001,2001-05-26,0.4,1,0,0,20,44,20
Jessica Andrews,2001-01-27,2001,2001-06-09,0.4,1,0,0,20,28,20
Sarina Paris,2001-02-24,2001,2001-07-07,0.4,1,0,0,20,59,20
S Club 7,2001-03-03,2001,2001-07-14,0.4,1,1,0,20,10,20
QB Finest,2001-03-03,2001,2001-07-14,0.4,1,0,0,20,26,20
Sunshine Anderson,2001-03-10,2001,2001-07-21,0.4,1,0,0,20,18,20
Azul Azul,2001-04-07,2001,2001-08-18,0.4,1,0,0,20,70,20
"Christina Aguilera, Lil' Kim, Mya & P!nk",2001-04-14,2001,2001-08-25,0.4,1,1,1,20,1,20
Cyndi Thomson,2001-06-02,2001,2001-10-13,0.4,1,0,0,20,26,20
Willa Ford,2001-06-09,2001,2001-10-20,0.4,1,0,0,20,22,20
American Hi-Fi,2001-06-23,2001,2001-11-03,0.4,1,0,0,20,41,20
Alien Ant Farm,2001-08-25,2001,2002-01-05,0.4,1,0,0,20,23,20
Glenn Lewis,2001-12-01,2001,2002-04-13,0.4,1,0,0,20,30,20
Jermaine Dupri & Ludacris,2001-12-29,2001,2002-05-11,0.4,1,0,0,20,35,20
KeKe Wyatt,2002-01-05,2002,2002-05-18,0.4,1,0,0,20,27,20
Tommy Shane Steiner,2002-02-23,2002,2002-07-06,0.4,1,0,0,20,39,20
Steve Azar,2002-04-06,2002,2002-08-17,0.4,1,0,0,20,35,20
Truth Hurts,2002-04-20,2002,2002-08-31,0.4,1,1,0,20,9,20
Dirty Vegas,2002-05-11,2002,2002-09-21,0.4,1,0,0,20,14,20
Irv Gotti,2002-06-22,2002,2002-11-02,0.4,1,1,0,20,6,20
Styles,2002-07-20,2002,2002-11-30,0.4,1,0,0,20,22,20
Our Lady Peace,2002-08-24,2002,2003-01-04,0.4,1,0,0,20,44,20
t.A.T.u.,2003-01-04,2003,2003-05-17,0.4,1,0,0,20,20,20
Floetry,2003-03-29,2003,2003-08-09,0.4,1,0,0,20,24,20
Bone Crusher,2003-04-05,2003,2003-08-16,0.4,1,0,0,20,26,20
Joe Budden,2003-04-19,2003,2013-03-02,9.9,2,0,0,20,38,10
Cold,2003-04-19,2003,2003-08-30,0.4,1,0,0,20,87,20
Alan Jackson & Jimmy Buffett,2003-06-28,2003,2003-11-08,0.4,1,0,0,20,17,20
Murphy Lee,2003-10-11,2003,2004-02-21,0.4,1,0,0,20,17,20
Kenny Chesney & Uncle Kracker,2004-02-21,2004,2004-07-03,0.4,1,0,0,20,26,20
Kimberley Locke,2004-03-27,2004,2004-08-07,0.4,1,0,0,20,49,20
311,2004-05-01,2004,2004-09-11,0.4,1,0,0,20,59,20
Houston,2004-06-19,2004,2004-10-30,0.4,1,0,0,20,11,20
"Juvenile, Wacko & Skip",2004-08-28,2004,2005-01-08,0.4,1,0,0,20,31,20
Rupee,2004-10-09,2004,2005-02-19,0.4,1,0,0,20,39,20
Jay-Z/Linkin Park,2004-11-27,2004,2005-04-09,0.4,1,0,0,20,20,20
Brooke Valentine,2005-03-05,2005,2005-07-16,0.4,1,0,0,20,23,20
The Click Five,2005-07-30,2005,2005-12-10,0.4,1,0,0,20,11,20
Matisyahu,2006-02-04,2006,2010-04-17,4.2,2,0,0,20,28,10
Teddy Geiger,2006-02-18,2006,2006-07-01,0.4,1,0,0,20,29,20
Saving Jane,2006-02-25,2006,2006-07-08,0.4,1,0,0,20,31,20
The Raconteurs,2006-05-27,2006,2006-10-07,0.4,1,0,0,20,54,20
Young Dro,2006-06-17,2006,2006-10-28,0.4,1,1,0,20,10,20
Mario Vazquez,2006-07-29,2006,2006-12-16,0.4,1,0,0,20,35,20
Heartland,2006-08-26,2006,2007-01-06,0.4,1,0,0,20,34,20
Birdman & Lil Wayne,2006-09-16,2006,2007-01-27,0.4,1,0,0,20,21,20
Rihanna & Sean Paul,2006-12-09,2006,2007-04-28,0.4,1,1,0,20,9,20
R. Kelly Or Bow Wow (Featuring T.I. & T-Pain),2007-03-03,2007,2007-07-14,0.4,1,0,0,20,12,20
Down A.K.A. Kilo,2007-05-19,2007,2007-09-29,0.4,1,0,0,20,34,20
Kat DeLuna,2007-06-16,2007,2007-10-27,0.4,1,0,0,20,29,20
Playaz Circle,2007-10-06,2007,2008-02-16,0.4,1,0,0,20,15,20
Enur,2007-12-01,2007,2008-04-12,0.4,1,0,0,20,46,20
Flyleaf,2008-01-12,2008,2008-08-02,0.6,1,0,0,20,40,20
2 Pistols,2008-03-01,2008,2008-07-12,0.4,1,0,0,20,24,20
James Otto,2008-03-08,2008,2008-07-19,0.4,1,0,0,20,27,20
Flobots,2008-04-26,2008,2008-09-06,0.4,1,0,0,20,37,20
Duffy,2008-05-10,2008,2008-09-20,0.4,1,0,0,20,27,20
Jason Mraz & Colbie Caillat,2008-05-31,2008,2009-06-06,1.0,1,0,0,20,48,20
Rehab,2008-07-12,2008,2008-11-22,0.4,1,0,0,20,64,20
M.I.A.,2008-08-02,2008,2008-12-13,0.4,1,1,0,20,4,20
Savage,2008-08-16,2008,2008-12-27,0.4,1,0,0,20,45,20
Jay-Z & T.I.,2008-09-27,2008,2009-02-07,0.4,1,1,0,20,5,20
Jim Jones & Ron Browz,2008-11-01,2008,2009-03-14,0.4,1,0,0,20,22,20
Maino,2009-03-14,2009,2009-07-25,0.4,1,0,0,20,39,20
Dorrough,2009-06-13,2009,2009-10-24,0.4,1,0,0,20,27,20
Michael Franti & Spearhead,2009-08-08,2009,2009-12-19,0.4,1,0,0,20,18,20
Jaron And The Long Road To Love,2010-04-10,2010,2010-08-21,0.4,1,0,0,20,34,20
Cali Swag District,2010-06-12,2010,2010-10-23,0.4,1,0,0,20,28,20
Yolanda Be Cool & Dcup,2010-10-02,2010,2011-02-12,0.4,1,0,0,20,29,20
Martin Solveig & Dragonette,2011-04-23,2011,2011-09-03,0.4,1,0,0,20,46,20
Alexandra Stan,2011-07-30,2011,2011-12-10,0.4,1,0,0,20,21,20
Breathe Carolina,2011-11-19,2011,2012-03-31,0.4,1,0,0,20,32,20
Outasight,2011-12-10,2011,2012-04-21,0.4,1,0,0,20,38,20
Grouplove,2011-12-17,2011,2012-09-22,0.8,1,0,0,20,42,20
LoveRance,2012-03-17,2012,2012-07-28,0.4,1,0,0,20,46,20
M83.,2012-03-24,2012,2012-08-04,0.4,1,0,0,20,72,20
Lupe Fiasco & Guy Sebastian,2012-09-15,2012,2013-05-25,0.7,1,0,0,20,71,20
Trinidad James,2012-12-29,2012,2013-05-11,0.4,1,0,0,20,36,20
Baauer,2013-03-02,2013,2013-07-13,0.4,1,1,1,20,1,20
Emeli Sande,2013-03-09,2013,2013-07-20,0.4,1,0,0,20,25,20
Little Mix,2013-04-20,2013,2016-12-03,3.6,3,0,0,20,67,6.7
Danielle Bradbery,2013-05-25,2013,2014-03-15,0.8,7,0,0,20,58,2.9
Keith Urban And Miranda Lambert,2013-09-28,2013,2014-02-08,0.4,1,0,0,20,26,20
Sevyn Streeter,2013-10-19,2013,2014-03-01,0.4,1,0,0,20,30,20
Arctic Monkeys,2013-12-21,2013,2014-05-03,0.4,1,0,0,20,70,20
Aloe Blacc,2013-12-28,2013,2014-05-24,0.4,1,1,0,20,8,20
Rixton,2014-04-12,2014,2014-08-23,0.4,1,0,0,20,14,20
KCamp,2014-04-26,2014,2014-09-06,0.4,1,0,0,20,49,20
Michael Jackson & Justin Timberlake,2014-05-17,2014,2014-09-27,0.4,1,1,0,20,9,20
Alesso,2014-10-18,2014,2015-02-28,0.4,1,0,0,20,31,20
Ella Henderson,2014-11-15,2014,2015-03-28,0.4,1,0,0,20,21,20
Lillywood & Robin Schulz,2014-12-20,2014,2015-05-02,0.4,1,0,0,20,23,20
Chris Brown & Tyga,2015-01-24,2015,2015-06-06,0.4,1,0,0,20,21,20
Rihanna & Kanye West & Paul McCartney,2015-02-07,2015,2015-06-20,0.4,1,1,0,20,4,20
A Thousand Horses,2015-03-14,2015,2015-07-25,0.4,1,0,0,20,47,20
Canaan Smith,2015-04-11,2015,2015-08-22,0.4,1,0,0,20,46,20
T-Wayne,2015-05-02,2015,2015-09-12,0.4,1,1,0,20,9,20
Calvin Harris & Disciples,2015-08-08,2015,2015-12-19,0.4,1,0,0,20,27,20
"Fat Joe, Remy Ma & Jay Z",2016-04-16,2016,2016-08-27,0.4,1,0,0,20,27,20
MadeinTYO,2016-04-16,2016,2016-09-03,0.4,1,0,0,20,51,20
Grace,2016-05-07,2016,2016-10-29,0.5,1,0,0,20,57,20
Kent Jones,2016-05-21,2016,2016-10-01,0.4,1,1,0,20,8,20
Young Thug And Travis Scott,2016-09-03,2016,2017-01-14,0.4,1,0,0,20,43,20
DJ ESCO,2016-09-10,2016,2017-01-21,0.4,1,0,0,20,50,20
Young M.A,2016-09-17,2016,2017-01-28,0.4,1,0,0,20,19,20
Auli'i Cravalho,2016-12-17,2016,2017-05-13,0.4,1,0,0,20,41,20
Tee Grizzley,2017-04-22,2017,2017-09-02,0.4,1,0,0,20,48,20
LANCO,2017-09-23,2017,2018-02-03,0.4,1,0,0,20,45,20
NAV,2017-12-02,2017,2020-11-21,3.0,6,0,0,20,64,3.3
"Jay Rock, Kendrick Lamar, Future & James Blake",2018-01-27,2018,2018-06-09,0.4,1,0,0,20,21,20
Ozuna & Romeo Santos,2018-02-10,2018,2018-06-23,0.4,1,0,0,20,49,20
The Weeknd & Kendrick Lamar,2018-02-17,2018,2018-06-30,0.4,1,1,0,20,7,20
The Carters,2018-06-30,2018,2018-10-06,0.3,5,0,0,20,13,4
Yella Beezy,2018-08-11,2018,2018-12-22,0.4,1,0,0,20,56,20
Pardison Fontaine,2018-10-06,2018,2019-03-09,0.4,1,0,0,20,40,20
Anuel AA & Romeo Santos,2018-11-17,2018,2019-03-30,0.4,1,0,0,20,61,20
Pinkfong,2019-01-12,2019,2019-05-25,0.4,1,0,0,20,32,20
Blueface,2019-01-26,2019,2019-06-08,0.4,1,1,0,20,8,20
Cardi B & Bruno Mars,2019-03-02,2019,2019-07-13,0.4,1,1,0,20,3,20
Summer Walker X Drake,2019-03-09,2019,2019-07-20,0.4,1,0,0,20,37,20
Pedro Capo X Farruko,2019-03-23,2019,2019-08-10,0.4,1,0,0,20,71,20
Nipsey Hussle,2019-04-13,2019,2019-06-29,0.2,5,0,0,20,26,4
"Young Thug, J. Cole & Travis Scott",2019-06-08,2019,2019-10-19,0.4,1,0,0,20,12,20
Blanco Brown,2019-06-22,2019,2019-11-02,0.4,1,0,0,20,14,20
Bad Bunny & Tainy,2019-06-22,2019,2019-11-02,0.4,1,0,0,20,52,20
"Sech, Darell, Nicky Jam, Ozuna & Anuel AA",2019-06-22,2019,2019-11-02,0.4,1,0,0,20,34,20
Ellie Goulding & Juice WRLD,2019-08-03,2019,2020-01-04,0.4,1,0,0,20,56,20
Doja Cat & Tyga,2019-08-31,2019,2020-03-21,0.6,1,0,0,20,41,20
Juice WRLD & YoungBoy Never Broke Again,2019-10-19,2019,2020-02-29,0.4,1,1,0,20,10,20
YNW Melly & Juice WRLD,2019-12-07,2019,2020-04-25,0.4,1,0,0,20,20,20
Russ & BIA,2019-12-21,2019,2020-05-02,0.4,1,0,0,20,46,20
StaySolidRocky,2020-05-09,2020,2020-09-19,0.4,1,0,0,20,21,20
Lady Gaga & Ariana Grande,2020-06-06,2020,2020-10-17,0.4,1,1,1,20,1,20
Juice WRLD x Marshmello,2020-07-25,2020,2020-12-05,0.4,1,1,0,20,2,20
Justin Bieber & benny blanco,2020-10-31,2020,2021-03-13,0.4,1,0,0,20,12,20
Parmalee x Blanco Brown,2021-01-09,2021,2021-05-22,0.4,1,0,0,20,31,20
Travis Scott & HVME,2021-01-30,2021,2021-06-12,0.4,1,0,0,20,47,20
Morray,2021-02-20,2021,2021-07-03,0.4,1,0,0,20,65,20
Mooski,2021-03-06,2021,2021-07-17,0.4,1,0,0,20,31,20
"Yung Bleu, Chris Brown & 2 Chainz",2021-08-14,2021,2022-02-05,0.5,1,0,0,20,56,20
Jimmie Allen & Brad Paisley,2021-10-23,2021,2022-03-05,0.4,1,0,0,20,45,20
NEIKED X Mae Muller X Polo G,2021-10-30,2021,2022-03-12,0.4,1,0,0,20,23,20
Summer Walker & SZA,2021-11-20,2021,2022-06-04,0.5,1,0,0,20,13,20
"Nardo Wick, Lil Baby & Future",2021-12-18,2021,2022-06-04,0.5,1,0,0,20,58,20
"Carolina Gaitan, Mauro Castillo, Adassa, Rhenzy Feliz, Diane Guerrero, Stephanie Beatriz & Encanto Cast",2022-01-08,2022,2022-05-21,0.4,1,1,1,20,1,20
Carly Pearce & Ashley McBryde,2022-01-15,2022,2022-06-04,0.4,1,0,0,20,63,20
Cole Swindell / Lainey Wilson,2022-01-29,2022,2022-06-11,0.4,1,0,0,20,27,20
JID,2022-01-29,2022,2024-04-06,2.2,1,0,0,20,40,20
Becky G X Karol G,2022-02-26,2022,2022-07-09,0.4,1,0,0,20,15,20
JNR CHOI & Sam Tompkins,2022-03-12,2022,2022-07-23,0.4,1,0,0,20,38,20
Bad Bunny & Rauw Alejandro,2022-05-21,2022,2022-10-01,0.4,1,0,0,20,14,20
Bad Bunny & Bomba Estereo,2022-05-21,2022,2022-10-01,0.4,1,0,0,20,26,20
SleazyWorld Go,2022-06-11,2022,2022-10-22,0.4,1,0,0,20,47,20
Elton John & Britney Spears,2022-09-10,2022,2023-01-21,0.4,1,1,0,20,6,20
Grupo Frontera,2022-10-08,2022,2023-03-04,0.4,1,0,0,20,57,20
Carin Leon X Grupo Frontera,2023-01-07,2023,2023-05-20,0.4,1,0,0,20,50,20
Fuerza Regida X Grupo Frontera,2023-01-07,2023,2023-05-20,0.4,1,0,0,20,25,20
"Gabito Ballesteros, Peso Pluma & Natanael Cano",2023-02-04,2023,2023-06-17,0.4,1,0,0,20,37,20
Peso Pluma X Natanael Cano,2023-02-18,2023,2023-07-08,0.4,1,0,0,20,33,20
Karol G x Shakira,2023-03-11,2023,2023-07-22,0.4,1,1,0,20,7,20
Coco Jones,2023-04-01,2023,2023-08-26,0.4,1,0,0,20,62,20
Ice Spice & Nicki Minaj,2023-04-29,2023,2023-09-09,0.4,1,1,0,20,4,20
Grupo Frontera X Bad Bunny,2023-04-29,2023,2023-09-09,0.4,1,1,0,20,5,20
Young Nudy,2023-06-17,2023,2023-10-28,0.4,1,0,0,20,33,20
"Peso Pluma, Gabito Ballesteros & Junior H",2023-07-08,2023,2023-11-18,0.4,1,0,0,20,35,20
Myke Towers,2023-07-22,2023,2023-12-02,0.4,1,0,0,20,43,20
Grupo Frontera & Grupo Firme,2023-08-19,2023,2024-02-03,0.5,1,0,0,20,67,20
Mitski,2023-10-07,2023,2024-02-17,0.4,1,0,0,20,26,20
Bad Bunny & Feid,2023-10-28,2023,2024-03-30,0.4,1,0,0,20,20,20
Fuerza Regida & Marshmello,2023-11-18,2023,2024-03-30,0.4,1,0,0,20,40,20
Chayce Beckham,2024-01-13,2024,2024-05-25,0.4,1,0,0,20,45,20
4Batz,2024-01-20,2024,2024-06-01,0.4,2,1,0,20,7,10
"Future, Metro Boomin, Travis Scott & Playboi Carti",2024-04-06,2024,2024-08-17,0.4,1,1,0,20,2,20
Artemas,2024-04-06,2024,2024-08-17,0.4,1,0,0,20,12,20
Luis R Conriquez x Neton Vega,2024-05-18,2024,2024-09-28,0.4,1,0,0,20,53,20
Chase Matthew,2024-09-14,2024,2026-02-14,1.4,2,0,0,20,52,10
Tito Double P & Peso Pluma,2024-09-21,2024,2025-02-01,0.4,1,0,0,20,51,20
Oscar Maydon & Fuerza Regida,2024-11-02,2024,2025-03-22,0.4,1,0,0,20,22,20
Neton Vega,2025-01-11,2025,2025-05-24,0.4,1,0,0,20,43,20
Ty Myers,2025-01-11,2025,2026-04-18,1.3,2,0,0,20,72,10
Fuerza Regida & Grupo Frontera,2025-02-08,2025,2025-07-12,0.4,1,0,0,20,48,20
Bailey Zimmerman & Luke Combs,2025-05-17,2025,2025-09-27,0.4,1,0,0,20,30,20
"Rumi, JINU, EJAE & Andrew Choi",2025-07-12,2025,2025-11-22,0.4,1,0,0,20,23,20
Tame Impala & JENNIE,2026-04-11,2026,2026-08-22,0.4,1,1,0,20,5,20
The Jamies,1958-08-18,1958,1962-08-11,4.0,1,0,0,19,26,19
Billy & Lillie,1958-12-22,1958,1959-08-24,0.7,2,0,0,19,14,9.5
Cookie And His Cupcakes,1959-01-19,1959,1963-06-01,4.4,2,0,0,19,47,9.5
Wink Martindale,1959-09-14,1959,1961-08-28,2.0,2,1,0,19,7,9.5
Chet Atkins,1959-09-28,1959,1965-07-24,5.8,4,0,0,19,49,4.8
Miss Toni Fisher,1959-11-16,1959,1960-04-18,0.4,2,1,0,19,3,9.5
Harold Dorman,1960-02-29,1960,1960-07-04,0.3,1,0,0,19,21,19
Ron Holden,1960-04-04,1960,1960-08-08,0.3,1,1,0,19,7,19
Dante and the Evergreens,1960-05-30,1960,1960-10-17,0.4,2,0,0,19,15,9.5
Jo Ann Campbell,1960-08-15,1960,1963-05-11,2.7,3,0,0,19,38,6.3
Ferlin Husky,1960-11-28,1960,1962-01-06,1.1,2,0,0,19,12,9.5
Shelby Flint,1960-12-26,1960,1966-09-24,5.7,2,0,0,19,22,9.5
Marcie Blane,1962-10-20,1962,1963-03-09,0.4,2,1,0,19,3,9.5
Rolf Harris,1963-03-16,1963,1963-09-28,0.5,3,1,0,19,3,6.3
Randy & The Rainbows,1963-06-15,1963,1963-12-21,0.5,2,1,0,19,10,9.5
Betty Harris,1963-09-21,1963,1967-09-09,4.0,3,0,0,19,23,6.3
Marvin Gaye & Mary Wells,1964-05-02,1964,1964-07-18,0.2,2,0,0,19,17,9.5
Millie Small,1964-05-23,1964,1964-09-19,0.3,2,1,0,19,2,9.5
The Jelly Beans,1964-06-20,1964,1964-11-07,0.4,2,1,0,19,9,9.5
Billy Strange,1964-08-22,1964,1965-03-20,0.6,2,0,0,19,55,9.5
Don Covay & The Goodtimers,1964-09-05,1964,1966-01-08,1.3,2,0,0,19,35,9.5
Sandie Shaw,1964-11-28,1964,1965-06-26,0.6,3,0,0,19,42,6.3
Jewel Akens,1965-01-23,1965,1965-05-29,0.3,2,1,0,19,3,9.5
Wayne Fontana & The Mindbenders,1965-03-20,1965,1965-07-31,0.4,2,1,1,19,1,9.5
Chuck Jackson & Maxine Brown,1965-04-24,1965,1967-05-06,2.0,5,0,0,19,55,3.8
The Wonder Who?,1965-11-06,1965,1967-08-19,1.8,4,0,0,19,12,4.8
The Mindbenders,1966-04-16,1966,1966-09-17,0.4,2,1,0,19,2,9.5
The New Vaudeville Band,1966-10-29,1966,1967-03-11,0.4,2,1,1,19,1,9.5
Scott McKenzie,1967-05-27,1967,1967-12-02,0.5,2,1,0,19,4,9.5
Jimi Hendrix,1967-12-23,1967,1971-12-04,3.9,3,0,0,19,59,6.3
Mason Williams,1968-06-22,1968,1969-05-03,0.9,4,1,0,19,2,4.8
The Winstons,1969-05-24,1969,1969-10-25,0.4,2,1,0,19,7,9.5
The Illusion,1969-07-05,1969,1970-07-04,1.0,3,0,0,19,32,6.3
The Clique,1969-08-30,1969,1970-02-28,0.5,3,0,0,19,22,6.3
Edison Lighthouse,1970-02-21,1970,1971-02-13,1.0,2,1,0,19,5,9.5
Jack Blanchard & Misty Morgan,1970-02-28,1970,1970-08-01,0.4,2,0,0,19,23,9.5
Blues Image,1970-05-09,1970,1970-10-17,0.4,2,1,0,19,4,9.5
The Assembled Multitude,1970-06-27,1970,1971-12-25,1.5,3,0,0,19,16,6.3
Faces,1972-01-01,1972,1973-05-05,1.3,2,0,0,19,17,9.5
Lindisfarne,1972-09-02,1972,1978-12-30,6.3,2,0,0,19,33,9.5
"Bobby ""Blue"" Bland",1973-11-17,1973,1974-04-06,0.4,2,0,0,19,42,9.5
Dionne Warwicke & Spinners,1974-07-27,1974,1974-11-30,0.3,1,1,1,19,1,19
Van McCoy & The Soul City Symphony,1975-04-19,1975,1975-08-23,0.3,1,1,1,19,1,19
People's Choice,1975-08-23,1975,1976-02-21,0.5,2,0,0,19,11,9.5
Pete Wingfield,1975-08-23,1975,1975-12-27,0.3,1,0,0,19,15,19
Cledus Maggard And The Citizen's Band,1975-12-27,1975,1976-05-15,0.4,2,0,0,19,19,9.5
Norman Connors,1976-01-03,1976,1976-12-11,0.9,2,0,0,19,27,9.5
Keith Carradine,1976-05-08,1976,1976-09-11,0.3,1,0,0,19,17,19
LTD,1977-10-15,1977,1978-02-18,0.3,1,1,0,19,4,19
Santa Esmeralda Starring Leroy Gomez,1977-11-05,1977,1978-03-11,0.3,1,0,0,19,15,19
Ramones,1977-12-03,1977,1978-05-13,0.4,2,0,0,19,66,9.5
Stargard,1978-01-28,1978,1978-04-29,0.2,2,0,0,19,21,9.5
Warren Zevon,1978-03-25,1978,1980-04-19,2.1,2,0,0,19,21,9.5
Stonebolt,1978-08-05,1978,1979-03-10,0.6,2,0,0,19,29,9.5
Roger Voudouris,1979-03-17,1979,1979-07-21,0.3,1,0,0,19,21,19
Patrick Hernandez,1979-06-23,1979,1979-10-27,0.3,1,0,0,19,16,19
GQ,1979-06-30,1979,1982-03-20,2.7,2,0,0,19,20,9.5
Chris Thompson & Night,1979-08-25,1979,1979-12-29,0.3,1,0,0,19,17,19
Neil Sedaka & Dara Sedaka,1980-03-29,1980,1980-08-02,0.3,1,0,0,19,19,19
Rocky Burnette,1980-05-10,1980,1980-09-13,0.3,1,1,0,19,8,19
The Korgis,1980-10-11,1980,1981-02-14,0.3,1,0,0,19,18,19
Olivia Newton-John & Cliff Richard,1980-10-25,1980,1981-02-28,0.3,1,0,0,19,20,19
Frankie Smith,1981-05-16,1981,1981-09-19,0.3,1,0,0,19,30,19
Buckner & Garcia,1982-01-09,1982,1982-05-15,0.3,1,1,0,19,9,19
Paul McCartney And Stevie Wonder,1982-04-10,1982,1982-08-14,0.3,1,1,1,19,1,19
The Style Council,1984-04-07,1984,1984-08-11,0.3,2,0,0,19,29,9.5
Rebbie Jackson,1984-10-06,1984,1985-02-09,0.3,1,0,0,19,24,19
Autograph,1984-12-22,1984,1985-04-27,0.3,1,0,0,19,29,19
Jesse Johnson's Revue,1985-03-16,1985,1985-09-07,0.5,2,0,0,19,61,9.5
Harold Faltermeyer,1985-03-30,1985,1985-08-03,0.3,1,1,0,19,3,19
Clarence Clemons & Jackson Browne,1985-10-26,1985,1986-03-01,0.3,1,0,0,19,18,19
Robert Tepper,1986-01-25,1986,1986-05-24,0.3,2,0,0,19,22,9.5
Boys Don't Cry,1986-04-05,1986,1986-08-09,0.3,1,0,0,19,12,19
The Blow Monkeys,1986-05-03,1986,1986-09-06,0.3,1,0,0,19,14,19
Timex Social Club,1986-06-14,1986,1986-10-18,0.3,1,1,0,19,8,19
Oran 'Juice' Jones,1986-09-13,1986,1987-01-17,0.3,1,1,0,19,9,19
Living In A Box,1987-06-20,1987,1987-11-07,0.4,2,0,0,19,17,9.5
Fat Boys & The Beach Boys,1987-07-11,1987,1987-11-14,0.3,1,0,0,19,12,19
Kenny G. (Vocal By Lenny Williams),1987-08-29,1987,1988-01-02,0.3,1,0,0,19,15,19
Ann Wilson & Robin Zander,1988-12-24,1988,1989-04-29,0.3,1,1,0,19,6,19
The Brat Pack,1990-02-03,1990,1990-08-11,0.5,2,0,0,19,36,9.5
Soho,1990-09-08,1990,1991-01-12,0.3,1,0,0,19,14,19
Keedy,1991-03-16,1991,1991-09-07,0.5,2,0,0,19,15,9.5
Kid 'N Play,1991-11-16,1991,1992-03-21,0.3,1,0,0,19,51,19
NKOTB,1992-02-22,1992,1994-02-26,2.0,2,0,0,19,16,9.5
Mad Cobra,1992-10-17,1992,1993-02-20,0.3,1,0,0,19,13,19
Shabba Ranks (Featuring Johnny Gill),1992-10-24,1992,1993-02-27,0.3,1,0,0,19,33,19
Sunscreem,1993-02-27,1993,1993-07-03,0.3,1,0,0,19,36,19
Lucas,1994-10-01,1994,1995-02-04,0.3,1,0,0,19,29,19
Andru Donalds,1994-12-10,1994,1995-04-15,0.3,1,0,0,19,38,19
Pure Soul,1995-08-05,1995,1996-05-04,0.7,2,0,0,19,65,9.5
Jars Of Clay,1996-05-18,1996,1996-09-21,0.3,1,0,0,19,37,19
dc Talk,1996-11-16,1996,1997-03-22,0.3,1,0,0,19,29,19
Hev-D,1997-03-08,1997,1997-07-12,0.3,1,0,0,19,18,19
Faithless,1997-03-29,1997,1997-08-02,0.3,1,0,0,19,62,19
B-Rock & The Bizz,1997-04-19,1997,1997-08-23,0.3,1,1,0,19,10,19
DJ Company,1997-06-14,1997,1998-01-24,0.6,1,0,0,19,53,19
Ultra Nate,1997-08-23,1997,1997-12-27,0.3,1,0,0,19,75,19
KAI,1997-12-20,1997,1998-04-25,0.3,1,0,0,19,59,19
7 Mile,1998-04-25,1998,1998-08-29,0.3,1,0,0,19,50,19
Hi-Town DJs,1998-05-02,1998,1998-09-05,0.3,1,0,0,19,56,19
Link,1998-06-06,1998,1998-10-10,0.3,1,0,0,19,23,19
Lila McCann,1999-04-03,1999,1999-08-07,0.3,1,0,0,19,41,19
B.G.,1999-09-18,1999,2000-01-22,0.3,1,0,0,19,36,19
Lucy Pearl,2000-05-20,2000,2000-09-23,0.3,1,0,0,19,36,19
Whitney Houston & Enrique Iglesias,2000-06-17,2000,2000-10-28,0.4,1,0,0,19,52,19
Modjo,2001-01-06,2001,2001-05-12,0.3,1,0,0,19,81,19
Aaron Lewis Of Staind,2001-01-27,2001,2001-06-02,0.3,1,0,0,19,56,19
Beanie Sigel & Freeway,2002-02-23,2002,2002-06-29,0.3,1,0,0,19,55,19
Vivian Green,2003-02-15,2003,2003-06-21,0.3,1,0,0,19,39,19
Thalia,2003-06-14,2003,2003-10-18,0.3,1,0,0,19,22,19
G Unit,2003-11-01,2003,2008-05-10,4.5,2,0,0,19,13,9.5
Purple Ribbon All-Stars,2005-11-26,2005,2006-04-01,0.3,1,0,0,19,35,19
Yael Naim,2008-02-16,2008,2008-06-28,0.4,1,1,0,19,7,19
V.I.C.,2008-05-10,2008,2012-01-14,3.7,2,0,0,19,29,9.5
Yung L.A.,2009-02-14,2009,2009-06-20,0.3,1,0,0,19,47,19
Asher Roth,2009-02-28,2009,2010-08-14,1.5,3,0,0,19,12,6.3
Marsha Ambrosius,2010-10-16,2010,2011-08-06,0.8,2,0,0,19,74,9.5
WILLOW,2010-11-06,2010,2011-03-19,0.4,2,0,0,19,11,9.5
Labrinth,2013-06-08,2013,2023-05-20,9.9,2,0,0,19,34,9.5
Kristen Bell & Idina Menzel,2014-01-11,2014,2014-05-17,0.3,1,0,0,19,57,19
Chase Bryant,2015-01-17,2015,2016-05-07,1.3,2,0,0,19,71,9.5
Granger Smith,2015-12-26,2015,2017-02-18,1.1,2,0,0,19,49,9.5
PnB Rock,2016-11-26,2016,2017-04-01,0.3,1,0,0,19,51,19
Tay-K,2017-08-26,2017,2018-01-06,0.4,1,0,0,19,44,19
Devin Dawson,2017-11-18,2017,2018-04-21,0.4,1,0,0,19,52,19
Lil Xan,2017-12-02,2017,2018-04-07,0.3,1,0,0,19,64,19
Luis Fonsi & Demi Lovato,2017-12-09,2017,2018-04-14,0.3,1,0,0,19,47,19
G-Eazy & Halsey,2017-12-23,2017,2018-04-28,0.3,1,0,0,19,14,19
Tiesto & Dzeko,2018-07-21,2018,2018-11-24,0.3,1,0,0,19,52,19
Lil' Duval,2018-09-08,2018,2019-01-19,0.4,1,0,0,19,56,19
"YG, Tyga & Jon Z",2019-05-18,2019,2019-09-21,0.3,1,0,0,19,49,19
YNW Melly & 9lokknine,2019-09-21,2019,2020-01-25,0.3,1,0,0,19,34,19
Summer Walker & Usher,2019-10-19,2019,2020-05-16,0.6,1,0,0,19,42,19
Elvie Shane,2021-07-03,2021,2021-11-13,0.4,1,0,0,19,28,19
Tai Verdes,2021-07-17,2021,2021-11-20,0.3,1,0,0,19,34,19
Capella Grey,2021-08-14,2021,2021-12-18,0.3,1,0,0,19,38,19
Jessica Darrow,2022-01-08,2022,2022-05-14,0.3,1,1,0,19,8,19
"Metro Boomin, Travis Scott & Young Thug",2022-12-17,2022,2023-06-24,0.5,1,0,0,19,42,19
"The Weeknd, Playboi Carti & Madonna",2023-06-17,2023,2023-10-21,0.3,1,0,0,19,43,19
Calle 24 x Chino Pacas x Fuerza Regida,2023-09-16,2023,2024-02-17,0.4,1,0,0,19,61,19
310babii,2023-11-25,2023,2024-05-04,0.4,2,0,0,19,53,9.5
21 Savage & Summer Walker,2024-01-27,2024,2024-11-23,0.8,1,0,0,19,43,19
"JEONGYEON, JIHYO & CHAEYOUNG Of TWICE",2025-07-19,2025,2025-11-22,0.3,1,0,0,19,50,19
Bobby Hendricks,1958-08-04,1958,1960-12-05,2.3,2,0,0,18,25,9
Bill Doggett,1958-08-04,1958,1961-04-03,2.7,5,0,0,18,57,3.6
The Four Coins,1958-09-22,1958,1959-07-06,0.8,3,0,0,18,21,6
Ray Anthony and His Orchestra,1959-01-05,1959,1959-04-27,0.3,2,1,0,18,8,9
Phil Phillips,1959-07-06,1959,1959-11-02,0.3,1,1,0,18,2,18
Floyd Robinson,1959-07-20,1959,1959-11-16,0.3,1,0,0,18,20,18
Paul Evans and the Curls,1959-09-14,1959,1960-01-11,0.3,1,1,0,18,9,18
The Nutty Squirrels,1959-11-09,1959,1960-01-25,0.2,2,0,0,18,14,9
Ray Smith,1960-01-04,1960,1960-05-16,0.4,2,0,0,18,22,9
The Fendermen,1960-05-23,1960,1960-09-19,0.3,1,1,0,18,5,18
The Demensions,1960-07-04,1960,1963-03-16,2.7,2,0,0,18,16,9
Johnny Bond,1960-08-08,1960,1965-05-01,4.7,2,0,0,18,26,9
Curtis Lee,1961-07-03,1961,1961-11-27,0.4,2,1,0,18,7,9
Eddie Fisher,1961-11-06,1961,1967-02-25,5.3,3,0,0,18,44,6
The Chad Mitchell Trio,1962-01-27,1962,1964-01-25,2.0,3,0,0,18,43,6
The Rocky Fellers,1963-03-23,1963,1963-07-27,0.3,2,0,0,18,16,9
Danny Williams,1964-03-07,1964,1964-07-11,0.3,2,1,0,18,9,9
Robert Maxwell His Harp And Orchestra,1964-03-21,1964,1964-07-25,0.3,2,0,0,18,15,9
Marvin Gaye & Kim Weston,1964-10-24,1964,1967-03-25,2.4,2,0,0,18,14,9
Alvin Cash & The Crawlers,1965-01-02,1965,1965-05-08,0.3,2,0,0,18,14,9
Sounds Orchestral,1965-03-20,1965,1965-08-21,0.4,2,1,0,18,10,9
The T-Bones,1965-12-11,1965,1966-04-23,0.4,2,1,0,18,3,9
People,1968-04-06,1968,1968-08-03,0.3,1,0,0,18,14,18
Mercy,1969-04-12,1969,1969-07-26,0.3,2,1,0,18,2,9
The Intrigues,1969-08-02,1969,1971-06-19,1.9,3,0,0,18,31,6
Mama Cass Elliot,1969-10-18,1969,1970-08-08,0.8,3,0,0,18,36,6
Arlo Guthrie,1969-12-13,1969,1972-11-11,2.9,2,0,0,18,18,9
The Jaggerz,1970-01-31,1970,1970-08-29,0.6,3,1,0,18,2,6
Mashmakhan,1970-08-22,1970,1970-12-19,0.3,1,0,0,18,31,18
Black Sabbath,1970-11-28,1970,1972-04-01,1.3,2,0,0,18,52,9
The Poppy Family,1971-04-03,1971,1972-01-01,0.7,3,0,0,18,45,6
Rose Colored Glass,1971-04-10,1971,1971-11-13,0.6,2,0,0,18,54,9
Gayle McCormick,1971-07-10,1971,1972-01-22,0.5,3,0,0,18,44,6
Think,1971-12-04,1971,1974-04-27,2.4,1,0,0,18,23,18
Hot Butter,1972-07-08,1972,1972-11-04,0.3,1,1,0,18,9,18
Commander Cody,1972-07-22,1972,1975-03-29,2.7,3,0,0,18,56,6
Cashman & West,1972-09-23,1972,1973-02-10,0.4,2,0,0,18,27,9
Foster Sylvers,1973-06-02,1973,1973-11-03,0.4,2,0,0,18,22,9
Carol Douglas,1974-11-30,1974,1975-04-19,0.4,2,0,0,18,11,9
Shirley And Company,1975-01-11,1975,1975-06-21,0.4,2,0,0,18,12,9
Dwight Twilley Band,1975-04-26,1975,1975-08-23,0.3,1,0,0,18,16,18
Pratt & McClain,1976-04-03,1976,1976-08-07,0.3,2,1,0,18,5,9
The Sanford/Townsend Band,1977-06-18,1977,1977-10-15,0.3,1,1,0,18,9,18
Johnny Mathis/Deniece Williams,1978-04-01,1978,1978-07-29,0.3,1,1,1,18,1,18
"Jimmy ""Bo"" Horne",1978-04-01,1978,1978-07-29,0.3,1,0,0,18,38,18
Instant Funk,1979-02-17,1979,1979-06-16,0.3,1,0,0,18,20,18
G.Q.,1979-03-17,1979,1979-07-14,0.3,1,0,0,18,12,18
McFadden & Whitehead,1979-04-28,1979,1979-08-25,0.3,1,0,0,18,13,18
Night,1979-06-23,1979,1981-03-07,1.7,2,0,0,18,18,9
Moon Martin,1979-08-18,1979,1979-12-15,0.3,2,0,0,18,30,9
Shooting Star,1980-04-12,1980,1989-12-30,9.7,3,0,0,18,67,6
Fred Knoblock & Susan Anton,1980-11-22,1980,1981-03-21,0.3,1,0,0,18,28,18
Diesel,1981-09-12,1981,1982-01-09,0.3,1,0,0,18,25,18
Greg Guidry,1982-02-13,1982,1982-07-24,0.4,2,0,0,18,17,9
Michael Jackson And Paul McCartney,1982-11-06,1982,1983-03-05,0.3,1,1,0,18,2,18
Kenny Rogers And Sheena Easton,1983-01-29,1983,1983-05-28,0.3,1,1,0,18,6,18
Patrick Simmons,1983-03-19,1983,1983-07-16,0.3,2,0,0,18,30,9
Laid Back,1984-02-25,1984,1984-06-23,0.3,1,0,0,18,26,18
Ollie And Jerry,1984-06-02,1984,1984-09-29,0.3,1,1,0,18,9,18
Teddy Pendergrass And Whitney Houston,1984-06-09,1984,1984-10-06,0.3,1,0,0,18,46,18
Eugene Wilde,1985-01-12,1985,1986-02-08,1.1,2,0,0,18,76,9
USA For Africa,1985-03-23,1985,1985-07-20,0.3,1,1,1,18,1,18
Marilyn Martin,1986-01-18,1986,1986-05-17,0.3,1,0,0,18,28,18
Double,1986-06-28,1986,1986-10-25,0.3,1,0,0,18,16,18
Shirley Murdock,1987-01-17,1987,1987-05-16,0.3,1,0,0,18,23,18
Donna Allen,1987-02-14,1987,1987-06-13,0.3,1,0,0,18,21,18
Company B,1987-03-21,1987,1987-07-18,0.3,1,0,0,18,21,18
Jon Astley,1987-06-27,1987,1988-12-03,1.4,2,0,0,18,74,9
Pet Shop Boys & Dusty Springfield,1987-12-12,1987,1988-04-09,0.3,1,1,0,18,2,18
Scarlett & Black,1988-01-30,1988,1988-05-28,0.3,1,0,0,18,20,18
Ziggy Marley And The Melody Makers,1988-05-14,1988,1991-10-19,3.4,2,0,0,18,39,9
Climie Fisher,1988-05-14,1988,1988-09-10,0.3,1,0,0,18,23,18
Fat Boys,1988-06-18,1988,1988-10-29,0.4,2,0,0,18,16,9
Tommy Conwell And The Young Rumblers,1988-09-24,1988,1989-02-25,0.4,2,0,0,18,48,9
Sweet Sensation (With Romeo J.D.),1989-02-04,1989,1989-06-03,0.3,1,0,0,18,14,18
Sharon Bryant,1989-08-19,1989,1990-01-13,0.4,2,0,0,18,34,9
Urban Dance Squad,1990-12-15,1990,1991-04-13,0.3,1,0,0,18,21,18
The Rude Boys,1991-03-09,1991,1991-07-06,0.3,1,0,0,18,16,18
Damian Dame,1991-05-18,1991,1992-01-18,0.7,2,0,0,18,42,9
Desmond Child,1991-06-22,1991,1991-11-09,0.4,2,0,0,18,40,9
2nd II None,1992-01-11,1992,1992-07-18,0.5,2,0,0,18,64,9
The Williams Brothers,1992-02-08,1992,1992-06-06,0.3,1,0,0,18,42,18
Chris Walker,1992-03-14,1992,1992-07-11,0.3,1,0,0,18,29,18
Brotherhood Creed,1992-04-18,1992,1992-08-15,0.3,1,0,0,18,53,18
Neal McCoy,1994-04-02,1994,2005-12-03,11.7,3,0,0,18,75,6
Gillette,1995-03-04,1995,1995-07-01,0.3,1,0,0,18,42,18
Dis `N' Dat,1995-05-06,1995,1995-09-02,0.3,1,0,0,18,60,18
Alison Krauss + Union Station,1995-05-13,1995,1995-09-09,0.3,1,0,0,18,53,18
The Bucketheads,1995-07-01,1995,1995-10-28,0.3,1,0,0,18,49,18
Jordan Hill,1995-07-08,1995,1996-07-27,1.1,2,0,0,18,66,9
Sponge,1995-08-12,1995,1995-12-09,0.3,1,0,0,18,55,18
Raekwon,1995-10-14,1995,1996-02-10,0.3,1,0,0,18,37,18
Mona Lisa,1996-02-17,1996,1996-07-20,0.4,2,0,0,18,65,9
Tracey Lee,1997-02-15,1997,1997-06-14,0.3,1,0,0,18,55,18
Jimmy Ray,1998-02-21,1998,1998-06-20,0.3,1,0,0,18,13,18
R. Kelly & Celine Dion,1998-12-05,1998,1999-04-03,0.3,1,1,1,18,1,18
Shawn Mullins,1998-12-05,1998,1999-04-03,0.3,1,1,0,18,7,18
504 Boyz,2000-04-15,2000,2000-08-12,0.3,1,0,0,18,17,18
David Gray,2000-12-02,2000,2001-03-31,0.3,1,0,0,18,57,18
ATC,2001-02-10,2001,2001-06-09,0.3,1,0,0,18,28,18
Khia,2002-05-25,2002,2002-09-21,0.3,1,0,0,18,42,18
Kellie Coffey,2002-06-01,2002,2002-10-26,0.4,1,0,0,18,54,18
Benzino,2002-10-12,2002,2003-02-08,0.3,1,0,0,18,82,18
The Ataris,2003-07-26,2003,2003-11-22,0.3,1,0,0,18,20,18
MercyMe,2003-10-11,2003,2004-04-03,0.5,1,0,0,18,71,18
G-Unit,2004-02-14,2004,2004-06-12,0.3,1,0,0,18,15,18
Josh Groban,2004-03-20,2004,2006-12-30,2.8,2,0,0,18,73,9
David Lee Murphy,2004-05-08,2004,2004-09-04,0.3,1,0,0,18,44,18
Teairra Mari,2005-06-04,2005,2005-10-01,0.3,1,0,0,18,35,18
Taking Back Sunday,2006-05-06,2006,2006-09-02,0.3,1,0,0,18,48,18
Janet & Nelly,2006-07-08,2006,2006-11-04,0.3,1,0,0,18,25,18
Shareefa,2006-08-12,2006,2006-12-09,0.3,1,0,0,18,62,18
Beyonce & Shakira,2007-03-31,2007,2007-07-28,0.3,1,1,0,18,3,18
Lil Boosie,2007-05-12,2007,2007-09-15,0.3,1,0,0,18,38,18
The Last Goodnight,2007-10-27,2007,2008-02-23,0.3,1,0,0,18,70,18
DJ Felli Fel,2007-11-24,2007,2008-03-22,0.3,1,0,0,18,41,18
WE the Kings,2008-07-26,2008,2013-04-27,4.8,3,0,0,18,70,6
Jamey Johnson,2008-10-18,2008,2009-02-14,0.3,1,0,0,18,52,18
Ludacris Co-Starring T-Pain,2008-11-15,2008,2009-03-14,0.3,1,0,0,18,24,18
Carolina Liar,2009-02-21,2009,2009-08-29,0.5,1,0,0,18,67,18
All Time Low,2009-07-04,2009,2021-05-01,11.8,2,0,0,18,55,9
Sean Kingston & Justin Bieber,2010-04-10,2010,2010-08-07,0.3,1,0,0,18,15,18
Ylvis,2013-09-21,2013,2014-01-18,0.3,1,1,0,18,6,18
John Newman,2013-12-07,2013,2014-04-05,0.3,1,0,0,18,30,18
"Kristen Bell, Agatha Lee Monn & Katie Lopez",2014-01-11,2014,2014-05-10,0.3,1,0,0,18,51,18
DJ Luke Nasty,2016-03-05,2016,2017-02-25,1.0,2,0,0,18,71,9
Dreezy,2016-04-09,2016,2016-08-06,0.3,1,0,0,18,62,18
Starley,2016-12-03,2016,2017-05-20,0.5,1,0,0,18,65,18
Machine Gun Kelly,2017-04-08,2017,2021-08-28,4.4,5,0,0,18,13,3.6
Bad Wolves,2018-03-24,2018,2018-07-28,0.3,1,0,0,18,54,18
"Khalid, Ty Dolla $ign & 6LACK",2018-05-05,2018,2018-10-06,0.4,1,0,0,18,57,18
Ski Mask The Slump God,2018-12-15,2018,2019-05-18,0.4,3,0,0,18,63,6
"Anuel AA, Daddy Yankee, Karol G, Ozuna & J Balvin",2019-08-03,2019,2020-01-11,0.4,1,0,0,18,43,18
Ariana Grande & Justin Bieber,2020-05-23,2020,2020-09-19,0.3,1,1,1,18,1,18
BIA,2021-07-24,2021,2022-04-23,0.7,2,0,0,18,16,9
Kane Brown X blackbear,2021-07-24,2021,2021-11-20,0.3,1,0,0,18,50,18
Aventura x Bad Bunny,2021-08-14,2021,2022-01-15,0.4,1,0,0,18,22,18
Jackson Dean,2022-09-03,2022,2025-11-15,3.2,2,0,0,18,50,9
Bryan Martin,2024-03-30,2024,2024-08-17,0.4,1,0,0,18,56,18
Peso Pluma & Neton Vega,2024-07-06,2024,2024-11-30,0.4,1,0,0,18,47,18
Sleep Token,2025-03-29,2025,2025-05-24,0.2,10,0,0,18,34,1.8
Brandon Lake X Jelly Roll,2025-05-03,2025,2025-08-30,0.3,1,0,0,18,40,18
Temper City,2026-04-18,2026,2026-08-22,0.3,1,0,0,18,37,18
The Johnny Otis Show,1958-08-04,1958,1960-02-22,1.6,3,1,0,17,9,5.7
The Elegants,1958-08-04,1958,1958-11-24,0.3,1,1,1,17,1,17
Domenico Modugno,1958-08-04,1958,1959-03-09,0.6,2,1,1,17,1,8.5
Jerry Lee Lewis And His Pumping Piano,1958-08-04,1958,1961-05-22,2.8,5,0,0,17,30,3.4
Robin Luke,1958-08-11,1958,1958-12-01,0.3,1,1,0,17,5,17
Royal Teens,1958-08-11,1958,1960-02-01,1.5,2,0,0,17,26,8.5
The Four Esquires,1958-09-22,1958,1959-01-12,0.3,1,0,0,17,21,17
Jesse Belvin,1958-12-29,1958,1959-06-22,0.5,2,0,0,17,31,8.5
Jaye P. Morgan,1959-02-09,1959,1960-10-03,1.6,3,0,0,17,65,5.7
The Virtues,1959-03-09,1959,1962-03-24,3.0,2,1,0,17,5,8.5
Kathy Linden,1959-04-13,1959,1959-08-10,0.3,2,0,0,17,11,8.5
The Mystics,1959-05-25,1959,1959-10-26,0.4,2,0,0,17,20,8.5
"Frank Sinatra ""and a bunch of kids""",1959-06-15,1959,1959-10-05,0.3,1,0,0,17,30,17
Ivo Robic and The Song-Masters,1959-08-17,1959,1959-12-07,0.3,1,0,0,17,13,17
The Clovers,1959-09-14,1959,1960-01-04,0.3,1,0,0,17,23,17
Barrett Strong,1960-02-01,1960,1960-05-23,0.3,1,0,0,17,23,17
Jessie Hill,1960-03-28,1960,1960-07-25,0.3,2,0,0,17,28,8.5
Teddy Randazzo,1960-04-18,1960,1963-03-16,2.9,2,0,0,17,44,8.5
Rusty Draper,1960-07-18,1960,1963-11-16,3.3,3,0,0,17,54,5.7
Mickey & Sylvia,1961-01-02,1961,1961-09-25,0.7,4,0,0,17,46,4.2
Johnny Maestro,1961-02-06,1961,1961-08-21,0.5,2,0,0,17,20,8.5
Joe Barry,1961-04-24,1961,1961-08-28,0.3,2,0,0,17,24,8.5
Little Caesar and The Romans,1961-05-01,1961,1961-08-28,0.3,2,1,0,17,9,8.5
The Regents,1961-05-15,1961,1961-08-21,0.3,2,0,0,17,13,8.5
The Cleftones,1961-05-22,1961,1962-12-29,1.6,3,0,0,17,18,5.7
Bobby Curtola,1962-05-05,1962,1962-11-17,0.5,2,0,0,17,41,8.5
David Rose and His Orchestra,1962-05-12,1962,1962-09-01,0.3,1,1,1,17,1,17
Joe Henderson,1962-05-19,1962,1962-11-24,0.5,3,1,0,17,8,5.7
The Rebels,1962-12-29,1962,1963-04-20,0.3,1,1,0,17,8,17
Jan Bradley,1963-01-05,1963,1965-02-20,2.1,2,0,0,17,14,8.5
The Caravelles,1963-11-02,1963,1964-02-29,0.3,2,1,0,17,3,8.5
The Dynamics,1963-11-02,1963,1969-05-03,5.5,2,0,0,17,44,8.5
The Sapphires,1964-01-11,1964,1965-05-29,1.4,2,0,0,17,25,8.5
The Swinging Blue Jeans,1964-03-07,1964,1964-08-08,0.4,3,0,0,17,24,5.7
Mitty Collier,1964-09-26,1964,1966-03-26,1.5,3,0,0,17,41,5.7
The Trade Winds,1965-02-06,1965,1966-11-05,1.7,2,0,0,17,32,8.5
Georgie Fame And The Blue Flames,1965-02-13,1965,1966-10-01,1.6,3,0,0,17,21,5.7
The Royalettes,1965-07-17,1965,1965-12-11,0.4,2,0,0,17,41,8.5
Buck Owens and The Buckaroos,1965-11-13,1965,1969-12-13,4.1,4,0,0,17,60,4.2
Bobby Fuller Four,1966-01-29,1966,1966-05-21,0.3,2,1,0,17,9,8.5
Bob Kuban And The In-Men,1966-01-29,1966,1966-07-30,0.5,3,0,0,17,12,5.7
Robert Parker,1966-04-23,1966,1967-02-04,0.8,2,1,0,17,7,8.5
Don Ho and the Aliis,1966-11-26,1966,1967-04-01,0.3,1,0,0,17,57,17
The Nitty Gritty Dirt Band,1967-04-08,1967,1975-10-04,8.5,3,0,0,17,45,5.7
The Sandpebbles,1967-09-09,1967,1968-10-26,1.1,3,0,0,17,22,5.7
Stone Poneys,1967-11-11,1967,1968-03-02,0.3,1,0,0,17,13,17
Blue Cheer,1968-03-02,1968,1968-07-27,0.4,2,0,0,17,14,8.5
Young-Holt Unlimited,1968-11-30,1968,1969-03-22,0.3,2,1,0,17,3,8.5
Buchanan Brothers,1969-05-03,1969,1969-10-25,0.5,2,0,0,17,22,8.5
The Original Caste,1969-11-15,1969,1970-03-07,0.3,1,0,0,17,34,17
Street People,1970-01-03,1970,1970-05-02,0.3,2,0,0,17,36,8.5
White Plains,1970-04-18,1970,1970-10-03,0.5,2,0,0,17,13,8.5
Buddy Miles & The Freedom Express,1970-05-02,1970,1971-10-02,1.4,1,0,0,17,62,17
The Mike Curb Congregation,1970-11-07,1970,1971-03-27,0.4,1,0,0,17,34,17
Runt,1970-11-14,1970,1971-03-06,0.3,1,0,0,17,20,17
Tin Tin,1971-04-03,1971,1971-10-02,0.5,2,0,0,17,20,8.5
Freddie Hart,1971-08-21,1971,1971-12-11,0.3,1,0,0,17,17,17
Delaney & Bonnie,1971-09-25,1971,1972-05-06,0.6,3,0,0,17,20,5.7
Johnny Cash And The Tennessee Three,1972-05-13,1972,1976-06-19,4.1,2,0,0,17,29,8.5
Joe Cocker and The Chris Stainton Band,1972-09-16,1972,1973-01-27,0.4,2,0,0,17,27,8.5
Sutherland Brothers And Quiver,1973-08-18,1973,1976-05-08,2.7,2,0,0,17,48,8.5
Mocedades,1974-01-12,1974,1974-05-04,0.3,1,1,0,17,9,17
The Eleventh Hour,1974-04-06,1974,1976-01-03,1.7,2,0,0,17,55,8.5
Kraftwerk,1975-03-15,1975,1978-07-22,3.4,2,0,0,17,25,8.5
Bryan Ferry,1976-12-11,1976,1988-05-21,11.4,2,0,0,17,31,8.5
Wilton Place Street Band,1977-01-08,1977,1977-04-30,0.3,1,0,0,17,24,17
Maynard Ferguson,1977-04-23,1977,1979-08-25,2.3,2,0,0,17,28,8.5
Ram Jam,1977-06-11,1977,1977-10-01,0.3,1,0,0,17,18,17
London Symphony Orchestra,1977-07-09,1977,1977-10-29,0.3,1,1,0,17,10,17
Brooklyn Dreams,1977-11-12,1977,1979-03-17,1.3,3,0,0,17,57,5.7
Tuxedo Junction,1978-04-22,1978,1978-08-12,0.3,1,0,0,17,32,17
Barbra Streisand & Neil Diamond,1978-10-28,1978,1979-02-17,0.3,1,1,1,17,1,17
Narada Michael Walden,1979-03-31,1979,1980-03-15,1.0,2,0,0,17,47,8.5
New England,1979-05-05,1979,1979-09-29,0.4,2,0,0,17,40,8.5
Kermit (Jim Henson),1979-09-15,1979,1980-01-05,0.3,1,0,0,17,25,17
Charlie Dore,1980-02-23,1980,1980-06-14,0.3,1,0,0,17,13,17
Olivia Newton-John And The Electric Light Orchestra,1980-08-09,1980,1980-11-29,0.3,1,1,0,17,8,17
The Vapors,1980-09-27,1980,1981-01-17,0.3,1,0,0,17,36,17
The Rovers,1981-02-21,1981,1981-06-13,0.3,1,0,0,17,37,17
Don Felder,1981-07-25,1981,1981-11-14,0.3,1,0,0,17,43,17
Tom Tom Club,1982-01-23,1982,1982-05-15,0.3,1,0,0,17,31,17
Haircut One Hundred,1982-05-15,1982,1982-09-04,0.3,1,0,0,17,37,17
James Ingram And Patti Austin,1983-05-14,1983,1983-09-03,0.3,1,0,0,17,45,17
Mtume,1983-06-18,1983,1984-10-13,1.3,2,0,0,17,45,8.5
Greg Kihn,1985-02-16,1985,1986-04-26,1.2,2,0,0,17,30,8.5
Godley & Creme,1985-07-20,1985,1985-11-09,0.3,1,0,0,17,16,17
Cherrelle,1986-02-15,1986,1986-06-07,0.3,1,0,0,17,26,17
Gavin Christopher,1986-05-24,1986,1986-09-13,0.3,1,0,0,17,22,17
Aretha Franklin & George Michael,1987-02-21,1987,1987-06-13,0.3,1,1,1,17,1,17
Tami Show,1988-03-12,1988,1991-10-26,3.6,2,0,0,17,28,8.5
Annie Lennox & Al Green,1988-11-05,1988,1989-02-25,0.3,1,1,0,17,9,17
Inner City,1989-03-04,1989,1990-04-07,1.1,2,0,0,17,73,8.5
Lightning Seeds,1990-05-19,1990,1992-05-02,2.0,2,0,0,17,31,8.5
Queensryche,1991-03-23,1991,1991-07-13,0.3,1,1,0,17,9,17
Laissez Faire,1991-12-07,1991,1992-03-28,0.3,1,0,0,17,64,17
The Shamen,1991-12-14,1991,1992-04-04,0.3,1,0,0,17,38,17
Clivilles & Cole,1992-01-11,1992,1992-05-02,0.3,1,0,0,17,44,17
Mitch Malloy,1992-05-02,1992,1992-09-26,0.4,2,0,0,17,49,8.5
Sound Factory,1992-12-26,1992,1993-04-17,0.3,1,0,0,17,58,17
Chaka Demus & Pliers,1993-01-02,1993,1993-04-24,0.3,1,0,0,17,57,17
Fu-Schnickens W/ Shaquille O'Neal,1993-07-03,1993,1993-10-23,0.3,1,0,0,17,39,17
Sagat,1994-01-01,1994,1994-04-23,0.3,1,0,0,17,63,17
Sudden Change,1994-03-12,1994,1994-07-02,0.3,1,0,0,17,56,17
The Puppies,1994-07-02,1994,1994-10-22,0.3,1,0,0,17,40,17
Nine,1994-12-24,1994,1995-04-15,0.3,1,0,0,17,50,17
Michael Jackson & Janet Jackson,1995-06-17,1995,1995-10-07,0.3,1,1,0,17,5,17
N-Trance,1996-01-20,1996,1996-05-11,0.3,1,0,0,17,62,17
A+,1996-08-03,1996,1998-11-28,2.3,2,0,0,17,63,8.5
The Braids,1996-10-19,1996,1997-02-08,0.3,1,0,0,17,42,17
Camp Lo,1997-01-04,1997,1997-04-26,0.3,1,0,0,17,50,17
Joose,1997-03-22,1997,1997-07-12,0.3,1,0,0,17,51,17
Raybon Bros.,1997-06-14,1997,1997-10-04,0.3,1,0,0,17,22,17
Rampage,1997-07-19,1997,1997-11-08,0.3,1,0,0,17,34,17
Deja Vu,1998-03-14,1998,1998-07-04,0.3,1,0,0,17,58,17
Tatyana Ali,1998-08-08,1998,1998-11-28,0.3,1,1,0,17,6,17
Whitney Houston & Mariah Carey,1998-12-05,1998,1999-03-27,0.3,1,0,0,17,15,17
BLACKstreet & Mya,1998-12-05,1998,1999-03-27,0.3,1,0,0,17,14,17
Cake,1998-12-05,1998,1999-03-27,0.3,1,0,0,17,78,17
Sporty Thievz,1999-05-15,1999,1999-09-04,0.3,1,0,0,17,12,17
J-Shin,1999-12-25,1999,2000-04-15,0.3,1,0,0,17,34,17
Black Rob,2000-03-04,2000,2000-06-24,0.3,1,0,0,17,43,17
Lara Fabian,2000-06-10,2000,2000-09-30,0.3,1,0,0,17,32,17
Aaron Carter,2000-08-26,2000,2001-05-05,0.7,2,0,0,17,35,8.5
Jonell & Method Man,2001-12-15,2001,2002-04-06,0.3,1,0,0,17,62,17
Kevin Denney,2002-02-02,2002,2002-05-25,0.3,1,0,0,17,76,17
R. Kelly & Jay-Z,2002-03-30,2002,2004-12-18,2.7,2,0,0,17,39,8.5
Aaron Lines,2002-12-28,2002,2003-04-19,0.3,1,0,0,17,38,17
Fountains Of Wayne,2003-10-11,2003,2004-01-31,0.3,1,0,0,17,21,17
Ashley Parker Angel,2006-04-29,2006,2006-08-05,0.3,2,0,0,17,12,8.5
Brooke Hogan,2006-08-19,2006,2006-12-16,0.3,1,0,0,17,33,17
MIKA,2007-02-17,2007,2013-09-28,6.6,3,0,0,17,57,5.7
Shawty Lo,2008-01-26,2008,2008-05-17,0.3,1,0,0,17,31,17
Flex,2008-03-08,2008,2008-08-16,0.4,1,0,0,17,86,17
Ester Dean,2009-09-26,2009,2010-01-16,0.3,1,0,0,17,38,17
YC,2011-04-16,2011,2011-08-06,0.3,1,0,0,17,42,17
Chief Keef,2012-09-08,2012,2013-03-30,0.6,2,0,0,17,56,8.5
James Newton Howard,2014-12-13,2014,2015-04-04,0.3,1,0,0,17,12,17
Dae Dae,2016-08-06,2016,2016-11-26,0.3,1,0,0,17,66,17
Marian Hill,2017-02-04,2017,2017-05-27,0.3,1,0,0,17,21,17
Rae Sremmurd & Juicy J,2018-03-17,2018,2018-07-07,0.3,1,0,0,17,28,17
XXXTENTACION x Lil Pump,2018-11-10,2018,2019-03-02,0.3,1,0,0,17,28,17
"Lunay, Daddy Yankee & Bad Bunny",2019-05-25,2019,2019-09-14,0.3,1,0,0,17,66,17
J Balvin & Bad Bunny,2019-07-13,2019,2026-03-14,6.7,2,0,0,17,27,8.5
Thurl Ravenscroft,2020-01-04,2020,2026-01-03,6.0,1,0,0,17,31,17
Lady A,2020-10-31,2020,2021-11-06,1.0,2,0,0,17,33,8.5
Bad Bunny & Rosalia,2020-12-12,2020,2021-05-29,0.5,1,0,0,17,53,17
Lil Baby & Lil Durk,2021-06-12,2021,2021-07-03,0.1,12,0,0,17,21,1.4
Coldplay x BTS,2021-10-09,2021,2022-01-29,0.3,1,1,1,17,1,17
Eartha Kitt,2021-12-25,2021,2026-01-03,4.0,1,0,0,17,19,17
Ari Lennox,2022-01-08,2022,2022-04-30,0.3,1,0,0,17,66,17
Yung Gravy,2022-07-23,2022,2022-11-12,0.3,1,0,0,17,30,17
Yandel & Feid,2023-02-18,2023,2023-06-24,0.3,1,0,0,17,71,17
Maluma & Carin Leon,2023-10-07,2023,2024-02-03,0.3,1,0,0,17,65,17
¥$: Ye & Ty Dolla $ign,2024-03-23,2024,2024-06-29,0.3,3,1,0,17,4,5.7
Central Cee & Lil Baby,2024-06-08,2024,2024-09-28,0.3,1,0,0,17,18,17
Sexyy Red & Drake,2024-06-08,2024,2024-09-28,0.3,1,0,0,17,44,17
Twice,2025-08-02,2025,2025-11-22,0.3,1,0,0,17,51,17
The Shields,1958-08-25,1958,1958-12-08,0.3,1,0,0,16,15,16
Harvey & The Moonglows,1958-09-15,1958,1958-12-29,0.3,1,0,0,16,22,16
Reg Owen & His Orchestra,1958-12-08,1958,1959-03-23,0.3,1,1,0,16,10,16
Bill Parsons,1958-12-22,1958,1959-04-06,0.3,1,1,0,16,2,16
Cathy Carr,1959-01-26,1959,1959-06-29,0.4,2,0,0,16,42,8
Franck Pourcel's French Fiddles,1959-04-06,1959,1959-07-20,0.3,1,1,0,16,9,16
Preston Epps,1959-05-18,1959,1960-08-29,1.3,2,0,0,16,14,8
Big Jay McNeely And Band,1959-05-25,1959,1959-09-07,0.3,1,0,0,16,44,16
Jackie Lee,1959-06-29,1959,1966-02-19,6.6,2,0,0,16,14,8
Ronnie Hawkins and The Hawks,1959-08-17,1959,1959-11-30,0.3,1,0,0,16,26,16
The Mormon Tabernacle Choir,1959-09-07,1959,1959-12-21,0.3,1,0,0,16,13,16
Fireflies,1959-09-07,1959,1959-12-21,0.3,1,0,0,16,21,16
The Paradons,1960-08-22,1960,1960-12-05,0.3,1,0,0,16,18,16
Larry Verne,1960-08-29,1960,1961-01-02,0.3,2,1,1,16,1,8
Joe Jones,1960-09-19,1960,1961-04-17,0.6,2,1,0,16,3,8
Etta Jones,1960-11-07,1960,1961-03-13,0.3,3,0,0,16,36,5.3
"The Miracles (featuring Bill ""Smokey"" Robinson)",1960-12-12,1960,1961-03-27,0.3,1,1,0,16,2,16
The Larks,1961-03-06,1961,1965-02-06,3.9,2,1,0,16,7,8
Kay Starr,1961-03-20,1961,1962-11-17,1.7,3,0,0,16,49,5.3
Roy Drusky,1961-04-10,1961,1961-07-24,0.3,1,0,0,16,35,16
The Starlets,1961-04-24,1961,1961-08-07,0.3,1,0,0,16,38,16
Tommy Hunt,1961-09-04,1961,1963-12-07,2.3,3,0,0,16,48,5.3
Don & Juan,1962-02-10,1962,1962-11-10,0.7,2,1,0,16,7,8
Stan Getz/Charlie Byrd,1962-09-29,1962,1963-01-12,0.3,1,0,0,16,15,16
Les Cooper and the Soul Rockers,1962-10-06,1962,1963-02-02,0.3,1,0,0,16,22,16
"Esther Phillips ""Little Esther""",1962-10-27,1962,1967-06-10,4.6,1,1,0,16,8,16
Johnny Thunder,1962-12-22,1962,1965-12-25,3.0,2,1,0,16,4,8
Chantay's,1963-03-02,1963,1963-06-15,0.3,1,1,0,16,4,16
Joe Hinton,1963-06-01,1963,1964-10-31,1.4,3,0,0,16,13,5.3
Tracey Dey,1963-09-14,1963,1964-06-13,0.7,3,0,0,16,51,5.3
Los Indios Tabajaras,1963-09-21,1963,1964-03-21,0.5,2,1,0,16,6,8
Jackie Ross,1964-08-01,1964,1965-02-20,0.6,3,0,0,16,11,5.3
P.J. Proby,1964-09-05,1964,1967-04-01,2.6,3,0,0,16,23,5.3
Julie Rogers,1964-11-21,1964,1965-03-13,0.3,2,1,0,16,10,8
O.V. Wright,1965-08-07,1965,1971-01-02,5.4,3,0,0,16,54,5.3
The Brass Ring,1966-03-12,1966,1967-03-18,1.0,2,0,0,16,32,8
Shades Of Blue,1966-05-07,1966,1966-10-22,0.5,2,0,0,16,12,8
Shorty Long,1966-09-24,1966,1968-08-10,1.9,3,1,0,16,8,5.3
The Artistics,1966-12-17,1966,1967-04-22,0.3,2,0,0,16,55,8
Robert Knight,1967-09-30,1967,1968-10-26,1.1,3,0,0,16,13,5.3
Four Jacks And A Jill,1968-03-30,1968,1968-08-17,0.4,2,0,0,16,18,8
Friend And Lover,1968-05-18,1968,1968-09-07,0.3,2,1,0,16,10,8
Vanilla Fudge,1968-10-05,1968,1969-04-05,0.5,3,0,0,16,38,5.3
Bobbie Gentry & Glen Campbell,1968-10-26,1968,1970-04-18,1.5,2,0,0,16,27,8
The Flying Machine,1969-10-04,1969,1970-02-28,0.4,2,1,0,16,5,8
Savoy Brown,1969-11-29,1969,1981-11-07,11.9,3,0,0,16,68,5.3
The Tee Set,1970-01-24,1970,1970-05-30,0.3,2,1,0,16,5,8
Daddy Dewdrop,1971-03-06,1971,1971-06-19,0.3,1,1,0,16,9,16
Paul Humphrey & His Cool Aid Chemists,1971-03-13,1971,1971-06-26,0.3,1,0,0,16,29,16
Donny Osmond of The Osmonds,1971-03-27,1971,1971-07-10,0.3,1,1,0,16,7,16
Cymarron,1971-06-12,1971,1971-10-23,0.4,2,0,0,16,17,8
Jonathan Edwards,1971-11-13,1971,1972-02-26,0.3,1,1,0,16,4,16
Little Jimmy Osmond,1972-04-22,1972,1973-02-17,0.8,2,0,0,16,38,8
Holland-Dozier,1972-09-30,1972,1973-02-10,0.4,2,0,0,16,52,8
Kenny Loggins & Jim Messina,1972-11-11,1972,1973-02-24,0.3,1,1,0,16,4,16
Paul Simon (with The Dixie Hummingbirds),1973-08-04,1973,1973-11-17,0.3,1,1,0,16,2,16
Mike Oldfield,1974-02-23,1974,1974-06-08,0.3,1,1,0,16,7,16
"Marvin Hamlisch/""The Sting""",1974-03-23,1974,1974-07-06,0.3,1,1,0,16,3,16
Gene Redding,1974-05-04,1974,1974-08-17,0.3,1,0,0,16,24,16
The Joneses,1974-10-05,1974,1975-01-18,0.3,1,0,0,16,47,16
Shirley Brown,1974-11-02,1974,1975-05-17,0.5,2,0,0,16,22,8
Johnny Guitar Watson,1975-10-04,1975,1977-09-24,2.0,2,0,0,16,41,8
Average White Band,1976-09-04,1976,1980-08-09,3.9,2,0,0,16,40,8
Meri Wilson,1977-06-04,1977,1977-09-17,0.3,1,0,0,16,18,16
The Floaters,1977-07-09,1977,1977-10-22,0.3,1,1,0,16,2,16
Ronnie McDowell,1977-09-10,1977,1978-04-08,0.6,2,0,0,16,13,8
Bobby Arvon,1977-12-03,1977,1978-03-18,0.3,1,0,0,16,72,16
Love And Kisses,1978-05-06,1978,1978-08-19,0.3,1,0,0,16,22,16
The Tarney/Spencer Band,1978-07-22,1978,1981-10-10,3.2,2,0,0,16,74,8
John Travolta & Olivia Newton-John & Cast,1978-08-05,1978,1978-11-18,0.3,1,1,0,16,5,16
Don Ray,1978-09-23,1978,1979-01-13,0.3,1,0,0,16,44,16
Chanson,1978-11-11,1978,1979-02-24,0.3,1,0,0,16,21,16
Bell & James,1979-01-27,1979,1979-05-12,0.3,1,0,0,16,15,16
Ironhorse,1979-03-17,1979,1980-05-31,1.2,2,0,0,16,36,8
Rex Smith,1979-04-21,1979,1979-08-04,0.3,1,1,0,16,10,16
France Joli,1979-09-01,1979,1979-12-15,0.3,1,0,0,16,15,16
Amy Holland,1980-08-09,1980,1980-11-22,0.3,1,0,0,16,22,16
Phil Seymour,1981-01-24,1981,1981-05-09,0.3,1,0,0,16,22,16
Jim Photoglo,1981-04-18,1981,1981-08-01,0.3,1,0,0,16,25,16
Jim Steinman,1981-05-30,1981,1981-09-12,0.3,1,0,0,16,32,16
The Afternoon Delights,1981-07-25,1981,1981-11-07,0.3,1,0,0,16,33,16
Queen & David Bowie,1981-11-07,1981,2016-01-30,34.2,1,0,0,16,29,16
Bill Champlin,1981-12-26,1981,1982-09-18,0.7,2,0,0,16,55,8
Leslie Pearl,1982-05-22,1982,1982-09-04,0.3,1,0,0,16,28,16
Yaz,1982-09-18,1982,1983-04-16,0.6,2,0,0,16,67,8
Julio Iglesias & Diana Ross,1984-07-07,1984,1984-10-20,0.3,1,0,0,16,19,16
John Hunter,1984-12-08,1984,1985-03-23,0.3,1,0,0,16,39,16
Bronski Beat,1984-12-22,1984,1985-04-06,0.3,1,0,0,16,48,16
Cock Robin,1985-06-15,1985,1985-09-28,0.3,1,0,0,16,35,16
Oingo Boingo,1985-08-31,1985,1986-02-15,0.5,2,0,0,16,45,8
Opus,1986-01-25,1986,1986-05-10,0.3,1,0,0,16,32,16
Jesse Johnson (Featuring Sly Stone),1986-10-25,1986,1987-02-07,0.3,1,0,0,16,53,16
Timbuk 3,1986-10-25,1986,1987-02-07,0.3,1,0,0,16,19,16
Jeff Lorber & Karyn White,1986-12-06,1986,1987-03-21,0.3,1,0,0,16,27,16
Kool Moe Dee,1987-04-18,1987,1988-07-09,1.2,2,0,0,16,62,8
David Hallyday,1987-08-29,1987,1991-07-27,3.9,2,0,0,16,51,8
Underworld,1988-04-16,1988,1989-10-14,1.5,2,0,0,16,67,8
House Of Lords,1989-01-07,1989,1991-03-02,2.1,2,0,0,16,58,8
Deon Estus,1989-02-25,1989,1989-06-10,0.3,1,1,0,16,5,16
BulletBoys,1989-04-29,1989,1989-09-23,0.4,2,0,0,16,71,8
Perfect Gentlemen,1990-04-14,1990,1990-07-28,0.3,1,1,0,16,10,16
Partners In Kryme,1990-04-21,1990,1990-08-04,0.3,1,0,0,16,13,16
The West Coast Rap All-Stars,1990-06-23,1990,1990-10-06,0.3,1,0,0,16,35,16
George LaMond (Duet,1990-12-01,1990,1991-03-16,0.3,1,0,0,16,49,16
The Triplets,1991-03-16,1991,1991-06-29,0.3,1,0,0,16,14,16
Voices That Care,1991-03-16,1991,1991-06-29,0.3,1,0,0,16,11,16
Aftershock,1991-03-30,1991,1991-07-13,0.3,1,0,0,16,52,16
David A. Stewart,1991-05-18,1991,1991-08-31,0.3,1,0,0,16,11,16
The Farm,1991-09-28,1991,1992-01-11,0.3,1,0,0,16,41,16
Clubland,1992-01-04,1992,1992-06-13,0.4,2,0,0,16,79,8
Babyface (Featuring Toni Braxton),1992-07-25,1992,1992-11-07,0.3,1,0,0,16,29,16
Smart E's,1992-10-10,1992,1993-01-23,0.3,1,0,0,16,60,16
The S.O.U.L. S.Y.S.T.E.M.,1992-11-28,1992,1993-03-13,0.3,1,0,0,16,34,16
Dan Baird,1992-12-05,1992,1993-03-20,0.3,1,0,0,16,26,16
Black Moon,1993-02-27,1993,1994-06-25,1.3,2,0,0,16,86,8
Blackgirl,1994-02-12,1994,1994-09-24,0.6,2,0,0,16,71,8
H-Town/Al B. Sure!,1994-04-16,1994,1994-07-30,0.3,1,0,0,16,57,16
M People,1994-05-07,1994,1994-08-20,0.3,1,0,0,16,34,16
Keith Sweat (Featuring Kut Klose),1994-10-15,1994,1995-01-28,0.3,1,0,0,16,62,16
K-Ci Hailey,1995-02-18,1995,1995-06-03,0.3,1,0,0,16,17,16
Keith Martin,1995-03-04,1995,1995-06-17,0.3,1,0,0,16,53,16
Letters To Cleo,1995-03-25,1995,1995-09-23,0.5,2,0,0,16,56,8
Tony Thompson,1995-05-27,1995,1995-09-09,0.3,1,0,0,16,59,16
L.V.,1995-11-18,1995,1996-03-02,0.3,1,0,0,16,63,16
Tha Dogg Pound,1996-01-06,1996,1996-04-20,0.3,1,0,0,16,45,16
The Original,1996-10-19,1996,1997-02-01,0.3,1,0,0,16,66,16
Lutricia McNeal,1998-01-03,1998,1998-04-18,0.3,1,0,0,16,63,16
David Kersh,1998-02-14,1998,1998-05-30,0.3,1,0,0,16,67,16
Timbaland & Magoo,1998-05-02,1998,2003-08-30,5.3,2,0,0,16,37,8
John Forte,1998-05-30,1998,1998-09-12,0.3,1,0,0,16,59,16
Inoj,1998-08-22,1998,1998-12-05,0.3,1,1,0,16,6,16
TQ,1998-10-03,1998,1999-01-16,0.3,1,0,0,16,12,16
T.W.D.Y.,1999-05-08,1999,1999-08-21,0.3,1,0,0,16,90,16
Marc Nelson,1999-10-02,1999,2000-01-15,0.3,1,0,0,16,27,16
Sole,1999-10-30,1999,2000-02-12,0.3,1,0,0,16,21,16
NAS,2000-03-25,2000,2000-07-08,0.3,1,0,0,16,59,16
Mikaila,2000-11-25,2000,2001-03-10,0.3,1,0,0,16,25,16
"R.L., Snoop Dogg & Lil' Kim",2001-10-06,2001,2002-01-19,0.3,1,0,0,16,84,16
Jermaine Dupri,2001-10-20,2001,2005-09-24,3.9,2,0,0,16,60,8
NB Ridaz,2002-01-19,2002,2005-07-30,3.5,3,0,0,16,84,5.3
Isyss,2002-06-08,2002,2003-01-11,0.6,2,0,0,16,71,8
Smilez & Southstar,2003-01-04,2003,2003-04-19,0.3,1,0,0,16,28,16
Yeah Yeah Yeahs,2004-03-13,2004,2006-04-22,2.1,2,0,0,16,87,8
Mis-Teeq,2004-05-22,2004,2004-09-04,0.3,1,0,0,16,35,16
Charlie Wilson,2005-08-06,2005,2009-05-23,3.8,2,0,0,16,67,8
Dashboard Confessional,2006-06-10,2006,2007-07-07,1.1,2,0,0,16,44,8
Apocalyptica,2008-11-01,2008,2009-02-14,0.3,1,0,0,16,78,16
Kristinia DeBarge,2009-05-09,2009,2009-08-22,0.3,1,0,0,16,15,16
Roscoe Dash,2010-02-13,2010,2012-01-14,1.9,2,0,0,16,46,8
Greg Bates,2012-10-06,2012,2013-01-19,0.3,1,0,0,16,66,16
RaeLynn,2014-11-08,2014,2015-02-21,0.3,1,0,0,16,61,16
Rudimental,2015-10-17,2015,2016-02-06,0.3,1,0,0,16,48,16
Marc E. Bassy,2016-07-30,2016,2016-11-12,0.3,1,0,0,16,58,16
2 Chainz x Gucci Mane x Quavo,2017-02-11,2017,2017-07-15,0.4,1,0,0,16,70,16
Shawn Mendes X Zedd,2018-04-07,2018,2019-01-19,0.8,1,0,0,16,48,16
Tory Lanez & Rich The Kid,2018-11-10,2018,2019-02-23,0.3,1,0,0,16,43,16
Ali Gatie,2019-06-29,2019,2020-02-08,0.6,2,0,0,16,70,8
"Megan Thee Stallion, Nicki Minaj & Ty Dolla $ign",2019-08-24,2019,2019-12-07,0.3,1,0,0,16,11,16
Noah Cyrus & Leon Bridges,2020-01-11,2020,2020-07-04,0.5,1,0,0,16,85,16
VEDO,2020-09-26,2020,2021-05-01,0.6,1,0,0,16,75,16
Tenille Arts,2021-01-30,2021,2021-05-15,0.3,1,0,0,16,50,16
"Stephanie Beatriz, Olga Merediz & Encanto Cast",2022-01-15,2022,2022-04-30,0.3,1,0,0,16,20,16
Sebastian Yatra,2022-01-15,2022,2022-04-30,0.3,1,0,0,16,36,16
The Walters,2022-01-15,2022,2022-05-14,0.3,1,0,0,16,71,16
Tiesto & Ava Max,2022-02-12,2022,2022-05-28,0.3,1,0,0,16,42,16
Nicki Minaj X Lil Baby,2022-02-19,2022,2022-05-14,0.2,2,1,0,16,2,8
Tyga X Doja Cat,2022-03-12,2022,2022-06-25,0.3,1,0,0,16,43,16
Marshmello & Khalid,2022-07-16,2022,2022-10-29,0.3,1,0,0,16,40,16
Junior H x Peso Pluma,2023-04-22,2023,2023-08-05,0.3,1,0,0,16,55,16
Yahritza y Su Esencia x Grupo Frontera,2023-05-06,2023,2023-08-19,0.3,1,0,0,16,69,16
Justin Moore & Priscilla Block,2023-05-20,2023,2023-09-02,0.3,1,0,0,16,37,16
mgk & Jelly Roll,2024-08-10,2024,2024-11-30,0.3,1,0,0,16,33,16
Cynthia Erivo,2024-12-07,2024,2025-12-13,1.0,4,0,0,16,44,4
PLUTO & YKNIECE,2025-05-03,2025,2025-08-16,0.3,1,0,0,16,51,16
Mariah the Scientist & Kali Uchis,2025-08-16,2025,2026-02-07,0.5,1,0,0,16,27,25
Mariah the Scientist,2025-09-06,2025,2025-09-06,0.0,1,0,0,16,88,1
Ella Langley & Morgan Wallen,2026-05-09,2026,2026-08-22,0.3,1,1,0,16,4,16
Jimmy Clanton And His Rockets,1958-08-04,1958,1958-11-10,0.3,1,1,0,15,4,15
Eileen Rodgers,1958-08-25,1958,1958-12-01,0.3,1,0,0,15,26,15
Dicky Doo And The Don'ts,1958-09-29,1958,1959-03-09,0.4,2,0,0,15,44,7.5
Donnie Owens,1958-10-06,1958,1959-01-12,0.3,1,0,0,15,25,15
Eugene Church and The Fellows,1958-12-15,1958,1959-04-06,0.3,1,0,0,15,36,15
Chris Barber's Jazz Band,1959-01-12,1959,1959-04-20,0.3,1,1,0,15,5,15
Larry Hall,1959-11-23,1959,1960-02-29,0.3,1,0,0,15,15,15
Johnny Ferguson,1960-02-22,1960,1960-05-30,0.3,1,0,0,15,27,15
Hollywood Argyles,1960-05-30,1960,1960-09-05,0.3,1,1,1,15,1,15
Anthony Newley,1960-07-18,1960,1962-10-27,2.3,4,0,0,15,67,3.8
Etta & Harvey,1960-08-01,1960,1961-01-09,0.4,2,0,0,15,52,7.5
Jimmy Charles and The Revelletts,1960-08-22,1960,1960-11-28,0.3,1,1,0,15,5,15
The Pentagons,1961-02-20,1961,1961-11-27,0.8,2,0,0,15,48,7.5
The Echoes,1961-03-06,1961,1961-06-26,0.3,2,0,0,15,12,7.5
Tex Ritter,1961-07-03,1961,1974-02-23,12.6,2,0,0,15,20,7.5
Frankie Miller,1961-07-10,1961,1982-07-24,21.0,3,0,0,15,62,5
Bob Moore and His Orch.,1961-08-14,1961,1961-11-20,0.3,1,1,0,15,7,15
The Flares,1961-09-04,1961,1961-12-11,0.3,1,0,0,15,25,15
The Showmen,1961-11-13,1961,1964-07-18,2.7,1,0,0,15,61,15
Jack Ross,1962-01-13,1962,1962-05-12,0.3,2,0,0,15,16,7.5
Claudine Clark,1962-06-30,1962,1962-10-06,0.3,1,1,0,15,5,15
Martin Denny and His Orchestra,1962-07-14,1962,1962-10-20,0.3,1,0,0,15,50,15
The Rivingtons,1962-08-18,1962,1963-05-25,0.8,2,0,0,15,48,7.5
Bob And Earl,1962-10-20,1962,1964-02-29,1.4,2,0,0,15,44,7.5
Kai Winding & Orchestra,1963-07-06,1963,1963-10-12,0.3,1,1,0,15,8,15
Dion Di Muci,1963-11-16,1963,1964-09-12,0.8,2,1,0,15,6,7.5
Al Hirt,1964-04-11,1964,1968-01-27,3.8,3,0,0,15,15,5
Roy Orbison And The Candy Men,1964-08-29,1964,1964-12-05,0.3,1,1,1,15,1,15
Lorne Greene,1964-10-31,1964,1965-02-13,0.3,2,1,1,15,1,7.5
The Hullaballoos,1964-11-28,1964,1965-03-20,0.3,2,0,0,15,56,7.5
The Ovations (Featuring Louis Williams),1965-05-22,1965,1973-12-08,8.5,2,0,0,15,56,7.5
Verdelle Smith,1966-02-05,1966,1966-08-27,0.6,2,0,0,15,38,7.5
J.J. Barnes,1966-04-09,1966,1967-07-22,1.3,2,0,0,15,61,7.5
Alvin Cash & The Registers,1966-07-30,1966,1966-12-31,0.4,2,0,0,15,49,7.5
The Easybeats,1967-03-18,1967,1969-11-15,2.7,2,0,0,15,16,7.5
Toussaint McCall,1967-03-25,1967,1967-07-22,0.3,2,0,0,15,52,7.5
Billy Vera & Judy Clay,1967-12-02,1967,1968-03-23,0.3,2,0,0,15,36,7.5
Pacific Gas And Electric,1970-05-30,1970,1970-10-24,0.4,2,0,0,15,14,7.5
The Supremes & Four Tops,1970-11-28,1970,1971-07-03,0.6,2,0,0,15,14,7.5
John Lennon/Plastic Ono Band Yoko Ono/Plastic Ono Band,1971-01-09,1971,1971-05-29,0.4,2,0,0,15,11,7.5
The Glass Bottle,1971-07-17,1971,1971-12-11,0.4,2,0,0,15,36,7.5
Mac And Katie Kissoon,1971-07-24,1971,1971-10-30,0.3,1,0,0,15,20,15
Bullet,1971-11-06,1971,1972-03-18,0.4,2,0,0,15,28,7.5
Edgar Winter's White Trash,1971-12-18,1971,1972-05-27,0.4,2,0,0,15,70,7.5
The Chakachas,1972-01-15,1972,1972-04-22,0.3,1,1,0,15,8,15
Sailcat,1972-06-10,1972,1972-09-16,0.3,1,0,0,15,12,15
Argent,1972-06-17,1972,1972-09-23,0.3,1,1,0,15,5,15
Bulldog,1972-10-14,1972,1973-01-20,0.3,1,0,0,15,44,15
Gunhill Road,1973-03-31,1973,1973-07-07,0.3,1,0,0,15,40,15
Jeanne Pruett,1973-05-12,1973,1973-08-18,0.3,1,0,0,15,28,15
Kris Kristofferson & Rita Coolidge,1973-11-17,1973,1974-04-20,0.4,2,0,0,15,49,7.5
Black Oak Arkansas,1973-12-15,1973,1976-01-17,2.1,2,0,0,15,25,7.5
Cliff DeYoung,1974-01-05,1974,1974-04-13,0.3,1,0,0,15,17,15
Reunion,1974-09-07,1974,1974-12-14,0.3,1,1,0,15,8,15
Loleatta Holloway,1975-03-15,1975,1977-04-02,2.1,2,0,0,15,68,7.5
Roger Whittaker,1975-04-05,1975,1975-07-12,0.3,1,0,0,15,19,15
South Shore Commission,1975-06-28,1975,1976-03-20,0.7,3,0,0,15,61,5
Van Mccoy,1975-10-11,1975,1976-09-11,0.9,3,0,0,15,46,5
Greg Lake,1975-12-20,1975,1982-01-23,6.1,3,0,0,15,48,5
Larry Groce,1976-01-10,1976,1976-04-17,0.3,1,1,0,15,9,15
Silvetti,1977-01-22,1977,1977-04-30,0.3,1,0,0,15,39,15
Jesse Winchester,1977-08-20,1977,1981-07-11,3.9,2,0,0,15,32,7.5
Le Pamplemousse,1977-11-26,1977,1978-03-04,0.3,1,0,0,15,58,15
George Duke,1978-01-07,1978,1982-04-17,4.3,2,0,0,15,41,7.5
Steve Martin And The Toot Uncommons,1978-05-27,1978,1978-09-02,0.3,1,0,0,15,17,15
Sniff 'n' the Tears,1979-07-21,1979,1979-10-27,0.3,1,0,0,15,15,15
Nick Lowe,1979-07-28,1979,1979-11-03,0.3,1,0,0,15,12,15
Lauren Wood,1979-09-22,1979,1979-12-29,0.3,1,0,0,15,24,15
Barbra Streisand/Donna Summer,1979-10-20,1979,1980-01-26,0.3,1,1,1,15,1,15
Rufus And Chaka Khan,1979-11-24,1979,1980-03-01,0.3,1,0,0,15,30,15
Jon & Vangelis,1980-08-16,1980,1982-07-17,1.9,2,0,0,15,51,7.5
707,1980-10-11,1980,1982-08-14,1.8,2,0,0,15,52,7.5
Eye To Eye,1982-05-22,1982,1983-11-05,1.5,2,0,0,15,37,7.5
Martin Briley,1983-05-21,1983,1983-08-27,0.3,1,0,0,15,36,15
Agnetha Faltskog,1983-08-27,1983,1983-12-03,0.3,1,0,0,15,29,15
Joboxers,1983-09-10,1983,1983-12-17,0.3,1,0,0,15,36,15
Face To Face,1984-06-02,1984,1984-09-08,0.3,1,0,0,15,38,15
Newcleus,1984-06-02,1984,1984-09-08,0.3,1,0,0,15,56,15
Roger Hodgson,1984-10-13,1984,1985-01-19,0.3,1,0,0,15,48,15
Eurythmics & Aretha Franklin,1985-10-19,1985,1986-01-25,0.3,1,0,0,15,18,15
Dan Seals,1986-01-25,1986,1986-05-03,0.3,1,0,0,15,42,15
Hipsway,1987-01-24,1987,1987-05-02,0.3,1,0,0,15,19,15
World Party,1987-02-14,1987,1987-05-23,0.3,1,0,0,15,27,15
Wa Wa Nee,1987-09-12,1987,1988-02-06,0.4,2,0,0,15,35,7.5
Suave,1988-03-12,1988,1988-06-18,0.3,1,0,0,15,20,15
The Church,1988-04-09,1988,1988-07-16,0.3,1,0,0,15,24,15
Ice-T,1988-06-11,1988,1991-06-15,3.0,2,0,0,15,67,7.5
L'Trimm,1988-09-24,1988,1988-12-31,0.3,1,0,0,15,54,15
The Cult,1989-05-27,1989,1989-10-21,0.4,2,0,0,15,46,7.5
Bonham,1989-11-25,1989,1990-03-03,0.3,1,0,0,15,55,15
Nikki,1990-04-28,1990,1990-08-04,0.3,1,0,0,15,21,15
Young And Restless,1990-05-05,1990,1990-08-11,0.3,1,0,0,15,54,15
Brother Beyond,1990-06-23,1990,1990-09-29,0.3,1,0,0,15,27,15
Doc Box & B. Fresh,1990-07-21,1990,1990-10-27,0.3,1,0,0,15,51,15
Cynthia & Johnny O,1990-09-01,1990,1990-12-08,0.3,1,0,0,15,53,15
Iggy Pop,1990-11-24,1990,1991-03-02,0.3,1,0,0,15,28,15
Shawn Christopher,1991-02-16,1991,1992-04-18,1.2,2,0,0,15,67,7.5
Cynthia,1991-06-22,1991,1998-11-28,7.4,2,0,0,15,70,7.5
Shabba Ranks (Featuring Maxi Priest),1991-10-26,1991,1992-02-01,0.3,1,0,0,15,37,15
Voice Of The Beehive,1991-11-02,1991,1996-06-22,4.6,2,0,0,15,74,7.5
Redhead Kingpin & The F.B.I.,1992-03-28,1992,1992-07-04,0.3,1,0,0,15,52,15
The College Boyz,1992-05-23,1992,1992-08-29,0.3,1,0,0,15,68,15
Megadeth,1992-10-17,1992,1993-01-23,0.3,1,0,0,15,71,15
Wendy Moten,1993-02-20,1993,1993-05-29,0.3,1,0,0,15,55,15
Tasmin Archer,1993-04-17,1993,1993-07-24,0.3,1,0,0,15,32,15
Nightcrawlers,1993-10-02,1993,1994-01-08,0.3,1,0,0,15,80,15
Danzig,1994-02-12,1994,1994-05-21,0.3,1,0,0,15,43,15
The Conscious Daughters,1994-03-19,1994,1994-06-25,0.3,1,0,0,15,42,15
Morrissey,1994-03-19,1994,1994-06-25,0.3,1,0,0,15,46,15
FRENTE!,1994-04-23,1994,1994-07-30,0.3,1,0,0,15,49,15
Roula,1995-03-25,1995,1995-07-01,0.3,1,0,0,15,72,15
Redman/Method Man,1995-08-26,1995,1995-12-02,0.3,1,0,0,15,13,15
Shawn Stockman,1996-01-13,1996,1996-04-20,0.3,1,0,0,15,45,15
Kristine W,1996-06-01,1996,1996-09-07,0.3,1,0,0,15,78,15
Los Del Mar,1996-06-22,1996,1996-09-28,0.3,1,0,0,15,71,15
The Wonders,1996-10-12,1996,1997-01-18,0.3,1,0,0,15,41,15
Tru,1997-02-08,1997,1997-05-17,0.3,1,0,0,15,71,15
Laurnea,1997-06-28,1997,1997-10-04,0.3,1,0,0,15,55,15
The Beatnuts,1997-09-27,1997,1999-09-11,2.0,2,0,0,15,84,7.5
Anita Cochran (Duet,1998-01-03,1998,1998-04-11,0.3,1,0,0,15,59,15
Mono,1998-02-14,1998,1998-05-23,0.3,1,0,0,15,70,15
Canibus,1998-04-11,1998,1998-07-18,0.3,1,0,0,15,28,15
Tami Davis,1998-07-04,1998,1998-11-28,0.4,2,0,0,15,63,7.5
"Stars On 54: Ultra Nate, Amber, Jocelyn Enriquez",1998-08-29,1998,1999-02-27,0.5,1,0,0,15,52,15
Shyne,2000-09-09,2000,2000-12-16,0.3,1,0,0,15,57,15
Mark McGuinn,2001-03-24,2001,2001-06-30,0.3,1,0,0,15,44,15
Jimmy Cozier,2001-06-16,2001,2001-09-22,0.3,1,0,0,15,26,15
iio,2002-02-16,2002,2002-06-01,0.3,1,0,0,15,46,15
Obie Trice,2003-09-06,2003,2004-01-31,0.4,2,0,0,15,54,7.5
T.O.K.,2004-02-21,2004,2005-10-15,1.6,2,0,0,15,85,7.5
Body Head Bangerz,2004-10-30,2004,2005-02-05,0.3,1,0,0,15,81,15
Tony Yayo,2005-06-25,2005,2005-10-01,0.3,1,0,0,15,48,15
Relient K,2005-07-30,2005,2006-03-18,0.6,2,0,0,15,58,7.5
"Zac Efron, Andrew Seeley & Vanessa Anne Hudgens",2006-02-04,2006,2006-04-15,0.2,2,1,0,15,4,7.5
50 Cent & Olivia,2006-03-11,2006,2006-06-17,0.3,1,0,0,15,35,15
Feist,2007-09-29,2007,2008-01-19,0.3,1,1,0,15,8,15
Bow Wow & Omarion,2007-11-17,2007,2008-02-23,0.3,1,0,0,15,33,15
Heidi Newfield,2008-07-26,2008,2008-11-01,0.3,1,0,0,15,58,15
Slim,2008-09-13,2008,2008-12-20,0.3,1,0,0,15,49,15
The Rock Heroes,2008-10-04,2008,2009-01-31,0.3,1,0,0,15,29,15
Cage The Elephant,2009-06-20,2009,2011-04-09,1.8,2,0,0,15,78,7.5
Steel Magnolia,2010-03-20,2010,2010-06-26,0.3,1,0,0,15,68,15
Gyptian,2010-06-05,2010,2010-10-02,0.3,1,0,0,15,77,15
will.i.am & Nicki Minaj,2010-09-25,2010,2011-01-15,0.3,1,0,0,15,24,15
Sick Puppies,2010-12-11,2010,2011-03-19,0.3,1,0,0,15,56,15
Rita Ora,2012-06-09,2012,2014-09-20,2.3,2,0,0,15,62,7.5
Jonn Hart,2012-12-29,2012,2013-04-06,0.3,1,0,0,15,66,15
Hadouken!,2013-03-16,2013,2013-06-22,0.3,1,0,0,15,69,15
J. Dash,2013-04-06,2013,2013-09-28,0.5,1,0,0,15,51,15
SoMo,2014-01-25,2014,2014-05-03,0.3,1,0,0,15,76,15
K Camp,2015-08-22,2015,2015-11-28,0.3,1,0,0,15,54,15
J Balvin,2015-09-26,2015,2016-02-06,0.4,1,0,0,15,84,15
DLOW,2015-11-28,2015,2016-03-05,0.3,1,0,0,15,45,15
Robin Schulz,2016-01-23,2016,2016-04-30,0.3,1,0,0,15,44,15
Noah Cyrus,2016-12-17,2016,2017-04-08,0.3,1,0,0,15,46,15
Future & Juice WRLD,2018-11-03,2018,2019-01-26,0.2,3,0,0,15,26,5
"Layton Greene, Lil Baby, City Girls & PnB Rock",2019-10-19,2019,2020-01-25,0.3,1,0,0,15,60,15
DaniLeigh,2019-11-16,2019,2020-02-22,0.3,1,0,0,15,79,15
Baby Keem,2020-01-18,2020,2026-03-14,6.2,11,0,0,15,34,1.4
Travis Denning,2020-04-11,2020,2020-07-18,0.3,1,0,0,15,31,15
Marshmello & Halsey,2020-05-16,2020,2020-08-22,0.3,1,0,0,15,29,15
Ashley McBryde,2020-06-20,2020,2020-09-26,0.3,1,0,0,15,76,15
Conan Gray,2020-08-29,2020,2020-12-19,0.3,1,0,0,15,46,15
King Von,2020-11-21,2020,2022-03-19,1.3,8,0,0,15,47,1.9
Fireboy DML & Ed Sheeran,2022-02-12,2022,2022-05-21,0.3,1,0,0,15,53,15
Rosa Linn,2022-09-03,2022,2023-02-18,0.5,1,0,0,15,67,15
Bizarrap & Shakira,2023-01-28,2023,2023-05-13,0.3,1,1,0,15,9,15
Superstar Pride,2023-02-25,2023,2023-06-03,0.3,1,0,0,15,25,15
Julia Wolf,2026-03-21,2026,2026-08-22,0.4,1,0,0,15,57,15
Ye,2026-04-11,2026,2026-04-18,0.0,11,0,0,15,40,1.4
Billy Williams,1958-08-04,1958,1959-04-20,0.7,3,0,0,14,39,4.7
Cyril Stapleton And His Orchestra,1959-01-12,1959,1959-04-13,0.2,1,0,0,14,13,14
"Mitch Miller and his ""Sing Along",1959-01-12,1959,1959-04-13,0.2,1,0,0,14,16,14
Billy Storm,1959-04-13,1959,1959-07-13,0.2,1,0,0,14,28,14
Hugo & Luigi,1959-06-08,1959,1960-02-08,0.7,2,0,0,14,35,7
The Tempos,1959-06-29,1959,1959-09-28,0.2,1,0,0,14,23,14
Jerry Fuller,1959-08-31,1959,1961-10-16,2.1,4,0,0,14,63,3.5
The Spacemen,1959-10-19,1959,1960-01-18,0.2,1,0,0,14,41,14
Spencer Ross,1960-01-04,1960,1960-04-04,0.2,1,0,0,14,13,14
The Little Dippers,1960-01-25,1960,1960-04-25,0.2,1,1,0,14,9,14
The Beau-Marks,1960-05-16,1960,1960-08-15,0.2,1,0,0,14,45,14
Bob Luman,1960-09-05,1960,1960-12-05,0.2,1,1,0,14,7,14
Louis Prima,1960-11-14,1960,1961-02-13,0.2,1,0,0,14,15,14
Buzz Clifford,1961-01-09,1961,1961-04-10,0.2,1,1,0,14,6,14
Kokomo,1961-02-20,1961,1961-05-22,0.2,1,1,0,14,8,14
Don Shirley Trio,1961-07-17,1961,1961-10-16,0.2,1,0,0,14,40,14
Hayley Mills and Hayley Mills,1961-09-04,1961,1961-12-04,0.2,1,1,0,14,8,14
Jimmy Elledge,1961-11-13,1961,1962-02-17,0.3,1,0,0,14,22,14
Larry Finnegan,1962-02-24,1962,1962-05-26,0.2,1,0,0,14,11,14
Chubby Checker (with Dee Dee Sharp),1962-03-03,1962,1962-06-02,0.2,1,1,0,14,3,14
Bobby Gregg and His Friends,1962-03-17,1962,1962-07-21,0.3,2,0,0,14,29,7
Ernie Maresca,1962-03-31,1962,1962-06-30,0.2,1,1,0,14,6,14
Emilio Pericoli,1962-05-19,1962,1962-08-18,0.2,1,1,0,14,6,14
Baby Cortez,1962-07-14,1962,1962-10-13,0.2,1,1,0,14,10,14
Kris Jensen,1962-09-01,1962,1962-12-01,0.2,1,0,0,14,20,14
Herb Alpert And Tijuana Brass,1962-10-27,1962,1963-01-26,0.2,1,1,0,14,6,14
Joe Harnell And His Orchestra,1962-12-29,1962,1963-04-20,0.3,2,0,0,14,14,7
Bill Pursell,1963-02-02,1963,1963-05-04,0.2,1,1,0,14,9,14
Doris Troy,1963-06-08,1963,1963-09-07,0.2,1,1,0,14,10,14
The Murmaids,1963-11-23,1963,1964-02-22,0.2,1,1,0,14,3,14
Jumpin' Gene Simmons,1964-08-08,1964,1964-11-21,0.3,2,0,0,14,11,7
The Velvelettes,1964-10-17,1964,1965-03-06,0.4,2,0,0,14,45,7
Cannibal And The Headhunters,1965-02-27,1965,1965-05-29,0.2,1,0,0,14,30,14
Ian Whitcomb And Bluesville,1965-03-13,1965,1965-08-14,0.4,2,1,0,14,8,7
Horst Jankowski,1965-05-08,1965,1965-09-04,0.3,2,0,0,14,12,7
The Castaways,1965-08-14,1965,1965-11-13,0.2,1,0,0,14,12,14
Sonny,1965-08-21,1965,1965-12-18,0.3,2,1,0,14,10,7
Noel Harrison,1965-12-04,1965,1967-12-02,2.0,2,0,0,14,51,7
Tammi Terrell,1966-01-08,1966,1969-02-08,3.1,3,0,0,14,67,4.7
Ray Conniff And The Singers,1966-06-18,1966,1966-10-15,0.3,2,1,0,14,9,7
"""Groove"" Holmes",1966-06-25,1966,1966-10-15,0.3,2,0,0,14,44,7
Claudine Longet,1966-11-05,1966,1968-04-20,1.5,4,0,0,14,71,3.5
Spyder Turner,1966-12-17,1966,1967-04-01,0.3,2,0,0,14,12,7
Jon & Robin And The In Crowd,1967-05-06,1967,1968-04-06,0.9,2,0,0,14,18,7
Miriam Makeba,1967-10-07,1967,1968-02-10,0.3,2,0,0,14,12,7
The Rose Garden,1967-10-21,1967,1968-01-20,0.2,1,0,0,14,17,14
Wes Montgomery,1967-11-25,1967,1968-07-20,0.7,2,0,0,14,44,7
Lalo Schifrin,1968-01-06,1968,1968-04-06,0.2,1,0,0,14,41,14
Georgie Fame,1968-02-17,1968,1968-05-18,0.2,1,1,0,14,7,14
Tiny Tim,1968-05-18,1968,1969-02-22,0.8,3,0,0,14,17,4.7
Little Carl Carlton,1968-06-29,1968,1970-08-15,2.1,2,0,0,14,75,7
Bull & The Matadors,1968-08-24,1968,1968-11-23,0.2,1,0,0,14,39,14
Don Fardon,1968-08-31,1968,1973-04-21,4.6,2,0,0,14,20,7
Leapy Lee,1968-10-12,1968,1969-01-11,0.2,1,0,0,14,16,14
The Peppermint Rainbow,1969-01-18,1969,1969-05-17,0.3,1,0,0,14,32,14
The Flirtations,1969-03-08,1969,1969-06-07,0.2,1,0,0,14,34,14
Quicksilver Messenger Service,1969-08-09,1969,1971-03-13,1.6,3,0,0,14,49,4.7
The Glass House,1969-10-18,1969,1970-09-12,0.9,2,0,0,14,59,7
Guy Drake,1970-01-31,1970,1970-05-23,0.3,1,0,0,14,63,14
Crabby Appleton,1970-05-09,1970,1970-08-08,0.2,1,0,0,14,36,14
Alive & Kicking,1970-06-06,1970,1970-09-05,0.2,1,1,0,14,7,14
The Lost Generation,1970-06-06,1970,1970-09-05,0.2,1,0,0,14,30,14
Neil Young & Crazy Horse,1970-06-20,1970,1979-11-10,9.4,2,0,0,14,55,7
Paul Kelly,1970-07-04,1970,1973-02-24,2.6,2,0,0,14,49,7
Elephant's Memory,1970-08-08,1970,1970-11-07,0.2,1,0,0,14,50,14
Five Flights Up,1970-08-22,1970,1970-12-26,0.3,2,0,0,14,37,7
James Gang,1970-08-29,1970,1971-10-30,1.2,2,0,0,14,59,7
Redeye,1970-11-07,1970,1971-02-06,0.2,1,0,0,14,27,14
Wadsworth Mansion,1970-12-26,1970,1971-03-27,0.2,1,1,0,14,7,14
Richie Havens,1971-03-20,1971,1971-06-19,0.2,1,0,0,14,16,14
The Beginning Of The End,1971-05-08,1971,1971-08-07,0.2,1,0,0,14,15,14
Chee-Chee & Peppy,1971-05-29,1971,1971-10-16,0.4,1,0,0,14,49,14
Paul Stookey,1971-07-31,1971,1971-10-30,0.2,1,0,0,14,24,14
Heaven Bound,1971-09-04,1971,1972-02-05,0.4,2,0,0,14,79,7
Mickey Newbury,1971-11-06,1971,1973-08-04,1.7,2,0,0,14,26,7
Apollo,1972-01-01,1972,1972-04-01,0.2,1,1,0,14,6,14
Commander Cody & His Lost Planet Airmen,1972-03-25,1972,1972-06-24,0.2,1,1,0,14,9,14
Frederick Knight,1972-04-22,1972,1972-07-22,0.2,1,0,0,14,27,14
Godspell,1972-05-20,1972,1972-08-19,0.2,1,0,0,14,13,14
Mott The Hoople,1972-09-23,1972,1974-06-15,1.7,3,0,0,14,37,4.7
Blue Haze,1972-11-11,1972,1973-02-10,0.2,1,0,0,14,27,14
Deliverance/Eric Weissberg & Steve Mandell,1973-01-13,1973,1973-04-14,0.2,1,1,0,14,2,14
Lou Reed,1973-02-17,1973,1973-05-19,0.2,1,0,0,14,16,14
Tim Moore,1973-04-14,1973,1977-07-30,4.3,4,0,0,14,58,3.5
Ian Thomas,1973-10-27,1973,1974-01-26,0.2,1,0,0,14,34,14
Carl Graves,1974-12-07,1974,1977-05-14,2.4,2,0,0,14,50,7
Gwen McCrae,1975-05-17,1975,1975-08-16,0.2,1,1,0,14,9,14
New Birth,1975-05-24,1975,1975-09-13,0.3,2,0,0,14,36,7
The Road Apples,1975-09-27,1975,1976-01-24,0.3,1,0,0,14,35,14
Michel Polnareff,1976-02-21,1976,1976-07-10,0.4,2,0,0,14,48,7
Barry DeVorzon And Perry Botikin Jr.,1976-08-28,1976,1976-11-27,0.2,1,1,0,14,10,14
Mass Production,1977-02-19,1977,1979-10-06,2.6,2,0,0,14,43,7
Angel,1977-04-23,1977,1978-05-20,1.1,2,0,0,14,44,7
John Williams,1977-12-24,1977,1978-03-25,0.2,1,0,0,14,13,14
The Michael Zager Band,1978-03-04,1978,1978-06-03,0.2,1,0,0,14,36,14
Allan Clarke,1978-03-25,1978,1980-06-14,2.2,2,0,0,14,41,7
Louisiana's LeRoux,1978-06-24,1978,1978-09-23,0.2,1,0,0,14,59,14
Dan Fogelberg/Tim Weisberg,1978-10-14,1978,1979-01-13,0.2,1,0,0,14,24,14
Photoglo,1980-03-29,1980,1980-06-28,0.2,1,0,0,14,31,14
Rick Pinette & Oak,1980-05-10,1980,1980-08-09,0.2,1,0,0,14,36,14
Fred Knoblock,1980-06-28,1980,1980-09-27,0.2,1,0,0,14,18,14
Larsen-Feiten Band,1980-08-16,1980,1980-11-15,0.2,1,0,0,14,29,14
James Taylor & J.D. Souther,1981-03-14,1981,1981-06-13,0.2,1,0,0,14,11,14
Billy & The Beaters,1981-04-25,1981,1981-10-03,0.4,2,0,0,14,39,7
Joe Dolce,1981-05-02,1981,1981-08-01,0.2,1,0,0,14,53,14
Point Blank,1981-06-27,1981,1981-09-26,0.2,1,0,0,14,39,14
Chris Christian,1981-10-03,1981,1982-01-02,0.2,1,0,0,14,37,14
Bob & Doug McKenzie,1982-01-30,1982,1982-05-01,0.2,1,0,0,14,16,14
Duke Jupiter,1982-03-27,1982,1984-06-23,2.2,2,0,0,14,58,7
Sonny Charles,1982-11-13,1982,1983-02-12,0.2,1,0,0,14,40,14
Vandenberg,1983-01-08,1983,1983-04-09,0.2,1,0,0,14,39,14
Oxo,1983-02-19,1983,1983-05-21,0.2,1,0,0,14,28,14
The Call,1983-05-07,1983,1989-09-16,6.4,2,0,0,14,51,7
Elvis Costello And The Attractions,1983-08-20,1983,1983-11-19,0.2,1,0,0,14,36,14
Linda Ronstadt & The Nelson Riddle Orchestra,1983-10-29,1983,1984-01-28,0.2,1,0,0,14,53,14
Jump 'n The Saddle,1983-12-03,1983,1984-03-03,0.2,1,0,0,14,15,14
Vanity,1984-09-08,1984,1986-05-31,1.7,2,0,0,14,56,7
David Bowie & Mick Jagger,1985-08-31,1985,1985-11-30,0.2,1,1,0,14,7,14
Maurice White,1985-08-31,1985,1986-02-08,0.4,2,0,0,14,50,7
Bryan Adams/Tina Turner,1985-11-23,1985,1986-02-22,0.2,1,0,0,14,15,14
Meli'sa Morgan,1986-01-25,1986,1986-04-26,0.2,1,0,0,14,46,14
Jonathan Butler,1987-06-27,1987,1987-09-26,0.2,1,0,0,14,27,14
Dionne Warwick & Jeffrey Osborne,1987-07-11,1987,1987-10-10,0.2,1,0,0,14,12,14
Pepsi & Shirlie,1987-08-15,1987,1988-03-26,0.6,2,0,0,14,66,7
Glenn Jones,1987-10-31,1987,1988-01-30,0.2,1,0,0,14,66,14
Judson Spence,1988-10-15,1988,1989-01-14,0.2,1,0,0,14,32,14
Roachford,1989-04-15,1989,1989-07-15,0.2,1,0,0,14,25,14
Elvis Costello,1989-04-22,1989,1989-07-22,0.2,1,0,0,14,19,14
Billy Falcon,1991-08-17,1991,1991-11-16,0.2,1,0,0,14,35,14
K.M.C. KRU,1991-08-31,1991,1991-11-30,0.2,1,0,0,14,46,14
Laura Enea,1992-03-28,1992,1992-06-27,0.2,1,0,0,14,70,14
Good 2 Go,1992-05-09,1992,1992-08-08,0.2,1,0,0,14,64,14
A.L.T. And The Lost Civilization,1992-07-11,1992,1992-10-10,0.2,1,0,0,14,48,14
Classic Example,1992-11-14,1992,1993-02-13,0.2,1,0,0,14,68,14
Dolly Parton & Friends,1993-03-13,1993,1993-06-12,0.2,1,0,0,14,50,14
Prince Markie Dee And The Soul Convention,1993-04-03,1993,1993-07-03,0.2,1,0,0,14,64,14
The Goodmen,1993-11-27,1993,1994-02-26,0.2,1,0,0,14,71,14
Born Jamericans,1994-01-29,1994,1998-04-11,4.2,2,0,0,14,72,7
Juliet Roberts,1994-03-19,1994,1994-06-18,0.2,1,0,0,14,44,14
Miranda,1994-06-18,1994,1994-09-17,0.2,1,0,0,14,66,14
Ill Al Skratch,1994-09-24,1994,1994-12-24,0.2,1,0,0,14,62,14
E-40 (Featuring Leviti),1995-02-25,1995,1995-05-27,0.2,1,0,0,14,71,14
The Presidents Of The United States Of America,1996-03-09,1996,1996-06-08,0.2,1,0,0,14,29,14
Art N' Soul,1996-03-16,1996,1996-06-15,0.2,1,0,0,14,72,14
dog's eye view,1996-09-28,1996,1996-12-28,0.2,1,0,0,14,66,14
"2Pac, Notorious B.I.G., Radio, Dramacydal & Stretch",1997-02-01,1997,1997-05-10,0.3,1,0,0,14,81,14
Funky Green Dogs,1997-02-08,1997,1997-05-10,0.2,1,0,0,14,80,14
Refugee Camp All Stars,1997-09-20,1997,1997-12-20,0.2,1,0,0,14,35,14
Kimberly Scott,1997-12-13,1997,1998-03-14,0.2,1,0,0,14,58,14
Do Or Die,1998-03-28,1998,1998-06-27,0.2,1,0,0,14,62,14
Athenaeum,1998-08-01,1998,1998-10-31,0.2,1,0,0,14,58,14
Pressha,1998-09-05,1998,1998-12-05,0.2,1,0,0,14,27,14
BlackHawk,1998-12-05,1998,1999-03-06,0.2,1,0,0,14,41,14
Sawyer Brown,1999-02-27,1999,1999-05-29,0.2,1,0,0,14,44,14
Lil' Wayne,1999-12-04,1999,2001-10-06,1.8,2,0,0,14,72,7
Hoku,2000-02-19,2000,2000-05-20,0.2,1,0,0,14,27,14
Bilal,2001-01-27,2001,2001-04-28,0.2,1,0,0,14,71,14
"Jay-Z, Beanie Sigel And Memphis Bleek",2001-02-03,2001,2001-05-05,0.2,1,0,0,14,86,14
Olivia,2001-03-17,2001,2001-06-16,0.2,1,0,0,14,15,14
Eden's Crush,2001-03-31,2001,2001-06-30,0.2,1,1,0,14,8,14
Lil' Romeo,2001-05-19,2001,2001-08-18,0.2,1,1,0,14,3,14
Violator,2001-06-30,2001,2001-09-29,0.2,1,0,0,14,63,14
"Ludacris, LL Cool J & Keith Murray",2001-11-03,2001,2002-02-16,0.3,1,0,0,14,87,14
Sharissa,2002-02-09,2002,2002-05-11,0.2,1,0,0,14,72,14
Godsmack,2003-04-19,2003,2010-04-03,7.0,3,0,0,14,73,4.7
Ryan Duarte,2003-12-27,2003,2004-04-10,0.3,1,0,0,14,81,14
Kem,2005-05-21,2005,2005-08-27,0.3,1,0,0,14,84,14
Angels & Airwaves,2006-04-29,2006,2006-07-29,0.2,1,0,0,14,55,14
Ludacris Co-Starring Chris Brown & Sean Garrett,2008-09-13,2008,2008-12-13,0.2,1,0,0,14,33,14
GS Boyz,2009-02-21,2009,2009-05-23,0.2,1,0,0,14,49,14
Jay-Z + Swizz Beatz,2010-01-30,2010,2010-05-01,0.2,1,0,0,14,37,14
Big Time Rush,2010-05-15,2010,2012-07-14,2.2,4,0,0,14,72,3.5
Victorious Cast,2010-12-18,2010,2011-07-09,0.6,3,0,0,14,50,4.7
Game,2011-04-30,2011,2013-02-09,1.8,3,0,0,14,62,4.7
Bridgit Mendler,2011-05-07,2011,2013-01-26,1.7,2,0,0,14,49,7
Lauren Alaina,2011-06-11,2011,2017-04-29,5.9,2,0,0,14,20,7
Kiesza,2014-08-02,2014,2014-11-08,0.3,1,0,0,14,51,14
Kungs,2016-08-13,2016,2016-11-12,0.2,1,0,0,14,26,14
Martin Garrix & Dua Lipa,2017-02-18,2017,2017-06-24,0.3,1,0,0,14,76,14
Ozuna x Cardi B,2018-01-06,2018,2018-04-14,0.3,1,0,0,14,52,14
Keala Settle & The Greatest Showman Ensemble,2018-01-13,2018,2018-05-05,0.3,1,0,0,14,58,14
The Chainsmokers & Bebe Rexha,2019-06-15,2019,2019-09-14,0.2,1,0,0,14,56,14
"Jhay Cortez, J Balvin & Bad Bunny",2019-07-20,2019,2019-10-19,0.2,1,0,0,14,71,14
Brantley Gilbert + Lindsay Ell,2019-08-17,2019,2019-11-23,0.3,1,0,0,14,53,14
PARTYNEXTDOOR & Rihanna,2020-04-11,2020,2020-07-11,0.2,1,0,0,14,23,14
Young T & Bugsey,2020-05-16,2020,2020-08-22,0.3,1,0,0,14,56,14
"J Balvin, Dua Lipa, Bad Bunny & Tainy",2020-08-08,2020,2020-11-07,0.2,1,0,0,14,63,14
Money Man,2020-08-29,2020,2020-11-28,0.2,1,0,0,14,49,14
Shawn Mendes & Justin Bieber,2020-12-05,2020,2021-03-06,0.2,1,1,0,14,8,14
42 Dugg & Roddy Ricch,2021-04-17,2021,2021-07-24,0.3,1,0,0,14,67,14
"J. Cole, 21 Savage & Morray",2021-05-29,2021,2021-08-28,0.2,1,1,0,14,2,14
Diane Guerrero & Stephanie Beatriz,2022-01-15,2022,2022-04-16,0.2,1,0,0,14,27,14
Bad Bunny & Tony Dize,2022-05-21,2022,2022-09-10,0.3,1,0,0,14,32,14
Armani White,2022-09-17,2022,2023-01-14,0.3,1,0,0,14,58,14
"David Guetta, Anne-Marie & Coi Leray",2023-06-03,2023,2023-09-02,0.2,1,0,0,14,48,14
Peso Pluma & Grupo Frontera,2023-07-15,2023,2023-10-14,0.2,1,0,0,14,43,14
Drake & Central Cee,2023-08-12,2023,2026-05-30,2.8,2,0,0,14,23,7
"Nat ""King"" Cole",2023-12-30,2023,2026-01-03,2.0,1,1,0,14,6,14
Peso Pluma & Anitta,2023-12-30,2023,2024-03-30,0.2,1,0,0,14,53,14
Teddy Swims & GIVEON,2025-01-25,2025,2025-05-24,0.3,1,0,0,14,59,14
Scotty McCreery & Hootie & The Blowfish,2025-07-05,2025,2025-11-15,0.4,1,0,0,14,32,20
She & Him,2025-12-20,2025,2026-03-28,0.3,1,0,0,14,40,14
EsDeeKid,2025-12-27,2025,2026-03-28,0.2,1,0,0,14,28,14
Peso Pluma & Tito Double P,2026-01-10,2026,2026-05-02,0.3,4,0,0,14,52,3.5
F3miii,2026-05-16,2026,2026-08-22,0.3,1,0,0,14,53,14
Gordon MacRae,1958-09-15,1958,1958-12-08,0.2,1,0,0,13,18,13
Travis & Bob,1959-03-23,1959,1959-06-15,0.2,1,1,0,13,8,13
Edward Byrnes & Connie Stevens,1959-04-20,1959,1959-07-13,0.2,1,1,0,13,4,13
George Jones,1959-05-04,1959,1965-01-23,5.7,4,0,0,13,73,3.2
Ronnie Hawkins,1959-06-08,1959,1970-02-28,10.7,2,0,0,13,45,6.5
Jerry Keller,1959-06-29,1959,1959-09-21,0.2,1,0,0,13,14,13
Ray Sharpe,1959-07-20,1959,1959-10-12,0.2,1,0,0,13,46,13
Gene & Eunice,1959-08-24,1959,1959-11-30,0.3,1,0,0,13,48,13
Cliff Richard and The Drifters,1959-09-28,1959,1959-12-21,0.2,1,0,0,13,30,13
Fireballs,1959-09-28,1959,1959-12-21,0.2,1,0,0,13,39,13
The Islanders,1959-09-28,1959,1959-12-21,0.2,1,0,0,13,15,13
Tommy Facenda,1959-10-19,1959,1960-01-11,0.2,1,0,0,13,28,13
Bobby Comstock,1959-10-26,1959,1963-03-23,3.4,2,0,0,13,52,6.5
Dorothy Collins,1959-12-21,1959,1960-06-27,0.5,2,0,0,13,43,6.5
Henry Mancini,1960-04-04,1960,1960-06-27,0.2,1,0,0,13,21,13
Garry Miles,1960-06-20,1960,1960-09-12,0.2,1,0,0,13,16,13
Mantovani & His Orch.,1960-11-21,1960,1961-02-13,0.2,1,0,0,13,31,13
Rosie And The Originals,1960-12-12,1960,1961-03-06,0.2,1,1,0,13,5,13
Rochell And The Candles,1961-02-06,1961,1961-05-01,0.2,1,0,0,13,26,13
Donnie and The Dreamers,1961-05-01,1961,1961-07-31,0.2,2,0,0,13,35,6.5
Pips,1961-05-15,1961,1961-08-07,0.2,1,1,0,13,6,13
The Dukays,1961-05-15,1961,1961-08-07,0.2,1,0,0,13,64,13
Billy Joe & The Checkmates,1962-01-13,1962,1962-04-07,0.2,1,1,0,13,10,13
Jimmy Smith And The Big Band,1962-05-12,1962,1962-08-04,0.2,1,0,0,13,21,13
The Springfields,1962-08-04,1962,1962-11-24,0.3,2,0,0,13,20,6.5
Bunker Hill,1962-08-25,1962,1962-11-17,0.2,1,0,0,13,33,13
Lou Monte,1962-12-08,1962,1963-03-23,0.3,2,1,0,13,5,6.5
The Ran-Dells,1963-08-03,1963,1963-10-26,0.2,1,0,0,13,16,13
The Singing Nun (Soeur Sourire),1963-11-09,1963,1964-02-01,0.2,1,1,1,13,1,13
Joey Powers,1963-11-09,1963,1964-02-01,0.2,1,1,0,13,10,13
Hank Williams Jr.,1964-02-01,1964,1964-12-26,0.9,2,0,0,13,67,6.5
Tommy Tucker,1964-02-08,1964,1964-05-23,0.3,2,0,0,13,11,6.5
The Monarchs,1964-02-22,1964,1964-05-16,0.2,1,0,0,13,47,13
James Brown And His Orchestra,1964-05-02,1964,1964-10-17,0.5,3,0,0,13,24,4.3
Cilla Black,1964-07-04,1964,1966-09-10,2.2,3,0,0,13,26,4.3
The Nashville Teens,1964-09-12,1964,1965-03-20,0.5,2,0,0,13,14,6.5
The Waikikis,1964-12-05,1964,1965-04-24,0.4,2,0,0,13,33,6.5
Fontella Bass & Bobby McClure,1965-02-06,1965,1965-06-05,0.3,2,0,0,13,33,6.5
Mongo Santamaria,1965-03-06,1965,1969-12-06,4.8,3,0,0,13,32,4.3
Fred Hughes,1965-05-29,1965,1965-10-09,0.4,2,0,0,13,23,6.5
Jonathan King,1965-09-25,1965,1966-01-22,0.3,2,0,0,13,17,6.5
The Mad Lads,1965-10-23,1965,1969-08-09,3.8,3,0,0,13,74,4.3
Swingin' Medallions,1966-04-23,1966,1966-07-16,0.2,1,0,0,13,17,13
The Joe Cuba Sextet,1966-10-22,1966,1967-02-04,0.3,2,0,0,13,62,6.5
The Casinos,1967-01-14,1967,1967-04-08,0.2,1,1,0,13,6,13
Nancy Sinatra & Frank Sinatra,1967-03-18,1967,1967-06-10,0.2,1,1,1,13,1,13
The Hombres,1967-09-16,1967,1967-12-09,0.2,1,0,0,13,12,13
The Crazy World Of Arthur Brown,1968-09-07,1968,1968-11-30,0.2,1,1,0,13,2,13
Diana Ross And The Supremes & The Temptations,1968-12-07,1968,1969-03-01,0.2,1,1,0,13,2,13
Johnny Adams,1968-12-14,1968,1969-10-18,0.8,3,0,0,13,28,4.3
Nazz,1969-02-15,1969,1970-02-21,1.0,1,0,0,13,66,13
Crazy Elephant,1969-03-01,1969,1969-05-24,0.2,1,0,0,13,12,13
"Sonny Charles And The Checkmates, Ltd.",1969-05-10,1969,1969-08-02,0.2,1,0,0,13,13,13
Zager & Evans,1969-06-21,1969,1969-09-13,0.2,1,1,1,13,1,13
Motherlode,1969-08-09,1969,1969-11-01,0.2,1,0,0,13,18,13
John Ono Lennon,1970-02-28,1970,1970-05-23,0.2,1,1,0,13,3,13
Turley Richards,1970-04-04,1970,1980-03-08,9.9,3,0,0,13,54,4.3
Mungo Jerry,1970-07-11,1970,1970-10-03,0.2,1,1,0,13,3,13
Loretta Lynn,1970-12-05,1970,1975-04-12,4.4,3,0,0,13,70,4.3
Bloodrock,1971-01-02,1971,1971-03-27,0.2,1,0,0,13,36,13
The Raeletts,1971-03-13,1971,1971-06-05,0.2,1,0,0,13,58,13
The Ebonys,1971-06-12,1971,1973-08-11,2.2,2,0,0,13,51,6.5
Sha Na Na,1971-08-07,1971,1975-06-21,3.9,2,0,0,13,55,6.5
Paul & Linda McCartney,1971-08-14,1971,1971-11-06,0.2,1,1,1,13,1,13
Johnnie Taylor (The Soul Philosopher),1971-08-28,1971,1972-03-04,0.5,2,0,0,13,64,6.5
Peter Nero,1971-10-16,1971,1972-01-08,0.2,1,0,0,13,21,13
The Hillside Singers,1971-11-27,1971,1972-02-26,0.2,2,0,0,13,13,6.5
Buffy Sainte-Marie,1971-11-27,1971,1972-08-26,0.7,3,0,0,13,38,4.3
Sugar Bears,1972-03-11,1972,1972-06-03,0.2,1,0,0,13,51,13
Chi Coltrane,1972-09-02,1972,1972-11-25,0.2,1,0,0,13,17,13
Danny O'Keefe,1972-09-02,1972,1972-11-25,0.2,1,1,0,13,9,13
Brighter Side Of Darkness,1972-12-09,1972,1973-03-03,0.2,1,0,0,13,16,13
Joe Stampley,1973-01-06,1973,1973-03-31,0.2,1,0,0,13,37,13
Loudon Wainwright III,1973-01-27,1973,1973-04-21,0.2,1,0,0,13,16,13
Johnny Rodriguez,1973-06-23,1973,1974-05-25,0.9,3,0,0,13,70,4.3
Sister Janet Mead,1974-02-23,1974,1974-05-18,0.2,1,1,0,13,4,13
Polly Brown,1975-01-04,1975,1975-03-29,0.2,1,0,0,13,16,13
"Ramsey Lewis And Earth, Wind & Fire",1975-01-18,1975,1975-05-03,0.3,2,0,0,13,44,6.5
Paul Anka/Odia Coates,1975-07-26,1975,1975-10-18,0.2,1,0,0,13,15,13
Hagood Hardy,1975-12-20,1975,1976-03-13,0.2,1,0,0,13,41,13
"Hamilton, Joe Frank & Dennison",1976-07-17,1976,1976-12-18,0.4,2,0,0,13,67,6.5
Mary Kay Place As Loretta Haggers,1976-10-30,1976,1977-01-22,0.2,1,0,0,13,60,13
"Barry DeVorzon and Perry Botkin, Jr.",1976-12-04,1976,1977-02-19,0.2,2,1,0,13,8,6.5
Cerrone,1977-02-26,1977,1978-02-18,1.0,2,0,0,13,36,6.5
Q,1977-03-12,1977,1977-06-04,0.2,1,0,0,13,23,13
Celi Bee & The Buzzy Bunch,1977-06-11,1977,1977-09-03,0.2,1,0,0,13,41,13
The Ramones,1977-07-02,1977,1977-09-24,0.2,1,0,0,13,81,13
Alan Parsons,1977-08-20,1977,1977-11-12,0.2,1,0,0,13,36,13
Stillwater,1977-11-19,1977,1978-02-25,0.3,1,0,0,13,46,13
Karen Young,1978-09-16,1978,1978-12-16,0.2,1,0,0,13,67,13
Justin Hayward,1978-10-07,1978,1978-12-30,0.2,1,0,0,13,47,13
Musique,1978-10-21,1978,1979-01-13,0.2,1,0,0,13,58,13
Cooper Brothers,1978-10-28,1978,1979-01-20,0.2,1,0,0,13,48,13
Faith Band,1978-12-16,1978,1979-07-14,0.6,2,0,0,13,54,6.5
Sad Cafe,1979-01-13,1979,1981-09-05,2.6,2,0,0,13,71,6.5
Tycoon,1979-03-17,1979,1979-06-09,0.2,1,0,0,13,26,13
Liquid Gold,1979-04-28,1979,1983-09-24,4.4,2,0,0,13,45,6.5
Oak,1979-07-21,1979,1981-01-17,1.5,2,0,0,13,58,6.5
Niteflyte,1979-09-15,1979,1979-12-08,0.2,1,0,0,13,37,13
Andy Gibb & Olivia Newton-John,1980-03-29,1980,1980-06-21,0.2,1,0,0,13,12,13
James Last Band,1980-03-29,1980,1980-06-21,0.2,1,0,0,13,28,13
Red Rider,1980-04-05,1980,1984-07-21,4.3,2,0,0,13,48,6.5
John O'Banion,1981-03-28,1981,1981-06-20,0.2,1,0,0,13,24,13
Rex Smith/Rachel Sweet,1981-06-27,1981,1981-09-19,0.2,1,0,0,13,32,13
Silver Condor,1981-07-25,1981,1981-10-17,0.2,1,0,0,13,32,13
Junior,1982-02-13,1982,1982-05-08,0.2,1,0,0,13,30,13
Dionne Warwick & Johnny Mathis,1982-04-17,1982,1982-07-10,0.2,1,0,0,13,38,13
Lanier & Co.,1982-12-04,1982,1983-02-26,0.2,1,0,0,13,48,13
John Anderson,1983-03-05,1983,1983-05-28,0.2,1,0,0,13,43,13
Louise Tucker,1983-06-18,1983,1983-09-10,0.2,1,0,0,13,46,13
Dionne Warwick & Luther Vandross,1983-10-08,1983,1983-12-31,0.2,1,0,0,13,27,13
Nik Kershaw,1984-03-31,1984,1984-06-23,0.2,1,0,0,13,46,13
Romeo Void,1984-09-01,1984,1984-11-24,0.2,1,0,0,13,35,13
Krokus,1984-09-15,1984,1986-07-19,1.8,2,0,0,13,67,6.5
Nolan Thomas,1985-01-05,1985,1985-03-30,0.2,1,0,0,13,57,13
9.9,1985-08-24,1985,1985-11-16,0.2,1,0,0,13,51,13
Artists United Against Apartheid,1985-11-02,1985,1986-01-25,0.2,1,0,0,13,38,13
Jennifer Rush,1986-02-08,1986,1986-05-03,0.2,1,0,0,13,57,13
Wax,1986-03-15,1986,1986-06-07,0.2,1,0,0,13,43,13
Models,1986-04-26,1986,1986-07-19,0.2,1,0,0,13,37,13
Gwen Guthrie,1986-08-02,1986,1986-10-25,0.2,1,0,0,13,42,13
Paul Lekakis,1987-03-07,1987,1987-05-30,0.2,1,0,0,13,43,13
Partland Brothers,1987-05-02,1987,1987-07-25,0.2,1,0,0,13,27,13
Jennifer Rush (Duet,1987-05-16,1987,1987-08-08,0.2,1,0,0,13,36,13
INXS & Jimmy Barnes,1987-06-20,1987,1987-09-12,0.2,1,0,0,13,47,13
Curiosity Killed The Cat,1987-08-01,1987,1987-10-24,0.2,1,0,0,13,42,13
Shanice Wilson,1987-11-07,1987,1988-01-30,0.2,1,0,0,13,50,13
Buster Poindexter & His Banshees Of Blue,1987-12-12,1987,1988-03-05,0.2,1,0,0,13,45,13
Gene Loves Jezebel,1988-02-06,1988,1990-10-20,2.7,2,0,0,13,68,6.5
Cheryl Pepsii Riley,1988-10-29,1988,1989-01-21,0.2,1,0,0,13,32,13
The Timelords,1988-12-17,1988,1989-03-11,0.2,1,0,0,13,66,13
One 2 Many,1989-03-25,1989,1989-06-17,0.2,1,0,0,13,37,13
Stage Dolls,1989-07-29,1989,1989-10-21,0.2,1,0,0,13,46,13
Lil Louis,1989-10-21,1989,1990-01-13,0.2,1,0,0,13,50,13
Beats International,1990-04-14,1990,1990-10-13,0.5,2,0,0,13,76,6.5
Brent Bourgeois,1990-04-28,1990,1990-07-21,0.2,1,0,0,13,32,13
Danger Danger,1990-06-02,1990,1990-08-25,0.2,1,0,0,13,49,13
Seiko & Donnie Wahlberg,1990-06-16,1990,1990-09-08,0.2,1,0,0,13,54,13
2nu,1990-12-22,1990,1991-03-16,0.2,1,0,0,13,46,13
Kane Roberts,1991-04-27,1991,1991-07-20,0.2,1,0,0,13,38,13
Thunder,1991-06-01,1991,1991-08-24,0.2,1,0,0,13,55,13
3rd Bass,1991-07-13,1991,1991-10-05,0.2,1,0,0,13,29,13
Hi-C,1991-08-17,1991,1991-11-09,0.2,1,0,0,13,63,13
Russ Irwin,1991-09-14,1991,1991-12-07,0.2,1,0,0,13,28,13
Blue Train,1991-10-05,1991,1991-12-28,0.2,1,0,0,13,46,13
Voyce,1991-11-30,1991,1992-02-22,0.2,1,0,0,13,77,13
Boss,1993-04-24,1993,1993-07-17,0.2,1,0,0,13,65,13
James,1994-02-05,1994,1994-04-30,0.2,1,0,0,13,61,13
Cracker,1994-04-09,1994,1994-07-02,0.2,1,0,0,13,64,13
Ovis,1994-04-23,1994,1994-07-16,0.2,1,0,0,13,72,13
E-40 (Featuring Suga T),1995-06-24,1995,1995-09-16,0.2,1,0,0,13,44,13
Scatman John,1995-08-19,1995,1995-11-11,0.2,1,0,0,13,60,13
The Click,1995-11-11,1995,1996-02-03,0.2,1,0,0,13,63,13
Horace Brown,1996-03-30,1996,1996-08-10,0.4,2,0,0,13,62,6.5
Puff Johnson,1996-05-18,1996,1996-08-10,0.2,1,0,0,13,63,13
Alfonzo Hunter,1996-11-02,1996,1997-04-12,0.4,2,0,0,13,85,6.5
Suga Free,1997-05-24,1997,1997-08-16,0.2,1,0,0,13,79,13
Veronica (Featuring Craig Mack),1997-05-31,1997,1997-08-23,0.2,1,0,0,13,66,13
Abra Moore,1997-07-19,1997,1997-10-11,0.2,1,0,0,13,63,13
Peach Union,1997-09-20,1997,1997-12-13,0.2,1,0,0,13,39,13
Sting & The Police,1997-12-27,1997,1998-03-21,0.2,1,0,0,13,59,13
Ol Skool [Featuring Keith Sweat & Xscape],1998-02-07,1998,1998-05-02,0.2,1,0,0,13,31,13
Dakota Moon,1998-03-21,1998,1998-06-13,0.2,1,0,0,13,69,13
Noreaga,1998-09-12,1998,1998-12-05,0.2,1,0,0,13,36,13
Drama,2000-02-12,2000,2000-05-06,0.2,1,0,0,13,73,13
Hot Boys,2000-02-19,2000,2000-05-13,0.2,1,0,0,13,65,13
Stone Temple Pilots,2000-07-08,2000,2000-09-30,0.2,1,0,0,13,78,13
Lil' Zane,2000-07-29,2000,2000-10-21,0.2,1,0,0,13,21,13
Cash Money Millionaires,2000-12-16,2000,2001-03-10,0.2,1,0,0,13,47,13
Memphis Bleek,2000-12-16,2000,2001-03-10,0.2,1,0,0,13,68,13
Gigi D'Agostino,2001-08-04,2001,2001-11-10,0.3,1,0,0,13,78,13
Corey,2002-01-26,2002,2002-04-20,0.2,1,0,0,13,63,13
Pilar Montenegro,2002-05-25,2002,2002-08-17,0.2,1,0,0,13,74,13
Sleepy Brown,2004-02-21,2004,2004-05-15,0.2,1,0,0,13,40,13
Yung Wun,2004-04-24,2004,2004-07-17,0.2,1,0,0,13,76,13
Webstar & Young B,2006-09-23,2006,2007-01-13,0.3,1,0,0,13,45,13
Regina Spektor,2006-12-30,2006,2007-04-07,0.3,1,0,0,13,51,13
Ashley Tisdale,2007-01-27,2007,2009-05-02,2.3,4,0,0,13,58,3.2
Cupid,2007-07-21,2007,2007-10-13,0.2,1,0,0,13,66,13
Raheem DeVaughn,2008-03-15,2008,2008-06-21,0.3,2,0,0,13,76,6.5
Shwayze,2008-06-21,2008,2008-09-27,0.3,2,0,0,13,23,6.5
Marvin Sapp,2008-06-28,2008,2008-09-20,0.2,1,0,0,13,82,13
The Lost Trailers,2008-07-19,2008,2008-10-11,0.2,1,0,0,13,66,13
A R Rahman & The Pussycat Dolls,2009-03-07,2009,2009-05-30,0.2,1,0,0,13,15,13
Phoenix,2009-12-19,2009,2010-04-03,0.3,1,0,0,13,84,13
Auburn,2010-07-31,2010,2010-10-23,0.2,1,0,0,13,51,13
Nicole Scherzinger,2011-06-04,2011,2011-09-03,0.2,2,0,0,13,39,6.5
Driicky Graham,2012-06-30,2012,2012-09-22,0.2,1,0,0,13,73,13
The Swon Brothers,2013-06-29,2013,2014-10-25,1.3,4,0,0,13,66,3.2
Cash Cash,2014-02-01,2014,2014-04-26,0.2,1,0,0,13,57,13
Hillsong UNITED,2014-02-01,2014,2014-05-03,0.2,1,0,0,13,83,13
Dwayne Johnson,2016-12-17,2016,2017-05-20,0.4,1,0,0,13,65,13
Logic & Marshmello,2018-03-17,2018,2018-06-09,0.2,1,0,0,13,29,13
David Lee Murphy & Kenny Chesney,2018-05-05,2018,2018-07-28,0.2,1,0,0,13,66,13
Roddy Ricch & Gunna,2019-11-09,2019,2020-02-22,0.3,1,0,0,13,56,13
"THE SCOTTS, Travis Scott & Kid Cudi",2020-05-09,2020,2020-08-01,0.2,1,1,1,13,1,13
Topic & A7S,2020-08-01,2020,2020-10-31,0.2,1,0,0,13,53,13
Black Eyed Peas X Shakira,2021-01-16,2021,2021-04-17,0.2,1,0,0,13,67,13
Erica Banks,2021-01-23,2021,2021-04-17,0.2,1,0,0,13,47,13
Yung Miami,2021-11-13,2021,2026-08-22,4.8,2,0,0,13,17,6.5
Rosalia,2021-11-27,2021,2022-11-05,0.9,2,0,0,13,63,6.5
"Dierks Bentley, Breland & HARDY",2022-01-08,2022,2022-05-21,0.4,1,0,0,13,40,20
Lizzy McAlpine,2023-03-04,2023,2023-05-27,0.2,1,0,0,13,54,13
Chino Pacas,2023-04-01,2023,2023-06-24,0.2,1,0,0,13,58,13
YG Marley,2024-02-10,2024,2024-05-04,0.2,1,0,0,13,34,13
Koe Wetzel,2024-06-01,2024,2024-08-24,0.2,1,0,0,13,35,13
Hanumankind X Kalmi,2024-08-10,2024,2024-11-02,0.2,1,0,0,13,23,13
"Metro Boomin, Quavo, Breskii & YKNIECE",2025-11-15,2025,2026-02-07,0.2,1,0,0,13,51,13
"David Guetta, Teddy Swims & Tones And I",2025-12-13,2025,2026-03-07,0.2,1,0,0,13,51,13
Chuck Willis,1958-08-04,1958,1958-09-15,0.1,2,0,0,12,25,6
The Slades,1958-08-04,1958,1958-11-03,0.2,1,0,0,12,42,12
The Quin-Tones,1958-08-18,1958,1958-11-03,0.2,1,0,0,12,20,12
Gogi Grant,1958-08-25,1958,1961-06-19,2.8,2,0,0,12,50,6
The Nu Tornados,1958-11-17,1958,1959-02-02,0.2,1,0,0,12,26,12
The Accents,1958-12-22,1958,1959-03-16,0.2,1,0,0,12,51,12
Jesse Lee Turner,1959-01-05,1959,1959-03-23,0.2,1,0,0,12,20,12
The Mark IV,1959-01-26,1959,1959-04-13,0.2,1,0,0,12,24,12
Jimmy Barnes,1959-03-09,1959,1988-07-16,29.4,3,0,0,12,74,4
Tommy Dee,1959-03-30,1959,1959-06-15,0.2,1,0,0,12,11,12
Sil Austin,1959-06-01,1959,1959-08-17,0.2,1,0,0,12,59,12
Andre Previn,1959-06-01,1959,1959-08-31,0.2,1,0,0,12,46,12
Jacky Noguez And His Musette Orchestra,1959-06-22,1959,1959-09-07,0.2,1,0,0,12,24,12
Rock-A-Teens,1959-10-05,1959,1959-12-21,0.2,1,0,0,12,16,12
Narvel Felts,1960-02-08,1960,1976-06-12,16.3,3,0,0,12,62,4
Al Brown's Tunetoppers,1960-04-04,1960,1960-06-20,0.2,1,0,0,12,23,12
Deane Hawley,1960-06-20,1960,1961-10-02,1.3,2,0,0,12,29,6
Cowboy Copas,1960-09-26,1960,1960-12-12,0.2,1,0,0,12,63,12
Jimmy Charles,1960-12-05,1960,1961-02-27,0.2,1,0,0,12,47,12
Hank Snow,1960-12-05,1960,1962-11-24,2.0,2,0,0,12,68,6
Paul Dino,1961-01-23,1961,1961-04-17,0.2,1,0,0,12,38,12
Cathy Jean and The Roommates,1961-02-27,1961,1961-05-15,0.2,1,0,0,12,12,12
The Marathons,1961-04-24,1961,1961-07-10,0.2,1,0,0,12,20,12
The Dreamlovers,1961-07-31,1961,1961-10-16,0.2,1,1,0,12,10,12
Gene Thomas,1961-10-30,1961,1964-01-11,2.2,2,0,0,12,53,6
Charlie Drake,1962-01-13,1962,1962-03-31,0.2,1,0,0,12,21,12
Ronnie and The Hi-Lites,1962-03-31,1962,1962-06-16,0.2,1,0,0,12,16,12
Dr. Feelgood And The Interns,1962-04-21,1962,1962-08-18,0.3,2,0,0,12,66,6
Nathaniel Mayer And The Fabulous Twilights,1962-04-28,1962,1962-07-14,0.2,1,0,0,12,22,12
The Volume's,1962-04-28,1962,1962-07-14,0.2,1,0,0,12,22,12
Nelson Riddle,1962-06-02,1962,1962-08-18,0.2,1,0,0,12,30,12
James Gilreath,1963-03-23,1963,1963-06-08,0.2,1,0,0,12,21,12
The Dartells,1963-04-13,1963,1963-08-24,0.4,2,0,0,12,11,6
The Five Du-Tones,1963-05-18,1963,1963-08-03,0.2,1,0,0,12,51,12
Dave Dudley,1963-06-08,1963,1963-10-12,0.3,2,0,0,12,32,6
The Jaynetts,1963-08-31,1963,1963-11-16,0.2,1,1,0,12,2,12
Sunny & The Sunglows,1963-09-07,1963,1963-11-23,0.2,1,0,0,12,11,12
Sunny & The Sunliners,1963-11-16,1963,1964-03-21,0.3,2,0,0,12,45,6
Ginny Arnell,1963-11-16,1963,1964-02-08,0.2,1,0,0,12,50,12
Stan Getz/Astrud Gilberto,1964-06-06,1964,1964-08-22,0.2,1,1,0,12,5,12
Reparata And The Delrons,1965-01-09,1965,1965-05-22,0.4,2,0,0,12,60,6
Radiants,1965-05-08,1965,1968-07-20,3.2,2,0,0,12,68,6
The Gants,1965-09-25,1965,1965-12-11,0.2,1,0,0,12,46,12
Roy Head,1965-10-30,1965,1971-06-26,5.7,4,0,0,12,39,3
The C.O.D.'s,1965-11-27,1965,1966-02-12,0.2,1,0,0,12,41,12
Lowell Fulsom,1965-12-25,1965,1967-04-08,1.3,3,0,0,12,52,4
Red Sovine,1966-01-08,1966,1976-09-18,10.7,2,0,0,12,40,6
Count Five,1966-09-10,1966,1966-11-26,0.2,1,1,0,12,5,12
Margaret Whiting,1966-10-08,1966,1967-06-03,0.7,2,0,0,12,26,6
Tamiko Jones,1966-11-12,1966,1975-06-07,8.6,2,0,0,12,60,6
Freddy Scott,1966-12-24,1966,1967-03-11,0.2,1,0,0,12,39,12
"The Sopwith ""Camel""",1966-12-24,1966,1967-04-08,0.3,2,0,0,12,26,6
Bob Crewe Generation,1966-12-31,1966,1967-11-04,0.8,2,0,0,12,15,6
Ruby Andrews,1967-08-26,1967,1969-08-09,2.0,3,0,0,12,51,4
Al Greene & The Soul Mate's,1967-12-09,1967,1968-02-24,0.2,1,0,0,12,41,12
Henson Cargill,1967-12-23,1967,1968-03-09,0.2,1,0,0,12,25,12
Jackie Wilson & Count Basie,1968-02-17,1968,1968-05-25,0.3,2,0,0,12,49,6
The Amboy Dukes,1968-06-29,1968,1968-09-14,0.2,1,0,0,12,16,12
Max Frost And The Troopers,1968-09-07,1968,1968-11-23,0.2,1,0,0,12,22,12
Magic Lanterns,1968-10-26,1968,1969-01-11,0.2,1,0,0,12,29,12
The Bubble Puppy,1969-02-15,1969,1969-05-03,0.2,1,0,0,12,14,12
Supremes & Temptations,1969-03-15,1969,1969-10-11,0.6,2,0,0,12,25,6
The Neon Philharmonic,1969-04-05,1969,1969-06-21,0.2,1,0,0,12,17,12
The Joe Jeffrey Group,1969-06-07,1969,1969-08-23,0.2,1,0,0,12,14,12
The Electric Indian,1969-08-02,1969,1969-12-13,0.4,2,0,0,12,16,6
Harlow Wilcox and the Oakies,1969-10-11,1969,1969-12-27,0.2,1,0,0,12,30,12
Michael Parks,1970-02-28,1970,1970-05-16,0.2,1,0,0,12,20,12
John Phillips,1970-05-16,1970,1970-08-01,0.2,1,0,0,12,32,12
Pickettywitch,1970-05-16,1970,1970-08-01,0.2,1,0,0,12,67,12
The Pipkins,1970-05-23,1970,1970-08-08,0.2,1,1,0,12,9,12
Al DeLory,1970-06-13,1970,1970-09-05,0.2,1,0,0,12,70,12
The Grateful Dead,1970-08-08,1970,1975-11-22,5.3,2,0,0,12,69,6
Teegarden & Van Winkle,1970-09-19,1970,1970-12-26,0.3,2,0,0,12,22,6
Bobby Byrd,1970-10-24,1970,1972-03-11,1.4,3,0,0,12,69,4
Liz Damon's Orient Express,1970-12-26,1970,1971-03-13,0.2,1,0,0,12,33,12
The Ray Charles Orchestra,1971-03-20,1971,1971-06-05,0.2,1,0,0,12,36,12
Seatrain,1971-04-03,1971,1971-06-19,0.2,1,0,0,12,49,12
Sounds Of Sunshine,1971-05-29,1971,1971-08-14,0.2,1,0,0,12,39,12
Freddie North,1971-10-02,1971,1971-12-18,0.2,1,0,0,12,39,12
Les Crane,1971-10-09,1971,1971-12-25,0.2,1,1,0,12,8,12
Malo,1972-03-04,1972,1972-05-20,0.2,1,0,0,12,18,12
Flash,1972-06-24,1972,1972-09-09,0.2,1,0,0,12,29,12
Clean Living,1972-11-04,1972,1973-01-20,0.2,1,0,0,12,49,12
The Mystic Moods,1973-04-21,1973,1975-08-16,2.3,2,0,0,12,83,6
Charlie Daniels,1973-06-30,1973,1973-09-15,0.2,1,1,0,12,9,12
Cross Country,1973-08-18,1973,1973-11-03,0.2,1,0,0,12,30,12
Gregg Allman,1973-12-22,1973,1974-03-09,0.2,1,0,0,12,19,12
The De Franco Family,1973-12-29,1973,1974-03-16,0.2,1,0,0,12,32,12
Byron MacGregor,1974-01-05,1974,1974-03-23,0.2,1,1,0,12,4,12
Natural Four,1974-01-05,1974,1974-06-01,0.4,2,0,0,12,31,6
Charlie Ross,1975-01-18,1975,1976-04-10,1.2,2,0,0,12,42,6
Consumer Rapport,1975-04-19,1975,1975-07-26,0.3,1,0,0,12,42,12
Ron Banks And The Dramatics,1975-05-03,1975,1975-12-06,0.6,2,0,0,12,47,6
Justin Hayward & John Lodge,1975-05-17,1975,1976-01-10,0.7,2,0,0,12,47,6
Melba Moore,1976-04-24,1976,1979-03-03,2.9,2,0,0,12,47,6
Cyndi Grecco,1976-05-08,1976,1976-07-24,0.2,1,0,0,12,25,12
Leon & Mary Russell,1976-06-19,1976,1976-09-04,0.2,1,0,0,12,52,12
John Handy,1976-06-26,1976,1976-10-02,0.3,1,0,0,12,46,12
Lady Flash,1976-07-17,1976,1976-10-02,0.2,1,0,0,12,27,12
John Valenti,1976-09-04,1976,1976-11-20,0.2,1,0,0,12,37,12
The Rubinoos,1977-03-05,1977,1977-05-21,0.2,1,0,0,12,45,12
Lenny LeBlanc,1977-09-03,1977,1981-05-09,3.7,2,0,0,12,55,6
Jane Olivor,1977-09-10,1977,1978-07-15,0.8,2,0,0,12,77,6
Fotomaker,1978-04-22,1978,1979-01-06,0.7,2,0,0,12,63,6
Celebration,1978-04-29,1978,1978-07-15,0.2,1,0,0,12,28,12
City Boy,1978-08-12,1978,1978-10-28,0.2,1,0,0,12,27,12
Paul Stanley,1978-11-04,1978,1979-01-20,0.2,1,0,0,12,46,12
Gonzalez,1979-01-06,1979,1979-03-24,0.2,1,0,0,12,26,12
Giorgio Moroder,1979-01-20,1979,1979-04-07,0.2,1,0,0,12,33,12
Chuck Brown & The Soul Searchers,1979-02-03,1979,1979-04-21,0.2,1,0,0,12,34,12
Delegation,1979-02-03,1979,1979-04-21,0.2,1,0,0,12,45,12
Alton McClain & Destiny,1979-04-07,1979,1979-06-23,0.2,1,0,0,12,32,12
Bram Tchaikovsky,1979-07-07,1979,1979-09-22,0.2,1,0,0,12,37,12
Ian Gomm,1979-09-01,1979,1979-11-17,0.2,1,0,0,12,18,12
Tom Johnston,1979-11-17,1979,1980-02-02,0.2,1,0,0,12,34,12
Joyce Cobb,1979-11-24,1979,1980-02-09,0.2,1,0,0,12,42,12
Kurtis Blow,1980-09-06,1980,1985-05-18,4.7,2,0,0,12,71,6
Rockpile,1980-11-22,1980,1981-02-07,0.2,1,0,0,12,51,12
Cheri,1982-04-10,1982,1982-06-26,0.2,1,0,0,12,39,12
The Frank Barber Orch.,1982-05-08,1982,1982-07-24,0.2,1,0,0,12,61,12
Larry Elgart And His Manhattan Swing Orchestra,1982-06-05,1982,1982-08-21,0.2,1,0,0,12,31,12
Felony,1983-02-12,1983,1983-04-30,0.2,1,0,0,12,42,12
Robert Ellis Orral,1983-03-26,1983,1983-06-11,0.2,1,0,0,12,32,12
Sparks & Jane Wiedlin,1983-04-16,1983,1983-07-02,0.2,1,0,0,12,49,12
Nona Hendryx,1983-06-04,1983,1987-07-18,4.1,2,0,0,12,58,6
Smokey Robinson & Barbara Mitchell,1983-07-02,1983,1983-09-17,0.2,1,0,0,12,48,12
Icicle Works,1984-04-21,1984,1984-07-07,0.2,1,0,0,12,37,12
Joyce Kennedy & Jeffrey Osborne,1984-08-18,1984,1984-11-03,0.2,1,0,0,12,40,12
Maria Vidal,1984-09-08,1984,1984-11-24,0.2,1,0,0,12,48,12
David Bowie/Pat Metheny Group,1985-02-02,1985,1985-04-20,0.2,1,0,0,12,32,12
Graham Parker & The Shot,1985-05-04,1985,1985-07-20,0.2,1,0,0,12,39,12
Billy Crystal,1985-07-27,1985,1985-10-12,0.2,1,0,0,12,58,12
John Taylor,1986-03-08,1986,1986-05-24,0.2,1,0,0,12,23,12
Trans-X,1986-05-10,1986,1986-07-26,0.2,1,0,0,12,61,12
Art Of Noise,1986-08-16,1986,1986-11-01,0.2,1,0,0,12,34,12
Ann Wilson,1986-11-29,1986,1987-02-14,0.2,1,0,0,12,61,12
Deja,1987-11-21,1987,1988-02-06,0.2,1,0,0,12,54,12
E.U.,1988-04-16,1988,1988-07-02,0.2,1,0,0,12,35,12
Barbra Streisand & Don Johnson,1988-10-22,1988,1989-01-07,0.2,1,0,0,12,25,12
Camouflage,1988-12-24,1988,1989-03-11,0.2,1,0,0,12,59,12
Fiona (Duet,1989-11-25,1989,1990-02-10,0.2,1,0,0,12,52,12
Kaoma,1990-03-03,1990,1990-05-19,0.2,1,0,0,12,46,12
Electronic,1990-03-31,1990,1990-06-16,0.2,1,0,0,12,38,12
Joey Kid,1990-05-05,1990,1990-07-21,0.2,1,0,0,12,70,12
Tiana,1990-07-14,1990,1990-09-29,0.2,1,0,0,12,81,12
Indecent Obsession,1990-07-28,1990,1990-10-13,0.2,1,0,0,12,31,12
Stacy Earl (Featuring The Wild Pair),1992-02-22,1992,1992-05-09,0.2,1,0,0,12,27,12
Rodney O & Joe Cooley,1993-06-19,1993,1993-07-31,0.1,2,0,0,12,84,6
Legacy Of Sound,1993-07-24,1993,1993-10-09,0.2,1,0,0,12,68,12
Dawn Penn,1994-02-26,1994,1994-05-14,0.2,1,0,0,12,58,12
The Crooklyn Dodgers,1994-05-21,1994,1994-08-06,0.2,1,0,0,12,60,12
For Real,1994-10-15,1994,1996-12-07,2.1,2,0,0,12,72,6
Freedy Johnston,1994-12-24,1994,1995-03-11,0.2,1,0,0,12,54,12
Channel Live,1995-02-04,1995,1995-04-22,0.2,1,0,0,12,54,12
Kool G Rap,1995-12-02,1995,1996-02-17,0.2,1,0,0,12,74,12
Tina Arena,1996-04-20,1996,1996-07-06,0.2,1,0,0,12,38,12
RZA,1996-08-17,1996,1996-11-02,0.2,1,0,0,12,60,12
Changing Faces (Featuring Jay-Z),1997-11-08,1997,1998-01-24,0.2,1,0,0,12,65,12
BeBe Winans,1997-11-22,1997,1998-02-07,0.2,1,0,0,12,83,12
S.O.A.P.,1998-04-18,1998,1998-07-04,0.2,1,0,0,12,51,12
Lari White,1998-07-11,1998,1998-09-26,0.2,1,0,0,12,73,12
Memphis Bleek (& Jay-Z),1998-08-08,1998,1998-10-24,0.2,1,0,0,12,61,12
Pure Sugar,1998-08-08,1998,1998-10-24,0.2,1,0,0,12,66,12
Trina & Tamara,1999-04-03,1999,1999-06-19,0.2,1,0,0,12,56,12
Cam'ron,1999-06-26,1999,2000-12-16,1.5,2,0,0,12,83,6
Coko,1999-07-24,1999,1999-10-09,0.2,1,0,0,12,70,12
Lil' Troy,1999-08-14,1999,1999-10-30,0.2,1,0,0,12,70,12
Beth Hart,1999-11-27,1999,2000-02-12,0.2,1,0,0,12,90,12
"Ginuwine, R.L., Tyrese, Case",2000-01-08,2000,2000-03-25,0.2,1,0,0,12,77,12
Bloodhound Gang,2000-03-18,2000,2000-06-03,0.2,1,0,0,12,52,12
Splender,2000-06-10,2000,2000-08-26,0.2,1,0,0,12,62,12
The Clark Family Experience,2000-11-18,2000,2001-02-03,0.2,1,0,0,12,80,12
Mos Def & Pharoahe Monch,2000-12-23,2000,2001-03-10,0.2,1,0,0,12,83,12
Project Pat,2001-03-03,2001,2001-05-19,0.2,1,0,0,12,87,12
"P. Diddy, Black Rob & Mark Curry",2001-07-28,2001,2001-10-13,0.2,1,0,0,12,33,12
The Wiseguys,2001-08-04,2001,2001-10-20,0.2,1,0,0,12,31,12
Sum 41,2001-09-01,2001,2001-12-22,0.3,1,0,0,12,66,12
Method Man & Redman,2001-12-22,2001,2002-03-09,0.2,1,0,0,12,72,12
Panjabi MC,2003-04-12,2003,2003-06-28,0.2,1,0,0,12,33,12
Jeff Bates,2003-05-24,2003,2003-08-09,0.2,1,0,0,12,59,12
Dwele,2003-09-20,2003,2003-12-06,0.2,1,0,0,12,93,12
Julie Roberts,2004-07-17,2004,2004-10-02,0.2,1,0,0,12,81,12
Mannie Fresh,2004-10-16,2004,2005-01-15,0.2,1,0,0,12,79,12
Boyz N Da Hood,2005-06-25,2005,2005-09-10,0.2,1,0,0,12,56,12
"Damian ""Jr. Gong"" Marley",2005-07-30,2005,2005-10-15,0.2,1,0,0,12,55,12
Cast Of Rent,2005-08-20,2005,2006-01-21,0.4,1,0,0,12,33,12
Taylor Hicks,2006-06-10,2006,2006-08-19,0.2,2,1,1,12,1,6
Paris Hilton,2006-07-08,2006,2006-09-23,0.2,1,0,0,12,18,12
Lil' Boosie,2006-12-16,2006,2007-03-03,0.2,1,0,0,12,61,12
Bobby V,2009-01-03,2009,2009-04-04,0.2,1,0,0,12,55,12
Jessie James,2009-05-30,2009,2009-09-05,0.3,1,0,0,12,40,12
Sunny Sweeney,2011-01-22,2011,2011-04-09,0.2,1,0,0,12,71,12
Michel Telo,2012-04-14,2012,2012-07-07,0.2,1,0,0,12,81,12
Kygo,2015-10-03,2015,2018-10-06,3.0,2,0,0,12,63,6
Becky G + Natti Natasha,2018-06-16,2018,2018-09-08,0.2,1,0,0,12,70,12
Calvin Harris & Sam Smith,2018-09-01,2018,2018-11-17,0.2,1,0,0,12,65,12
Kanye West & Lil Pump,2018-09-22,2018,2018-12-08,0.2,1,1,0,12,6,12
Khalid & Kane Brown,2018-11-03,2018,2019-05-04,0.5,1,0,0,12,57,12
Ariana Grande & Social House,2019-08-17,2019,2019-11-02,0.2,1,1,0,12,8,12
Idina Menzel & AURORA,2019-12-07,2019,2020-04-11,0.3,1,0,0,12,46,12
Lil Durk & King Von,2021-01-09,2021,2021-03-27,0.2,1,0,0,12,53,12
Bella Poarch,2021-05-29,2021,2021-08-14,0.2,1,0,0,12,56,12
Ed Sheeran & Elton John,2021-12-18,2021,2026-01-03,4.0,1,0,0,12,37,12
Acraze,2022-01-01,2022,2022-03-19,0.2,1,0,0,12,65,12
Stephanie Beatriz,2022-01-15,2022,2022-04-02,0.2,1,0,0,12,48,12
"Cardi B, Ye & Lil Durk",2022-07-16,2022,2022-10-01,0.2,1,0,0,12,13,12
Rosalia & Rauw Alejandro,2023-04-08,2023,2023-06-24,0.2,1,0,0,12,52,12
"That Mexican OT, Paul Wall & DRODi",2023-07-29,2023,2023-10-14,0.2,1,0,0,12,65,12
Sophie Ellis-Bextor,2024-01-13,2024,2024-03-30,0.2,1,0,0,12,51,12
Bakar,2024-04-20,2024,2024-07-06,0.2,1,0,0,12,53,12
Imogen Heap,2025-01-25,2025,2025-04-26,0.2,1,0,0,12,82,12
"PARTYNEXTDOOR, Drake & Yebba",2025-03-01,2025,2025-05-17,0.2,1,0,0,12,21,12
Jody Reynolds,1958-08-04,1958,1958-09-22,0.1,2,0,0,11,17,5.5
Bernie Lowe Orchestra,1958-11-24,1958,1959-01-05,0.1,2,0,0,11,46,5.5
The Kalin Twins,1959-01-12,1959,1959-07-06,0.5,2,0,0,11,42,5.5
Hot-Toddys,1959-03-30,1959,1959-07-06,0.3,1,0,0,11,57,11
Rocco Granata and the International Quintet,1959-11-09,1959,1960-01-18,0.2,1,0,0,11,31,11
The Knockouts,1959-12-28,1959,1960-03-07,0.2,1,0,0,11,46,11
The Five Satins,1960-01-04,1960,1961-01-23,1.1,2,0,0,11,79,5.5
Monty Kelly And His Orchestra,1960-02-29,1960,1960-05-09,0.2,1,0,0,11,30,11
Bobby Marchan,1960-06-13,1960,1960-08-22,0.2,1,0,0,11,31,11
Garry Mills,1960-06-20,1960,1960-08-29,0.2,1,0,0,11,26,11
Shirley & Lee,1960-09-05,1960,1961-09-11,1.0,2,0,0,11,48,5.5
James Booker,1960-11-07,1960,1961-01-16,0.2,1,0,0,11,43,11
The Edsels,1961-05-01,1961,1961-07-10,0.2,1,0,0,11,21,11
Jose Jimenez,1961-07-10,1961,1961-10-30,0.3,1,0,0,11,19,11
The Halos,1961-07-17,1961,1961-09-25,0.2,1,0,0,11,25,11
Lonnie Donegan And His Skiffle Group,1961-08-07,1961,1961-10-16,0.2,1,1,0,11,5,11
Duals,1961-09-11,1961,1961-11-20,0.2,1,0,0,11,25,11
Kenny Dino,1961-11-06,1961,1962-01-20,0.2,1,0,0,11,24,11
Jimmy McCracklin,1961-12-11,1961,1966-01-29,4.1,4,0,0,11,64,2.8
Hayley Mills,1962-03-17,1962,1962-05-26,0.2,1,0,0,11,21,11
The Blue-Belles,1962-04-21,1962,1962-06-30,0.2,1,0,0,11,15,11
Toni Fisher,1962-05-26,1962,1962-08-04,0.2,1,0,0,11,37,11
Buddy Greco,1962-09-22,1962,1962-12-01,0.2,1,0,0,11,64,11
Mel Torme,1962-11-03,1962,1963-01-12,0.2,1,0,0,11,36,11
Joey Dee,1962-11-03,1962,1963-08-03,0.7,3,0,0,11,61,3.7
Gabriel And The Angels,1962-11-10,1962,1963-01-19,0.2,1,0,0,11,51,11
Mongo Santamaria Band,1963-03-16,1963,1963-05-25,0.2,1,1,0,11,10,11
Dion (Di Muci),1963-09-14,1963,1963-11-23,0.2,1,1,0,11,6,11
Murry Kellum,1963-11-09,1963,1964-01-18,0.2,1,0,0,11,51,11
Dale Ward,1963-12-28,1963,1964-03-07,0.2,1,0,0,11,25,11
Pete Drake And His Talking Steel Guitar,1964-03-07,1964,1964-05-16,0.2,1,0,0,11,25,11
Patty & The Emblems,1964-06-20,1964,1964-08-29,0.2,1,0,0,11,37,11
The Detergents,1964-12-05,1964,1965-04-03,0.3,2,0,0,11,19,5.5
The Ad Libs,1965-01-16,1965,1965-05-01,0.3,2,1,0,11,8,5.5
Unit Four plus Two,1965-05-01,1965,1965-07-24,0.2,2,0,0,11,28,5.5
Barry Young,1965-11-06,1965,1966-01-15,0.2,1,0,0,11,13,11
The Packers,1965-11-13,1965,1966-01-22,0.2,1,0,0,11,43,11
Just Us,1966-03-12,1966,1966-05-21,0.2,1,0,0,11,34,11
Dee Jay And The Runaways,1966-05-07,1966,1966-07-16,0.2,1,0,0,11,45,11
Tommy McLain,1966-06-25,1966,1966-09-03,0.2,1,0,0,11,15,11
The Innocence,1966-12-03,1966,1967-03-18,0.3,2,0,0,11,34,5.5
Traffic,1967-09-02,1967,1972-01-22,4.4,3,0,0,11,74,3.7
Michele Lee,1968-03-02,1968,1968-05-11,0.2,1,0,0,11,52,11
Kasenetz-Katz Singing Orchestral Circus,1968-10-05,1968,1968-12-14,0.2,1,0,0,11,25,11
Merrilee Rush,1968-12-07,1968,1977-07-23,8.6,2,0,0,11,54,5.5
The Goodees,1968-12-21,1968,1969-03-01,0.2,1,0,0,11,46,11
"The Checkmates, Ltd.",1969-04-05,1969,1969-11-08,0.6,2,0,0,11,65,5.5
The Charles Randolph Grean Sounde,1969-06-14,1969,1969-08-23,0.2,1,0,0,11,13,11
Clarence Reid,1969-08-02,1969,1974-08-10,5.0,2,0,0,11,40,5.5
The Rugbys,1969-08-23,1969,1969-11-01,0.2,1,0,0,11,24,11
The Neighborhood,1970-06-27,1970,1970-09-05,0.2,1,0,0,11,29,11
Fantasy,1970-09-19,1970,1970-12-12,0.2,1,0,0,11,77,11
Jake Holmes,1970-10-03,1970,1970-12-12,0.2,1,0,0,11,49,11
Jim Ed Brown,1970-11-14,1970,1971-01-23,0.2,1,0,0,11,47,11
The Mixtures,1971-03-06,1971,1971-05-15,0.2,1,0,0,11,44,11
Margie Joseph,1971-04-03,1971,1975-01-11,3.8,3,0,0,11,69,3.7
Mary Travers,1971-05-22,1971,1971-07-31,0.2,1,0,0,11,56,11
Dave & Ansil Collins,1971-06-12,1971,1971-08-21,0.2,1,0,0,11,22,11
Potliquor,1972-02-05,1972,1972-04-15,0.2,1,0,0,11,65,11
Jo Jo Gunne,1972-03-18,1972,1972-05-27,0.2,1,0,0,11,27,11
Graham Nash & David Crosby,1972-05-06,1972,1972-08-19,0.3,2,0,0,11,36,5.5
Stephen Stills-Manassas,1972-07-15,1972,1973-06-16,0.9,2,0,0,11,56,5.5
Gladstone,1972-08-26,1972,1972-11-04,0.2,1,0,0,11,45,11
Lyn Collins,1972-09-02,1972,1972-12-23,0.3,2,0,0,11,66,5.5
John & Ernest,1973-04-14,1973,1973-06-23,0.2,1,0,0,11,31,11
Fred Wesley & The J.B.'s,1973-06-02,1973,1973-08-11,0.2,1,0,0,11,22,11
Benny Bell,1975-03-08,1975,1975-05-17,0.2,1,0,0,11,30,11
Brotherhood Of Man,1976-05-08,1976,1976-07-17,0.2,1,0,0,11,27,11
Funky Kings,1976-11-06,1976,1977-01-15,0.2,1,0,0,11,61,11
Undisputed Truth,1977-02-19,1977,1977-05-28,0.3,1,0,0,11,48,11
Rubicon,1978-02-25,1978,1978-05-06,0.2,1,0,0,11,28,11
Rufus/Chaka Khan,1978-04-08,1978,1978-06-17,0.2,1,0,0,11,38,11
Demis Roussos,1978-06-03,1978,1978-08-12,0.2,1,0,0,11,47,11
Cheryl Ladd,1978-07-22,1978,1978-09-30,0.2,1,0,0,11,34,11
Zwol,1978-09-16,1978,1979-03-10,0.5,2,0,0,11,75,5.5
Marshall Hain,1978-12-09,1978,1979-02-17,0.2,1,0,0,11,43,11
Desmond Child And Rouge,1979-01-20,1979,1979-03-31,0.2,1,0,0,11,51,11
"McGuinn, Clark & Hillman",1979-03-17,1979,1979-05-26,0.2,1,0,0,11,33,11
Saint Tropez,1979-04-14,1979,1979-06-23,0.2,1,0,0,11,49,11
Pink Lady,1979-06-02,1979,1979-08-11,0.2,1,0,0,11,37,11
The Jones Girls,1979-06-23,1979,1979-09-01,0.2,1,0,0,11,38,11
Herman Brood,1979-07-14,1979,1979-09-22,0.2,1,0,0,11,35,11
Richie Furay,1979-10-27,1979,1980-01-05,0.2,1,0,0,11,39,11
Dann Rogers,1979-12-15,1979,1980-02-23,0.2,1,0,0,11,41,11
Gamma,1980-01-05,1980,1982-05-01,2.3,2,0,0,11,60,5.5
Nicolette Larson & Michael McDonald,1980-01-12,1980,1980-03-22,0.2,1,0,0,11,35,11
Felix Cavaliere,1980-03-01,1980,1980-05-10,0.2,1,0,0,11,36,11
The Fools,1980-04-19,1980,1981-04-18,1.0,2,0,0,11,50,5.5
Rodney Crowell,1980-05-10,1980,1980-07-19,0.2,1,0,0,11,37,11
David Hudson,1980-06-28,1980,1980-09-06,0.2,1,0,0,11,59,11
Touch,1980-07-26,1980,1981-03-07,0.6,2,0,0,11,65,5.5
The Silencers,1980-07-26,1980,1987-09-12,7.1,2,0,0,11,81,5.5
Split Enz,1980-08-23,1980,1980-11-01,0.2,1,0,0,11,53,11
Bow Wow Wow,1982-05-29,1982,1983-05-14,1.0,2,0,0,11,62,5.5
Marshall Crenshaw,1982-07-10,1982,1982-09-18,0.2,1,0,0,11,36,11
Afrika Bambaataa & The Soul Sonic Force,1982-07-17,1982,1982-09-25,0.2,1,0,0,11,48,11
Tane Cain,1982-08-14,1982,1982-10-23,0.2,1,0,0,11,37,11
Josie Cotton,1982-08-21,1982,1984-04-28,1.7,2,0,0,11,74,5.5
Charlene & Stevie Wonder,1982-10-30,1982,1983-01-08,0.2,1,0,0,11,46,11
The Weather Girls,1983-01-22,1983,1983-04-02,0.2,1,0,0,11,46,11
Rick James And Smokey Robinson,1983-12-10,1983,1984-02-18,0.2,1,0,0,11,43,11
Peabo Bryson & Roberta Flack,1983-12-24,1983,1984-03-24,0.2,1,0,0,11,58,11
Billy Rankin,1984-03-10,1984,1984-05-19,0.2,1,0,0,11,52,11
Billy Satellite,1984-08-18,1984,1985-01-05,0.4,2,0,0,11,64,5.5
Jermaine Jackson & Pia Zadora,1985-02-02,1985,1985-04-13,0.2,1,0,0,11,54,11
Belouis Some,1985-05-04,1985,1985-09-07,0.3,2,0,0,11,67,5.5
Menudo,1985-05-11,1985,1985-07-20,0.2,1,0,0,11,62,11
King,1985-07-20,1985,1985-09-28,0.2,1,0,0,11,55,11
Phyllis Nelson,1986-02-08,1986,1986-04-19,0.2,1,0,0,11,61,11
Magazine 60,1986-05-10,1986,1986-07-19,0.2,1,0,0,11,56,11
Doctor And The Medics,1986-08-02,1986,1986-10-11,0.2,1,0,0,11,69,11
Uptown,1986-12-27,1986,1987-03-07,0.2,1,0,0,11,80,11
The Barbusters (Joan Jett And The Blackhearts),1987-02-21,1987,1987-05-02,0.2,1,0,0,11,33,11
Yello,1987-08-08,1987,1987-10-17,0.2,1,0,0,11,51,11
So,1988-02-20,1988,1988-04-30,0.2,1,0,0,11,41,11
Dan Reed Network,1988-03-12,1988,1988-05-21,0.2,1,0,0,11,38,11
Lonzo And World Class Wreckin Kru,1988-03-26,1988,1988-06-04,0.2,1,0,0,11,84,11
Keith Sweat (Duet,1988-07-23,1988,1988-10-01,0.2,1,0,0,11,59,11
Gina Go-Go,1989-02-25,1989,1989-05-06,0.2,1,0,0,11,78,11
Aretha Franklin & Elton John,1989-04-15,1989,1989-06-24,0.2,1,0,0,11,16,11
Indigo Girls,1989-07-22,1989,1992-08-15,3.1,2,0,0,11,52,5.5
Marcia Griffiths,1989-12-09,1989,1990-02-17,0.2,1,0,0,11,51,11
Leila K,1990-02-17,1990,1990-04-28,0.2,1,0,0,11,48,11
St. Paul,1990-07-07,1990,1990-09-15,0.2,1,0,0,11,52,11
Sydney Youngblood,1990-08-25,1990,1990-11-03,0.2,1,0,0,11,46,11
Guys Next Door,1991-01-05,1991,1991-03-16,0.2,1,0,0,11,42,11
Harriet,1991-02-16,1991,1991-04-27,0.2,1,0,0,11,39,11
Daisy Dee,1991-03-30,1991,1991-06-08,0.2,1,0,0,11,73,11
LaTour,1991-04-06,1991,1991-06-15,0.2,1,0,0,11,35,11
Sandee,1991-06-01,1991,1991-08-10,0.2,1,0,0,11,49,11
Titiyo,1991-06-08,1991,1991-08-17,0.2,1,0,0,11,42,11
Coro,1991-07-13,1991,1991-09-21,0.2,1,0,0,11,54,11
Latin Alliance,1991-08-10,1991,1991-10-19,0.2,1,0,0,11,54,11
Chris Cuevas,1992-02-01,1992,1992-04-11,0.2,1,0,0,11,58,11
David Sanborn,1992-08-29,1992,1992-11-07,0.2,1,0,0,11,53,11
Dr. Alban,1993-04-24,1993,1993-07-03,0.2,1,0,0,11,88,11
G-Wiz,1993-07-03,1993,1993-09-11,0.2,1,0,0,11,73,11
RAab,1993-10-16,1993,1993-12-25,0.2,1,0,0,11,74,11
The Lady Of Rage,1994-08-13,1994,1994-10-22,0.2,1,0,0,11,57,11
Urge Overkill,1994-11-19,1994,1995-01-28,0.2,1,0,0,11,59,11
Vicious,1995-01-14,1995,1995-03-25,0.2,1,0,0,11,69,11
Willi One Blood,1995-01-21,1995,1995-04-01,0.2,1,0,0,11,62,11
Jill Sobule,1995-05-27,1995,1995-08-05,0.2,1,0,0,11,67,11
Yaki-Da,1995-06-03,1995,1995-08-12,0.2,1,0,0,11,54,11
Denine,1996-01-20,1996,1996-03-30,0.2,1,0,0,11,72,11
Men Of Vizion,1996-06-01,1996,1996-08-10,0.2,1,0,0,11,67,11
The Badlees,1996-07-06,1996,1996-09-14,0.2,1,0,0,11,67,11
Katalina,1996-09-14,1996,1996-11-23,0.2,1,0,0,11,86,11
Keith Sweat (Featuring Ronald Isley),1997-06-14,1997,1997-08-23,0.2,1,0,0,11,68,11
Dana,1997-08-30,1997,1997-11-08,0.2,1,0,0,11,59,11
Elusion,1998-03-14,1998,1998-05-23,0.2,1,0,0,11,75,11
Nutta Butta,1998-06-20,1998,1998-08-29,0.2,1,0,0,11,63,11
Swirl 360,1998-07-25,1998,1998-10-03,0.2,1,0,0,11,47,11
Ghostface Killah,2000-08-05,2000,2006-06-17,5.9,2,0,0,11,61,5.5
Tim Rushlow,2001-03-17,2001,2001-05-26,0.2,1,0,0,11,59,11
Tammy Cochran,2001-10-06,2001,2001-12-15,0.2,1,0,0,11,73,11
X-Ecutioners,2002-03-09,2002,2002-05-18,0.2,1,0,0,11,85,11
Soluna,2002-06-22,2002,2002-08-31,0.2,1,0,0,11,72,11
The Hives,2002-07-20,2002,2002-09-28,0.2,1,0,0,11,86,11
Brian McComas,2003-07-12,2003,2003-09-20,0.2,1,0,0,11,57,11
Guerilla Black,2004-11-27,2004,2005-02-05,0.2,1,0,0,11,77,11
Billy Dean,2005-01-29,2005,2005-04-09,0.2,1,0,0,11,68,11
Van Zant,2005-07-16,2005,2005-09-24,0.2,1,0,0,11,66,11
P$C,2005-08-06,2005,2005-11-12,0.3,1,0,0,11,67,11
Hot Stylz,2008-06-21,2008,2008-08-30,0.2,1,0,0,11,47,11
F.L.Y. (Fast Life Yungstaz),2009-05-23,2009,2009-08-01,0.2,1,0,0,11,62,11
Bobby Brackins,2010-07-03,2010,2010-09-11,0.2,1,0,0,11,76,11
Mann,2011-01-29,2011,2011-04-09,0.2,1,0,0,11,61,11
K. Michelle,2013-10-26,2013,2014-04-05,0.4,2,0,0,11,89,5.5
Pia Mia,2015-07-18,2015,2015-09-26,0.2,1,0,0,11,71,11
Dawin,2015-12-26,2015,2016-03-05,0.2,1,0,0,11,68,11
"Nicki Minaj, Drake & Lil Wayne",2017-04-01,2017,2021-06-19,4.2,2,0,0,11,12,5.5
"21 Savage, Offset & Metro Boomin",2017-11-18,2017,2017-12-30,0.1,3,0,0,11,35,3.7
Derez De'Shon,2018-02-17,2018,2018-04-28,0.2,1,0,0,11,61,11
Lil Peep & XXXTENTACION,2018-09-29,2018,2018-12-08,0.2,1,0,0,11,13,11
Anuel AA & Karol G,2019-02-02,2019,2019-05-18,0.3,1,0,0,11,68,11
"NAV, Gunna & Travis Scott",2020-04-11,2020,2020-06-20,0.2,1,0,0,11,17,11
"Black Eyed Peas, Ozuna + J.Rey Soul",2020-06-20,2020,2020-08-29,0.2,1,0,0,11,62,11
Chloe X Halle,2020-06-27,2020,2020-11-07,0.4,1,0,0,11,63,11
"Sech, Daddy Yankee & J Balvin",2020-09-19,2020,2020-11-28,0.2,1,0,0,11,64,11
DDG,2021-01-02,2021,2021-03-20,0.2,1,0,0,11,81,11
Trippie Redd & Playboi Carti,2021-05-22,2021,2021-09-04,0.3,1,0,0,11,11,11
"Lil Baby, Lil Durk & Travis Scott",2021-06-19,2021,2021-08-28,0.2,1,0,0,11,16,11
Regard x Troye Sivan x Tate McRae,2021-06-26,2021,2021-09-04,0.2,1,0,0,11,58,11
Key Glock,2022-02-05,2022,2025-10-25,3.7,4,0,0,11,73,2.8
Kendrick Lamar & Kodak Black,2022-05-28,2022,2022-08-06,0.2,1,1,0,11,7,11
Karol G x Maldy,2022-09-10,2022,2023-03-11,0.5,1,0,0,11,37,11
Cardi B & Megan Thee Stallion,2023-09-23,2023,2023-12-02,0.2,1,0,0,11,14,11
Dylan Gossett,2024-01-20,2024,2024-03-30,0.2,1,0,0,11,73,11
Good Neighbours,2024-02-10,2024,2024-04-27,0.2,1,0,0,11,77,11
Mariah The Scientist,2025-05-17,2025,2025-11-08,0.5,1,0,0,11,25,26
jessie murph,2025-08-02,2025,2025-11-15,0.3,2,0,0,11,66,1.5
Corey Kent & Koe Wetzel,2026-03-14,2026,2026-07-18,0.3,1,0,0,11,78,11
Vincent Mason,2026-05-16,2026,2026-08-01,0.2,1,0,0,11,77,11
The Tune Rockers,1958-08-25,1958,1958-10-27,0.2,1,0,0,10,44,10
Carl Smith,1958-09-08,1958,1959-08-31,1.0,2,0,0,10,43,5
The Five Blobs,1958-10-06,1958,1958-12-08,0.2,1,0,0,10,33,10
The Cadillacs,1958-12-08,1958,1959-02-09,0.2,1,0,0,10,28,10
The Mickey Mozart Quintet,1959-05-11,1959,1959-07-27,0.2,1,0,0,10,30,10
The Knightsbridge Strings,1959-07-20,1959,1959-11-16,0.3,2,0,0,10,53,5
Homer And Jethro,1959-09-07,1959,1959-11-09,0.2,1,0,0,10,14,10
The Passions,1959-10-05,1959,1959-12-14,0.2,1,0,0,10,69,10
The Revels,1959-10-19,1959,1959-12-21,0.2,1,0,0,10,35,10
Titus Turner,1959-11-23,1959,1961-02-06,1.2,2,0,0,10,77,5
Rod Lauren,1959-12-21,1959,1960-02-22,0.2,1,0,0,10,31,10
The Rays,1960-01-25,1960,1961-10-02,1.7,2,0,0,10,49,5
Jon Thomas and Orchestra,1960-06-06,1960,1960-08-22,0.2,1,0,0,10,48,10
Jerry Byrd,1960-08-01,1960,1962-05-12,1.8,2,0,0,10,74,5
The Ivy Three,1960-08-08,1960,1960-10-10,0.2,1,1,0,10,8,10
Sammy Kaye And His Orchestra,1961-04-03,1961,1964-05-16,3.1,2,0,0,10,36,5
Andy Stewart,1961-04-03,1961,1961-09-11,0.4,2,0,0,10,69,5
The Velvets,1961-05-29,1961,1961-10-09,0.4,2,0,0,10,26,5
Ernie Fields,1961-06-19,1961,1961-08-21,0.2,1,0,0,10,47,10
The Jarmels,1961-07-31,1961,1961-10-09,0.2,1,0,0,10,12,10
Dick Dale and The Del-Tones,1961-11-27,1961,1963-10-26,1.9,2,0,0,10,60,5
Phil McLean,1961-12-04,1961,1962-02-10,0.2,1,0,0,10,21,10
Valjean on Piano,1962-05-19,1962,1962-08-25,0.3,2,0,0,10,28,5
John Lee Hooker,1962-05-26,1962,1962-07-28,0.2,1,0,0,10,60,10
Little Joey And The Flips,1962-06-16,1962,1962-08-18,0.2,1,0,0,10,33,10
Ray Anthony,1962-06-30,1962,1963-01-05,0.5,2,0,0,10,74,5
Bob Braun,1962-07-21,1962,1962-09-22,0.2,1,0,0,10,26,10
The Valentinos,1962-08-18,1962,1964-07-04,1.9,2,0,0,10,72,5
The Radiants,1962-11-03,1962,1965-02-20,2.3,2,0,0,10,51,5
The Pastel Six,1962-12-29,1962,1963-03-02,0.2,1,0,0,10,25,10
Sandy Stewart,1962-12-29,1962,1963-03-02,0.2,1,0,0,10,20,10
Jimmy Holiday,1963-03-16,1963,1966-09-03,3.5,2,0,0,10,57,5
Big Dee Irwin (with Little Eva),1963-05-25,1963,1963-07-27,0.2,1,0,0,10,38,10
Jack Nitzsche,1963-08-10,1963,1963-11-30,0.3,2,0,0,10,39,5
The Busters,1963-09-07,1963,1963-11-09,0.2,1,0,0,10,25,10
Barry & The Tamerlanes,1963-10-19,1963,1963-12-21,0.2,1,0,0,10,21,10
Robin Ward,1963-11-02,1963,1964-01-04,0.2,1,0,0,10,14,10
The Secrets,1963-11-09,1963,1964-01-11,0.2,1,0,0,10,18,10
Jimmy Velvet,1963-12-14,1963,1965-06-12,1.5,2,0,0,10,75,5
The Crescents,1963-12-28,1963,1964-02-29,0.2,1,0,0,10,69,10
The Pyramids,1964-02-01,1964,1964-04-04,0.2,1,0,0,10,18,10
The Devotions,1964-02-08,1964,1964-04-11,0.2,1,0,0,10,36,10
Soul Sisters,1964-02-29,1964,1964-10-10,0.6,2,0,0,10,46,5
Tony Clarke,1964-03-14,1964,1965-05-22,1.2,2,0,0,10,31,5
Boots Randolph,1964-04-04,1964,1967-07-08,3.3,3,0,0,10,77,3.3
The Bermudas,1964-04-18,1964,1964-06-20,0.2,1,0,0,10,62,10
The Chartbusters,1964-07-11,1964,1964-11-21,0.4,2,0,0,10,33,5
The Ray Conniff Singers,1964-07-18,1964,1964-09-19,0.2,1,0,0,10,57,10
The Jewels,1964-10-10,1964,1964-12-12,0.2,1,0,0,10,64,10
Sonny Knight,1964-10-10,1964,1965-02-06,0.3,2,0,0,10,71,5
Candy & The Kisses,1964-11-21,1964,1965-01-23,0.2,1,0,0,10,51,10
Adam Faith,1965-01-16,1965,1965-04-24,0.3,2,0,0,10,31,5
Vic Damone,1965-04-17,1965,1965-06-19,0.2,1,0,0,10,30,10
San Remo Golden Strings,1965-09-11,1965,1965-11-13,0.2,1,0,0,10,27,10
The Barbarians,1965-09-25,1965,1966-03-19,0.5,2,0,0,10,55,5
The Silkie,1965-10-16,1965,1965-12-18,0.2,1,1,0,10,10,10
"""Little"" Jimmy Dickens",1965-10-16,1965,1965-12-18,0.2,1,0,0,10,15,10
Bobby Powell,1965-12-04,1965,1967-07-01,1.6,2,0,0,10,76,5
Hedgehoppers Anonymous,1965-12-04,1965,1966-02-05,0.2,1,0,0,10,48,10
The Harden Trio,1966-03-12,1966,1966-05-14,0.2,1,0,0,10,44,10
The Poets,1966-03-19,1966,1966-05-21,0.2,1,0,0,10,45,10
Bobby Moore & The Rhythm Aces,1966-06-25,1966,1966-08-27,0.2,1,0,0,10,27,10
Napoleon XIV,1966-07-23,1966,1973-09-22,7.2,1,1,0,10,3,10
Lorraine Ellison,1966-10-08,1966,1967-10-14,1.0,2,0,0,10,64,5
Terry Knight and The Pack,1966-11-12,1966,1967-01-14,0.2,1,0,0,10,46,10
The Yellow Balloon,1967-04-01,1967,1967-06-03,0.2,1,0,0,10,25,10
The Fifth Estate,1967-05-20,1967,1967-07-22,0.2,1,0,0,10,11,10
The Love Generation,1967-06-24,1967,1968-08-17,1.1,2,0,0,10,74,5
The Peppermint Trolley Company,1968-06-08,1968,1968-08-10,0.2,1,0,0,10,59,10
The Avant-Garde,1968-08-31,1968,1968-11-02,0.2,1,0,0,10,40,10
Rhinoceros,1969-02-22,1969,1969-04-26,0.2,1,0,0,10,46,10
The Edwin Hawkins' Singers,1969-04-26,1969,1969-06-28,0.2,1,1,0,10,4,10
Desmond Dekker And The Aces,1969-05-17,1969,1969-07-19,0.2,1,1,0,10,9,10
Orpheus,1969-05-31,1969,1969-10-04,0.3,2,0,0,10,80,5
Vik Venus Alias: Your Main Moon Man,1969-06-14,1969,1969-08-16,0.2,1,0,0,10,38,10
Underground Sunshine,1969-07-19,1969,1969-09-20,0.2,1,0,0,10,26,10
Thunderclap Newman,1969-09-06,1969,1969-11-08,0.2,1,0,0,10,37,10
Garland Green,1969-09-13,1969,1969-11-15,0.2,1,0,0,10,20,10
Lawrence Reynolds,1969-09-20,1969,1969-11-22,0.2,1,0,0,10,28,10
Jane Birkin Serge Gainsbourg,1969-11-29,1969,1970-03-21,0.3,1,0,0,10,58,10
The Lovelites,1970-01-10,1970,1970-03-14,0.2,1,0,0,10,60,10
The Village Soul Choir,1970-02-21,1970,1970-04-25,0.2,1,0,0,10,55,10
The Boys In The Band,1970-06-06,1970,1970-08-08,0.2,1,0,0,10,48,10
Kiki Dee,1971-03-27,1971,1976-03-27,5.0,3,0,0,10,74,3.3
"Ashton, Gardner & Dyke",1971-06-19,1971,1971-08-21,0.2,1,0,0,10,40,10
The People's Choice,1971-07-24,1971,1971-09-25,0.2,1,0,0,10,38,10
Springwell,1971-09-18,1971,1971-11-20,0.2,1,0,0,10,60,10
Pop-Tops,1971-10-09,1971,1971-12-11,0.2,1,0,0,10,57,10
Sweathog,1971-11-13,1971,1972-01-15,0.2,1,0,0,10,33,10
Free Movement,1971-12-11,1971,1972-02-12,0.2,1,0,0,10,50,10
The English Congregation,1972-01-22,1972,1972-03-25,0.2,1,0,0,10,29,10
The JB's,1972-01-22,1972,1972-06-03,0.4,2,0,0,10,67,5
Python Lee Jackson,1972-05-27,1972,1972-07-29,0.2,1,0,0,10,56,10
Limmie & Family Cookin',1972-11-18,1972,1973-01-20,0.2,1,0,0,10,84,10
Cymande,1973-01-20,1973,1973-03-24,0.2,1,0,0,10,48,10
The South Side Movement,1973-04-14,1973,1973-06-16,0.2,1,0,0,10,61,10
Andy Pratt,1973-04-28,1973,1973-06-30,0.2,1,0,0,10,78,10
Melba Montgomery,1974-04-13,1974,1974-06-15,0.2,1,0,0,10,39,10
The Rubettes,1974-07-20,1974,1974-09-21,0.2,1,0,0,10,37,10
Marilyn Sellars,1974-08-24,1974,1974-10-26,0.2,1,0,0,10,37,10
"The Souther, Hillman, Furay Band",1974-08-24,1974,1974-10-26,0.2,1,0,0,10,27,10
Bimbo Jet,1975-05-24,1975,1975-07-26,0.2,1,0,0,10,43,10
Sharon Paige and Harold Melvin And The Blue Notes,1975-07-05,1975,1975-09-06,0.2,1,0,0,10,42,10
Batdorf & Rodney,1975-08-09,1975,1975-12-27,0.4,2,0,0,10,69,5
"John Williams/""Jaws"" Soundtrack",1975-08-09,1975,1975-10-11,0.2,1,0,0,10,32,10
Paul Simon/Phoebe Snow,1975-08-16,1975,1975-10-18,0.2,1,0,0,10,23,10
The Outlaws,1975-09-06,1975,1975-11-08,0.2,1,0,0,10,34,10
Biddu Orchestra,1975-10-04,1975,1976-01-31,0.3,2,0,0,10,57,5
Quincy Jones (feat. The Brothers Johnson),1975-10-11,1975,1975-12-13,0.2,1,0,0,10,70,10
5000 Volts,1975-10-18,1975,1975-12-20,0.2,1,0,0,10,26,10
Penny Mclean,1976-01-03,1976,1976-03-06,0.2,1,0,0,10,48,10
Larry Santos,1976-02-14,1976,1976-04-17,0.2,1,0,0,10,36,10
Mighty Clouds Of Joy,1976-02-21,1976,1976-04-24,0.2,1,0,0,10,69,10
Sons Of Champlin,1976-06-19,1976,1976-08-21,0.2,1,0,0,10,47,10
The Walter Murphy Band,1976-11-13,1976,1977-01-15,0.2,1,0,0,10,44,10
Facts Of Life,1977-03-05,1977,1977-05-07,0.2,1,0,0,10,31,10
Sea Level,1978-02-25,1978,1978-04-29,0.2,1,0,0,10,50,10
Plastic Bertrand,1978-04-29,1978,1978-07-01,0.2,1,0,0,10,47,10
Clout,1978-09-02,1978,1978-11-18,0.2,1,0,0,10,67,10
Cindy Bullens,1979-02-03,1979,1980-01-26,1.0,2,0,0,10,56,5
Gary's Gang,1979-02-17,1979,1979-04-21,0.2,1,0,0,10,41,10
Machine,1979-03-17,1979,1979-05-19,0.2,1,0,0,10,77,10
Funky Communication Committee,1979-07-14,1979,1979-09-15,0.2,1,0,0,10,47,10
Billy Thorpe,1979-07-28,1979,1979-09-29,0.2,1,0,0,10,41,10
The Buggles,1979-11-10,1979,1980-01-12,0.2,1,0,0,10,40,10
The Flying Lizards,1979-12-01,1979,1980-02-02,0.2,1,0,0,10,50,10
Pleasure,1979-12-08,1979,1980-02-09,0.2,1,0,0,10,55,10
The Inmates,1979-12-08,1979,1980-02-09,0.2,1,0,0,10,51,10
George Burns,1980-01-19,1980,1980-03-22,0.2,1,0,0,10,49,10
The Invisible Man's Band,1980-05-17,1980,1980-07-19,0.2,1,0,0,10,45,10
Glen Campbell & Rita Coolidge,1980-05-17,1980,1980-07-19,0.2,1,0,0,10,42,10
Marcy Levy & Robin Gibb,1980-11-08,1980,1981-01-10,0.2,1,0,0,10,50,10
McGuffey Lane,1981-01-17,1981,1982-02-20,1.1,2,0,0,10,85,5
Yoko Ono,1981-03-07,1981,1981-05-09,0.2,1,0,0,10,58,10
Aretha Franklin And George Benson,1981-08-29,1981,1981-10-31,0.2,1,0,0,10,46,10
Steve Carlisle,1981-11-21,1981,1982-01-23,0.2,1,0,0,10,65,10
Henry Paul Band,1981-12-12,1981,1982-02-13,0.2,1,0,0,10,50,10
David Lasley,1982-03-13,1982,1982-05-15,0.2,1,0,0,10,36,10
Stars On,1982-03-27,1982,1982-05-29,0.2,1,0,0,10,28,10
"Richard ""Dimples"" Fields",1982-04-03,1982,1982-06-05,0.2,1,0,0,10,47,10
One Way,1982-05-29,1982,1982-07-31,0.2,1,0,0,10,61,10
Red Rockers,1983-06-04,1983,1983-08-06,0.2,1,0,0,10,53,10
B.E. Taylor Group,1984-01-28,1984,1986-06-07,2.4,2,0,0,10,66,5
Jocelyn Brown,1984-06-16,1984,1984-08-18,0.2,1,0,0,10,75,10
Coyote Sisters,1984-07-28,1984,1984-09-29,0.2,1,0,0,10,66,10
Barry Gibb,1984-09-01,1984,1984-11-03,0.2,1,0,0,10,37,10
Ralph MacDonald,1984-09-01,1984,1984-11-03,0.2,1,0,0,10,58,10
Freddie Mercury,1984-09-29,1984,1985-05-18,0.6,2,0,0,10,69,5
Jeff Beck & Rod Stewart,1985-06-15,1985,1985-08-17,0.2,1,0,0,10,48,10
Y&T,1985-07-13,1985,1985-09-14,0.2,1,0,0,10,55,10
Loose Ends,1985-07-20,1985,1985-09-21,0.2,1,0,0,10,43,10
E.G. Daily,1986-04-26,1986,1986-06-28,0.2,1,0,0,10,70,10
John Eddie,1986-06-07,1986,1986-08-09,0.2,1,0,0,10,52,10
Howard Hewett,1986-11-08,1986,1990-07-07,3.7,2,0,0,10,62,5
The Gregg Allman Band,1987-04-04,1987,1987-06-06,0.2,1,0,0,10,49,10
Frozen Ghost,1987-04-11,1987,1987-06-13,0.2,1,0,0,10,69,10
Newcity Rockers,1987-04-18,1987,1987-10-03,0.5,2,0,0,10,80,5
Rock And Hyde,1987-04-25,1987,1987-06-27,0.2,1,0,0,10,61,10
Ana,1987-07-11,1987,1990-06-30,3.0,2,0,0,10,66,5
Taja Sevelle,1987-09-12,1987,1987-11-14,0.2,1,0,0,10,62,10
Wendy And Lisa,1987-09-19,1987,1987-11-21,0.2,1,0,0,10,56,10
Eria Fachin,1988-02-27,1988,1988-04-30,0.2,1,0,0,10,50,10
Big Pig,1988-03-19,1988,1988-05-21,0.2,1,0,0,10,60,10
The Pasadenas,1989-02-25,1989,1989-04-29,0.2,1,0,0,10,52,10
The Replacements,1989-04-08,1989,1989-06-10,0.2,1,0,0,10,51,10
Sam Brown,1989-04-15,1989,1989-06-17,0.2,1,0,0,10,65,10
Soulsister,1989-09-23,1989,1989-11-25,0.2,1,0,0,10,41,10
Joan Jett,1990-01-27,1990,1990-03-31,0.2,1,0,0,10,36,10
McAuley Schenker Group,1990-02-17,1990,1990-04-21,0.2,1,0,0,10,69,10
Anything Box,1990-02-17,1990,1990-04-21,0.2,1,0,0,10,65,10
Caron Wheeler,1990-09-29,1990,1990-12-01,0.2,1,0,0,10,53,10
Happy Mondays,1991-03-16,1991,1991-05-18,0.2,1,0,0,10,57,10
Cartouche,1991-04-13,1991,1991-06-15,0.2,1,0,0,10,66,10
The Rebel Pebbles,1991-04-20,1991,1991-06-22,0.2,1,0,0,10,42,10
Brandon,1991-05-11,1991,1991-07-13,0.2,1,0,0,10,64,10
Daryl Braithwaite,1991-06-01,1991,1991-08-03,0.2,1,0,0,10,47,10
The La's,1991-07-20,1991,1991-09-21,0.2,1,0,0,10,49,10
Colourhaus,1992-05-02,1992,1992-07-04,0.2,1,0,0,10,50,10
MC Serch,1992-10-17,1992,1992-12-19,0.2,1,0,0,10,71,10
Goddess,1992-12-12,1992,1993-02-13,0.2,1,0,0,10,74,10
Apache,1993-01-30,1993,1993-04-03,0.2,1,0,0,10,67,10
Porno For Pyros,1993-07-10,1993,1993-09-11,0.2,1,0,0,10,67,10
Reality,1993-10-30,1993,1994-01-01,0.2,1,0,0,10,72,10
Rosco Martinez,1994-04-02,1994,1994-06-04,0.2,1,0,0,10,57,10
Whitehead Bros.,1994-08-27,1994,1994-10-29,0.2,1,0,0,10,76,10
Love Spit Love,1994-09-10,1994,1994-11-12,0.2,1,0,0,10,83,10
Perfect Stranger,1995-08-05,1995,1995-10-07,0.2,1,0,0,10,61,10
WC & The Maad Circle,1995-09-30,1995,1995-12-02,0.2,1,0,0,10,88,10
"Gerald Levert & Eddie Levert, Sr.",1995-10-21,1995,1995-12-23,0.2,1,0,0,10,75,10
A Few Good Men,1996-03-23,1996,1996-05-25,0.2,1,0,0,10,76,10
Goodfellaz,1996-12-14,1996,1997-02-15,0.2,1,0,0,10,64,10
Tre,1997-02-15,1997,1997-04-19,0.2,1,0,0,10,77,10
Shaggy (Featuring Marsha),1997-08-30,1997,1997-11-01,0.2,1,0,0,10,72,10
Lysette,1998-01-10,1998,1998-03-14,0.2,1,0,0,10,75,10
Kim Sanders,1998-01-31,1998,1998-04-11,0.2,1,0,0,10,89,10
The Tuesdays,1998-03-21,1998,1998-05-23,0.2,1,0,0,10,55,10
The Kenny Wayne Shepherd Band,1998-05-02,1998,1998-07-04,0.2,1,0,0,10,78,10
Mos Def & Kweli Are Black Star,1998-08-22,1998,1998-10-24,0.2,1,0,0,10,60,10
Willie Max,1998-11-07,1998,1999-01-09,0.2,1,0,0,10,49,10
Natalie Imbruglia,1998-12-05,1998,2002-04-20,3.4,2,0,0,10,42,5
Cool Breeze,1999-01-30,1999,1999-04-03,0.2,1,0,0,10,73,10
Elton John & LeAnn Rimes,1999-03-13,1999,1999-05-15,0.2,1,0,0,10,29,10
Sherrie Austin,1999-07-31,1999,1999-10-02,0.2,1,0,0,10,89,10
Youngstown,1999-08-14,1999,1999-10-16,0.2,1,0,0,10,71,10
Garth Brooks as Chris Gaines,1999-09-11,1999,1999-11-13,0.2,1,1,0,10,5,10
Kumbia Kings,2000-03-04,2000,2000-05-06,0.2,1,0,0,10,62,10
Mr. C The Slide Man,2001-01-06,2001,2001-03-10,0.2,1,0,0,10,83,10
Darude,2001-07-21,2001,2001-09-22,0.2,1,0,0,10,83,10
Ian Van Dahl,2001-08-04,2001,2001-11-24,0.3,1,0,0,10,91,10
Afroman,2001-08-18,2001,2001-10-20,0.2,1,0,0,10,13,10
All Star Tribute,2001-10-06,2001,2001-12-08,0.2,1,0,0,10,27,10
Telepopmusik,2002-12-28,2002,2003-03-01,0.2,1,0,0,10,78,10
Jennifer Hanson,2003-01-18,2003,2003-03-22,0.2,1,0,0,10,76,10
Talib Kweli,2003-03-29,2003,2003-05-31,0.2,1,0,0,10,77,10
Sarah Connor,2004-03-06,2004,2004-05-08,0.2,1,0,0,10,54,10
Play-N-Skillz,2004-07-10,2004,2004-09-11,0.2,1,0,0,10,69,10
Caesars,2005-02-26,2005,2005-05-07,0.2,1,0,0,10,70,10
Luis Fonsi,2005-08-27,2005,2008-12-27,3.3,2,0,0,10,90,5
High School Musical 2 Cast,2007-08-04,2007,2007-09-22,0.1,2,1,0,10,6,5
Ferras,2008-04-05,2008,2008-06-07,0.2,1,0,0,10,62,10
September,2008-08-30,2008,2008-11-01,0.2,1,0,0,10,74,10
Framing Hanley,2009-01-10,2009,2009-03-28,0.2,1,0,0,10,82,10
John Rich,2009-03-14,2009,2022-08-06,13.4,3,0,0,10,65,3.3
Madcon,2009-05-02,2009,2009-07-04,0.2,1,0,0,10,79,10
Kreayshawn,2011-08-13,2011,2011-10-15,0.2,1,0,0,10,57,10
Mindless Behavior,2011-08-27,2011,2011-11-19,0.2,1,0,0,10,72,10
NERO,2012-07-14,2012,2012-09-22,0.2,1,0,0,10,70,10
The FiNATTiCZ,2013-07-27,2013,2013-09-28,0.2,1,0,0,10,35,10
Mary Lambert,2014-09-20,2014,2014-11-22,0.2,1,0,0,10,66,10
Skrillex & Rick Ross,2016-08-13,2016,2016-10-15,0.2,1,0,0,10,33,10
Tucker Beathard,2016-09-03,2016,2016-11-05,0.2,1,0,0,10,62,10
Frenship & Emily Warren,2016-10-15,2016,2016-12-17,0.2,1,0,0,10,78,10
6LACK,2017-04-01,2017,2020-07-11,3.3,3,0,0,10,72,3.3
Louis Tomlinson,2017-08-12,2017,2017-10-14,0.2,1,0,0,10,40,10
Justin Bieber + BloodPop,2017-09-09,2017,2017-11-11,0.2,1,0,0,10,20,10
Bhad Bhabie,2017-09-23,2017,2025-03-29,7.5,4,0,0,10,56,2.5
Pusha T,2018-06-09,2018,2022-05-07,3.9,9,0,0,10,59,1.1
Silk City x Dua Lipa,2018-09-22,2018,2019-02-02,0.4,1,0,0,10,62,10
Mabel,2019-04-06,2019,2019-06-08,0.2,1,0,0,10,66,10
Tory Lanez & T-Pain,2019-11-23,2019,2020-02-22,0.2,1,0,0,10,44,10
Regard,2020-04-25,2020,2020-06-27,0.2,1,0,0,10,62,10
Juice WRLD & The Weeknd,2020-08-22,2020,2020-10-31,0.2,1,1,0,10,8,10
Nio Garcia x Anuel AA x Myke Towers x Brray x Juanka,2020-08-22,2020,2020-10-31,0.2,1,0,0,10,93,10
Ozuna x Karol G x Myke Towers,2020-08-29,2020,2020-10-31,0.2,1,0,0,10,76,10
Nio Garcia X J Balvin X Bad Bunny,2021-07-10,2021,2021-09-11,0.2,1,0,0,10,41,10
Yung Bleu & Kehlani,2022-02-05,2022,2022-04-09,0.2,1,0,0,10,65,10
"Fivio Foreign, Kanye West & Alicia Keys",2022-02-26,2022,2022-05-07,0.2,1,0,0,10,46,10
Hitkidd & Glorilla,2022-06-11,2022,2022-10-22,0.4,1,0,0,10,42,20
Bizarrap & Quevedo,2022-08-06,2022,2022-11-12,0.3,1,0,0,10,79,10
Arcangel & Bad Bunny,2022-12-17,2022,2023-03-04,0.2,1,0,0,10,68,10
Becky G & Peso Pluma,2023-04-29,2023,2023-07-01,0.2,1,0,0,10,55,10
Sexyy Red & Tay Keith & Nicki Minaj,2023-06-10,2023,2023-08-19,0.2,1,0,0,10,66,10
Bizarrap & Peso Pluma,2023-06-17,2023,2023-08-19,0.2,1,0,0,10,31,10
Peso Pluma & Jasiel Nunez,2023-07-08,2023,2023-09-23,0.2,2,0,0,10,77,5
Kaliii,2023-07-15,2023,2023-09-16,0.2,1,0,0,10,46,10
Tyler Childers,2023-08-12,2023,2023-10-14,0.2,1,0,0,10,43,10
Gene Autry & The Pinafores,2023-12-16,2023,2026-01-03,2.1,1,0,0,10,30,10
George Birge,2023-12-30,2023,2026-02-14,2.1,3,0,0,10,56,3.3
"21 Savage, Travis Scott & Metro Boomin",2024-01-27,2024,2024-03-30,0.2,1,1,0,10,10,10
Kali Uchis & Peso Pluma,2024-01-27,2024,2024-03-30,0.2,1,0,0,10,22,10
Rich Amiri,2024-02-10,2024,2024-04-20,0.2,1,0,0,10,60,10
BossMan DLow,2024-09-21,2024,2025-01-11,0.3,1,0,0,10,54,14
Rauw Alejandro & Romeo Santos,2024-11-30,2024,2025-04-19,0.4,1,0,0,10,60,10
Loe Shimmy & Don Toliver,2025-11-01,2025,2026-02-07,0.3,1,0,0,10,71,10
Fenix Flexin,2026-06-20,2026,2026-08-22,0.2,1,0,0,10,58,10
Lainey Wilson & John Mayer,2026-06-20,2026,2026-08-22,0.2,1,0,0,10,48,10
The Rinky-Dinks,1958-08-04,1958,1958-09-29,0.2,1,0,0,9,24,9
Betty Madigan,1958-08-18,1958,1958-10-13,0.2,1,0,0,9,34,9
Johnnie Ray,1958-09-01,1958,1959-10-19,1.1,2,0,0,9,75,4.5
Georgie Young,1958-09-22,1958,1958-11-17,0.2,1,0,0,9,58,9
The Four Aces,1958-11-24,1958,1959-04-06,0.4,2,0,0,9,63,4.5
Quaker City Boys,1958-12-22,1958,1959-02-16,0.2,1,0,0,9,39,9
Linda Laurie,1959-01-26,1959,1959-03-23,0.2,1,0,0,9,52,9
Billy Graves,1959-01-26,1959,1959-03-23,0.2,1,0,0,9,53,9
Charlie Blackwell,1959-02-09,1959,1959-04-06,0.2,1,0,0,9,55,9
The Trumpeteers,1959-04-27,1959,1959-06-22,0.2,1,0,0,9,64,9
The Megatrons,1959-06-01,1959,1959-07-27,0.2,1,0,0,9,51,9
Edd Byrnes and Friend,1959-08-10,1959,1959-10-05,0.2,1,0,0,9,42,9
Tommy Sands,1959-09-28,1959,1960-09-12,1.0,2,0,0,9,51,4.5
Jacky Noguez And His Orchestra,1959-11-16,1959,1960-02-22,0.3,2,0,0,9,63,4.5
The Bluenotes,1959-12-14,1959,1960-02-08,0.2,1,0,0,9,61,9
Joe Turner,1959-12-28,1959,1960-02-22,0.2,1,0,0,9,53,9
Pete Fountain,1960-02-08,1960,1962-03-31,2.1,2,0,0,9,69,4.5
Ray Bryant Combo,1960-04-11,1960,1960-06-06,0.2,1,0,0,9,30,9
Bud & Travis,1960-10-17,1960,1960-12-12,0.2,1,0,0,9,64,9
Lenny Miles,1961-01-02,1961,1961-05-15,0.4,2,0,0,9,41,4.5
Ramrods,1961-01-09,1961,1961-03-06,0.2,1,0,0,9,30,9
The Goodtimers,1961-01-23,1961,1961-03-20,0.2,1,0,0,9,60,9
The Roommates,1961-04-10,1961,1961-06-05,0.2,1,0,0,9,49,9
Johnny Maestro The Voice Of The Crests,1961-04-24,1961,1961-06-19,0.2,1,0,0,9,33,9
Jeanette (Baby) Washington,1961-04-24,1961,1961-06-26,0.2,1,0,0,9,60,9
The Chanters,1961-06-19,1961,1961-08-14,0.2,1,0,0,9,41,9
The Blue Jays,1961-08-14,1961,1961-10-09,0.2,1,0,0,9,31,9
The Stereos,1961-09-25,1961,1961-11-20,0.2,1,0,0,9,29,9
Si Zentner And His Orchestra,1961-11-13,1961,1962-01-20,0.2,1,0,0,9,43,9
Frank Slay And His Orchestra,1961-12-11,1961,1962-02-10,0.2,1,0,0,9,45,9
The Falcons & Band (Ohio Untouchables),1962-03-31,1962,1962-06-02,0.2,1,0,0,9,75,9
Johnnie Morisette,1962-04-14,1962,1962-06-09,0.2,1,0,0,9,63,9
Bertha Tillman,1962-05-05,1962,1962-06-30,0.2,1,0,0,9,61,9
The Sherrys,1962-10-06,1962,1963-01-12,0.3,2,0,0,9,35,4.5
Stan Kenton,1962-10-13,1962,1962-12-08,0.2,1,0,0,9,32,9
Mark Valentino,1962-11-10,1962,1963-01-05,0.2,1,0,0,9,27,9
The Excellents,1962-11-24,1962,1963-01-19,0.2,1,0,0,9,51,9
The Earls,1962-12-15,1962,1963-02-09,0.2,1,0,0,9,24,9
The Matys Bros.,1963-01-19,1963,1963-03-16,0.2,1,0,0,9,55,9
Charlie Byrd,1963-01-26,1963,1963-04-13,0.2,1,0,0,9,66,9
Boots Randolph and his Combo,1963-02-23,1963,1963-04-20,0.2,1,0,0,9,35,9
Ray Barretto,1963-04-27,1963,1963-06-22,0.2,1,0,0,9,17,9
Matt Lucas,1963-05-04,1963,1963-06-29,0.2,1,0,0,9,56,9
Tom Glazer And The Do-Re-Mi Children's Chorus,1963-06-01,1963,1963-07-27,0.2,1,0,0,9,14,9
Count Basie,1963-06-01,1963,1963-07-27,0.2,1,0,0,9,77,9
The Glencoves,1963-06-15,1963,1963-08-10,0.2,1,0,0,9,38,9
The Classics,1963-06-22,1963,1963-08-17,0.2,1,0,0,9,20,9
Andrea Carroll,1963-07-20,1963,1963-09-14,0.2,1,0,0,9,45,9
The High Keyes,1963-07-27,1963,1963-09-21,0.2,1,0,0,9,47,9
Diane Ray,1963-08-03,1963,1963-09-28,0.2,1,0,0,9,31,9
Brooks O'Dell,1963-12-14,1963,1964-02-08,0.2,1,0,0,9,58,9
The Baja Marimba Band,1963-12-21,1963,1964-02-15,0.2,1,0,0,9,41,9
Z.Z. Hill,1964-03-07,1964,1971-07-03,7.3,3,0,0,9,62,3
Bernadette Carroll,1964-05-16,1964,1964-07-11,0.2,1,0,0,9,47,9
Rita Pavone,1964-06-06,1964,1964-08-01,0.2,1,0,0,9,26,9
The Premiers,1964-06-20,1964,1964-08-15,0.2,1,0,0,9,19,9
The Rag Dolls,1964-09-12,1964,1965-02-27,0.5,2,0,0,9,55,4.5
Mickey Lee Lane,1964-10-10,1964,1964-12-05,0.2,1,0,0,9,38,9
"The ""You Know Who"" Group!",1964-11-28,1964,1965-01-23,0.2,1,0,0,9,43,9
Eddie Rambeau,1965-05-01,1965,1965-06-26,0.2,1,0,0,9,35,9
The Marvelows,1965-05-15,1965,1965-07-10,0.2,1,0,0,9,37,9
The Astors,1965-07-10,1965,1965-09-04,0.2,1,0,0,9,63,9
Mike Douglas,1965-12-25,1965,1966-02-19,0.2,1,1,0,9,6,9
David & Jonathan,1966-01-08,1966,1966-03-05,0.2,1,0,0,9,18,9
Norma Tanega,1966-02-26,1966,1966-04-23,0.2,1,0,0,9,22,9
Frank Gallop,1966-04-16,1966,1966-06-11,0.2,1,0,0,9,34,9
The Holidays,1966-05-07,1966,1966-07-02,0.2,1,0,0,9,63,9
The Leaves,1966-05-21,1966,1966-07-16,0.2,1,0,0,9,31,9
The Shadows Of Knight,1966-06-04,1966,1966-12-24,0.6,3,0,0,9,39,3
The Sidekicks,1966-08-06,1966,1966-10-01,0.2,1,0,0,9,55,9
Walter Wanderley,1966-08-27,1966,1966-10-22,0.2,1,0,0,9,26,9
Baja Marimba Band,1966-11-26,1966,1967-08-12,0.7,3,0,0,9,52,3
The Emperor's,1966-12-03,1966,1967-01-28,0.2,1,0,0,9,55,9
Jimmy Castor,1966-12-31,1966,1967-02-25,0.2,1,0,0,9,31,9
Jack Greene,1967-01-07,1967,1967-03-04,0.2,1,0,0,9,65,9
Lou Courtney,1967-01-28,1967,1967-04-22,0.2,2,0,0,9,71,4.5
The Fantastic Four,1967-03-25,1967,1967-05-20,0.2,1,0,0,9,63,9
Jerry Jaye,1967-04-15,1967,1967-06-10,0.2,1,0,0,9,29,9
The Third Rail,1967-08-05,1967,1967-09-30,0.2,1,0,0,9,53,9
Al Kent,1967-08-19,1967,1967-10-14,0.2,1,0,0,9,49,9
Jerryo,1967-09-16,1967,1967-11-25,0.2,1,0,0,9,51,9
Kenny O'Dell,1967-11-18,1967,1968-03-02,0.3,2,0,0,9,38,4.5
Madeline Bell,1968-02-10,1968,1968-04-06,0.2,1,0,0,9,26,9
Ollie & The Nightingales,1968-04-06,1968,1968-06-01,0.2,1,0,0,9,73,9
The Equals,1968-09-07,1968,1968-11-02,0.2,1,0,0,9,32,9
Tommy Leonetti,1969-01-18,1969,1969-03-15,0.2,1,0,0,9,54,9
Glen Campbell & Bobbie Gentry,1969-01-25,1969,1969-03-22,0.2,1,0,0,9,36,9
Billie Jo Spears,1969-04-26,1969,1975-06-14,6.1,2,0,0,9,78,4.5
Peppermint Rainbow,1969-06-14,1969,1969-08-09,0.2,1,0,0,9,54,9
Eddie Bo,1969-08-02,1969,1969-09-27,0.2,1,0,0,9,73,9
Wind,1969-09-06,1969,1969-11-01,0.2,1,0,0,9,28,9
Keith Barbour,1969-09-27,1969,1969-11-22,0.2,1,0,0,9,40,9
Gloria Taylor,1969-11-08,1969,1970-01-03,0.2,1,0,0,9,49,9
Otis Leavill,1969-11-29,1969,1970-01-24,0.2,1,0,0,9,63,9
The New Hope,1970-01-03,1970,1970-02-28,0.2,1,0,0,9,57,9
Doris Duke,1970-02-28,1970,1970-04-25,0.2,1,0,0,9,50,9
Miguel Rios,1970-06-13,1970,1970-08-08,0.2,1,0,0,9,14,9
Freddy Robinson,1970-07-25,1970,1970-09-19,0.2,1,0,0,9,56,9
Ernie (Jim Henson),1970-08-15,1970,1970-10-10,0.2,1,0,0,9,16,9
Hotlegs,1970-08-22,1970,1970-10-17,0.2,1,0,0,9,22,9
Gary Puckett,1970-10-31,1970,1971-03-06,0.3,2,0,0,9,61,4.5
"Israel ""Popper Stopper"" Tolbert",1970-10-31,1970,1970-12-26,0.2,1,0,0,9,61,9
McGuinness Flint,1971-01-09,1971,1971-03-06,0.2,1,0,0,9,47,9
Emitt Rhodes,1971-01-09,1971,1971-03-06,0.2,1,0,0,9,54,9
Francis Lai And His Orchestra,1971-01-30,1971,1971-03-27,0.2,1,0,0,9,31,9
Susan Raye,1971-04-17,1971,1971-06-12,0.2,1,0,0,9,54,9
Davy Jones,1971-06-19,1971,1971-08-14,0.2,1,0,0,9,52,9
Tom Clay,1971-07-10,1971,1971-09-04,0.2,1,1,0,9,8,9
Messengers,1971-09-11,1971,1971-11-06,0.2,1,0,0,9,62,9
John Lennon Plastic Ono Band,1971-10-23,1971,1971-12-18,0.2,1,1,0,9,3,9
Carroll O'Connor And Jean Stapleton (As The Bunkers),1971-12-11,1971,1972-02-05,0.2,1,0,0,9,43,9
Goose Creek Symphony,1972-01-29,1972,1972-03-25,0.2,1,0,0,9,64,9
Paul Williams,1972-02-19,1972,1972-04-15,0.2,1,0,0,9,60,9
Carlo Savina,1972-04-22,1972,1972-06-17,0.2,1,0,0,9,66,9
(The Preacher) Bobby Womack,1972-05-06,1972,1972-07-01,0.2,1,0,0,9,60,9
The Pipes And Drums And The Military Band Of The Royal Scots Dragoon Guards,1972-05-20,1972,1972-07-15,0.2,1,0,0,9,11,9
Danyel Gerard,1972-06-10,1972,1972-08-05,0.2,1,0,0,9,78,9
Casey Kelly,1972-09-23,1972,1972-11-18,0.2,1,0,0,9,52,9
Valerie Simpson,1972-12-09,1972,1973-02-03,0.2,1,0,0,9,63,9
Les Emmerson,1973-01-13,1973,1973-03-10,0.2,1,0,0,9,51,9
Shawn Phillips,1973-01-13,1973,1973-03-17,0.2,2,0,0,9,63,4.5
Afrique,1973-06-09,1973,1973-08-04,0.2,1,0,0,9,47,9
Manu Dibango,1973-06-23,1973,1973-08-18,0.2,1,0,0,9,35,9
Bill Amesbury,1974-02-16,1974,1974-04-13,0.2,1,0,0,9,59,9
Cozy Powell,1974-03-16,1974,1974-05-11,0.2,1,0,0,9,49,9
Edgar Winter,1974-07-20,1974,1974-09-14,0.2,1,0,0,9,33,9
Odia Coates,1975-03-01,1975,1975-05-03,0.2,2,0,0,9,71,4.5
The Brecker Brothers,1975-06-07,1975,1975-08-02,0.2,1,0,0,9,58,9
Sly Stone,1975-09-06,1975,1975-11-01,0.2,1,0,0,9,52,9
Firefly,1975-10-18,1975,1975-12-20,0.2,1,0,0,9,67,9
David Crosby/Graham Nash,1975-11-15,1975,1976-08-21,0.8,2,0,0,9,52,4.5
Jonathan Cain,1976-01-10,1976,1976-03-06,0.2,1,0,0,9,44,9
The Band Of The Black Watch,1976-01-31,1976,1976-03-27,0.2,1,0,0,9,75,9
Marmalade,1976-03-27,1976,1976-05-22,0.2,1,0,0,9,49,9
The Don Harrison Band,1976-04-24,1976,1976-06-19,0.2,1,0,0,9,47,9
Double Exposure,1976-06-19,1976,1976-08-14,0.2,1,0,0,9,54,9
Dana Valery,1976-06-19,1976,1980-02-16,3.7,2,0,0,9,87,4.5
Shirley & Squirrely,1976-07-17,1976,1976-09-11,0.2,1,0,0,9,48,9
Mesa,1977-02-26,1977,1977-04-23,0.2,1,0,0,9,55,9
Stallion,1977-03-12,1977,1977-05-07,0.2,1,0,0,9,37,9
David Castle,1977-09-24,1977,1978-01-14,0.3,2,0,0,9,68,4.5
Marilyn Scott,1977-12-10,1977,1978-02-04,0.2,1,0,0,9,61,9
Pockets,1978-01-07,1978,1978-03-04,0.2,1,0,0,9,84,9
Bill LaBounty,1978-05-27,1978,1978-07-22,0.2,1,0,0,9,65,9
Diana Ross & Michael Jackson,1978-09-09,1978,1978-11-04,0.2,1,0,0,9,41,9
Peter Tosh,1978-11-04,1978,1983-07-30,4.7,2,0,0,9,81,4.5
The Raes,1978-12-16,1978,1979-02-10,0.2,1,0,0,9,61,9
Voyage,1979-02-17,1979,1979-04-14,0.2,1,0,0,9,41,9
Louise Goffin,1979-08-18,1979,1979-10-13,0.2,1,0,0,9,43,9
Ian Lloyd,1979-10-13,1979,1979-12-08,0.2,1,0,0,9,50,9
Mistress,1979-11-10,1979,1980-01-05,0.2,1,0,0,9,49,9
Yellow Magic Orchestra,1980-02-02,1980,1980-03-29,0.2,1,0,0,9,60,9
Rossington Collins Band,1980-07-26,1980,1980-09-20,0.2,1,0,0,9,55,9
Robbin Thompson Band,1980-10-18,1980,1980-12-13,0.2,1,0,0,9,66,9
Melissa Manchester & Peabo Bryson,1981-02-28,1981,1981-04-25,0.2,1,0,0,9,54,9
Get Wet,1981-04-25,1981,1981-06-20,0.2,1,0,0,9,39,9
The Dillman Band,1981-05-09,1981,1981-07-04,0.2,1,0,0,9,45,9
Ronnie Laws,1981-09-12,1981,1981-11-07,0.2,1,0,0,9,60,9
Sheila,1981-12-05,1981,1982-01-30,0.2,1,0,0,9,49,9
O'Bryan,1982-03-27,1982,1982-05-22,0.2,1,0,0,9,57,9
Walter Murphy,1982-07-31,1982,1982-09-25,0.2,1,0,0,9,47,9
Wolf,1982-12-11,1982,1983-02-05,0.2,1,0,0,9,55,9
Little Steven,1982-12-25,1982,1983-02-19,0.2,1,0,0,9,63,9
Robert Hazard,1983-03-05,1983,1983-04-30,0.2,1,0,0,9,58,9
Wall Of Voodoo,1983-03-19,1983,1983-05-14,0.2,1,0,0,9,58,9
Planet P,1983-04-16,1983,1983-06-11,0.2,1,0,0,9,64,9
F.R. David,1983-07-23,1983,1983-09-17,0.2,1,0,0,9,62,9
Wham! U.K.,1983-08-20,1983,1983-10-15,0.2,1,0,0,9,60,9
Klique,1983-10-08,1983,1983-12-03,0.2,1,0,0,9,50,9
The Headpins,1983-12-24,1983,1984-02-18,0.2,1,0,0,9,70,9
Stacy Lattisaw & Johnny Gill,1984-03-10,1984,1984-05-05,0.2,1,0,0,9,75,9
Cherelle,1984-07-07,1984,1984-09-01,0.2,1,0,0,9,79,9
Carol Lynn Townes,1984-07-07,1984,1984-09-01,0.2,1,0,0,9,77,9
Elvis Costello & The Atrractions,1984-07-28,1984,1984-09-22,0.2,1,0,0,9,56,9
Band-Aid,1984-12-22,1984,1985-02-16,0.2,1,0,0,9,13,9
Kim Mitchell,1985-05-18,1985,1985-07-13,0.2,1,0,0,9,86,9
Nick Lowe And His Cowboy Outfit,1985-11-30,1985,1986-01-25,0.2,1,0,0,9,77,9
The Chicago Bears Shufflin' Crew,1986-01-11,1986,1986-03-08,0.2,1,0,0,9,41,9
Tom Petty & The Heartbreakers,1986-02-01,1986,1986-03-29,0.2,1,0,0,9,37,9
The Truth,1987-05-09,1987,1987-07-04,0.2,1,0,0,9,65,9
Blue Zone U.K.,1988-08-13,1988,1988-10-08,0.2,1,0,0,9,54,9
Holly Knight,1988-09-03,1988,1988-10-29,0.2,1,0,0,9,59,9
Kevin Raleigh,1989-05-20,1989,1989-07-15,0.2,1,0,0,9,60,9
The Graces,1989-08-12,1989,1989-10-07,0.2,1,0,0,9,56,9
Yvonne,1990-01-27,1990,1990-03-24,0.2,1,0,0,9,88,9
Peter Murphy,1990-03-24,1990,1990-05-19,0.2,1,0,0,9,55,9
49-ers,1990-06-16,1990,1990-08-11,0.2,1,0,0,9,78,9
Little Caesar,1990-06-16,1990,1991-03-30,0.8,2,0,0,9,79,4.5
Ms. Adventures,1990-09-01,1990,1990-10-27,0.2,1,0,0,9,73,9
The London Quireboys,1990-09-22,1990,1990-11-17,0.2,1,0,0,9,76,9
Vaughan Brothers,1990-10-20,1990,1990-12-15,0.2,1,0,0,9,65,9
D'zyre,1991-06-08,1991,1991-08-03,0.2,1,0,0,9,77,9
B.G. The Prince Of Rap,1991-08-17,1991,1991-10-12,0.2,1,0,0,9,72,9
Geoffrey Williams,1992-03-21,1992,1992-05-16,0.2,1,0,0,9,70,9
Ephraim Lewis,1992-09-12,1992,1992-11-07,0.2,1,0,0,9,72,9
Michael Cooper,1993-03-13,1993,1993-05-08,0.2,1,0,0,9,67,9
George Michael & Queen,1993-05-15,1993,1993-07-10,0.2,1,0,0,9,30,9
Jordy,1993-06-19,1993,1993-08-14,0.2,1,0,0,9,58,9
Souls Of Mischief,1993-11-13,1993,1994-01-08,0.2,1,0,0,9,72,9
Doug Stone,1994-01-01,1994,1994-02-26,0.2,1,0,0,9,81,9
Da Youngsta's,1994-09-24,1994,1994-11-19,0.2,1,0,0,9,68,9
Jewell,1995-01-28,1995,1995-03-25,0.2,1,0,0,9,72,9
Portishead,1995-02-11,1995,1995-04-08,0.2,1,0,0,9,53,9
Chef Raekwon,1995-07-15,1995,1995-09-09,0.2,1,0,0,9,43,9
Twinz,1995-08-19,1995,1995-10-14,0.2,1,0,0,9,84,9
Edwyn Collins,1995-10-28,1995,1995-12-23,0.2,1,0,0,9,32,9
Devone,1996-01-20,1996,1996-03-16,0.2,1,0,0,9,70,9
Buffy,1996-03-16,1996,1996-05-11,0.2,1,0,0,9,78,9
Mindy McCready,1996-08-31,1996,1996-10-26,0.2,1,0,0,9,72,9
Tha Alkaholiks,1997-06-28,1997,1997-08-23,0.2,1,0,0,9,66,9
Shae Jones,1999-01-02,1999,1999-02-27,0.2,1,0,0,9,88,9
Before Dark,2000-05-20,2000,2000-07-15,0.2,1,0,0,9,77,9
Whitney Houston & Deborah Cox,2000-06-17,2000,2000-08-12,0.2,1,0,0,9,70,9
"Three The... G. Dep, P. Diddy & Black Rob",2001-05-26,2001,2001-07-21,0.2,1,0,0,9,80,9
Coo Coo Cal,2001-08-04,2001,2001-09-29,0.2,1,0,0,9,81,9
Las Ketchup,2002-10-12,2002,2002-12-07,0.2,1,0,0,9,54,9
Killer Mike,2003-02-15,2003,2003-04-12,0.2,1,0,0,9,60,9
Jane's Addiction,2003-07-26,2003,2003-09-20,0.2,1,0,0,9,72,9
Bad Boy's Da Band,2003-10-25,2003,2003-12-20,0.2,1,0,0,9,50,9
Nitty,2004-09-18,2004,2004-11-13,0.2,1,0,0,9,87,9
Wisin & Yandel,2005-12-10,2005,2007-12-15,2.0,3,0,0,9,85,3
Ludacris & Field Mob,2005-12-31,2005,2006-02-25,0.2,1,0,0,9,39,9
Lady Sovereign,2006-10-28,2006,2007-01-20,0.2,1,0,0,9,45,9
RBD,2006-11-04,2006,2007-01-06,0.2,2,0,0,9,65,4.5
U2 & Green Day,2006-12-02,2006,2007-02-03,0.2,1,0,0,9,51,9
UGK,2007-08-25,2007,2007-10-20,0.2,1,0,0,9,70,9
Zac Efron & Vanessa Anne Hudgens,2007-09-01,2007,2007-09-22,0.1,3,0,0,9,31,3
Alvin And The Chipmunks,2008-01-05,2008,2008-01-26,0.1,4,0,0,9,62,2.2
Thriving Ivory,2009-01-31,2009,2009-03-28,0.2,1,0,0,9,75,9
K'Naan,2009-03-14,2009,2012-04-28,3.1,2,0,0,9,82,4.5
Spose,2010-04-03,2010,2010-05-29,0.2,1,0,0,9,37,9
Josh Thompson,2010-09-11,2010,2010-11-06,0.2,1,0,0,9,85,9
Casey James,2013-01-05,2013,2013-03-02,0.2,1,0,0,9,88,9
Dillon Francis & DJ Snake,2015-04-18,2015,2015-06-20,0.2,1,0,0,9,61,9
Bandit Gang Marco,2015-05-09,2015,2015-07-04,0.2,1,0,0,9,41,9
Young Greatness,2016-04-16,2016,2016-06-25,0.2,1,0,0,9,85,9
William Michael Morgan,2016-09-10,2016,2016-11-05,0.2,1,0,0,9,60,9
The Revivalists,2017-08-19,2017,2017-10-14,0.2,1,0,0,9,84,9
Maluma X Nego do Borel,2018-01-13,2018,2018-03-17,0.2,1,0,0,9,87,9
Pitbull x El Chombo x Karol G,2018-05-05,2018,2018-06-30,0.2,1,0,0,9,36,9
Alec Benjamin + Alessia Cara,2019-01-26,2019,2019-05-04,0.3,1,0,0,9,79,9
Lil Peep & iLoveMakonnen,2019-03-23,2019,2019-05-18,0.2,1,0,0,9,62,9
Ozuna x Daddy Yankee x J Balvin x Farruko x Anuel AA,2019-05-11,2019,2019-07-06,0.2,1,0,0,9,69,9
Lil Nas X & Cardi B Or Nas,2019-07-06,2019,2020-02-22,0.6,1,0,0,9,22,9
Kygo X Whitney Houston,2019-07-13,2019,2019-11-16,0.3,1,0,0,9,63,9
BrockHampton,2020-01-18,2020,2020-03-21,0.2,1,0,0,9,66,9
42 Dugg,2021-06-05,2021,2021-12-11,0.5,1,0,0,9,68,9
"Los Legendarios, Wisin & Jhay Cortez",2021-06-26,2021,2021-08-21,0.2,1,0,0,9,62,9
Oliver Tree & Robin Schulz,2022-11-05,2022,2023-02-04,0.2,1,0,0,9,84,9
Fuerza Regida X Natanael Cano,2023-04-08,2023,2023-06-03,0.2,1,0,0,9,68,9
Jung Kook & Jack Harlow,2023-10-14,2023,2023-12-16,0.2,1,1,0,9,5,9
$uicideboy$,2024-06-29,2024,2026-01-10,1.5,7,0,0,9,54,1.3
Brandon Lake,2024-11-23,2024,2025-04-26,0.4,1,0,0,9,51,9
"Bad Bunny, Omar Courtz & Dei V",2025-01-18,2025,2026-02-28,1.1,1,0,0,9,23,9
Dareyes de La Sierra,2025-08-02,2025,2025-09-27,0.2,1,0,0,9,82,9
Olivia Rodrigo & Robert Smith,2026-06-27,2026,2026-08-22,0.2,1,0,0,9,17,9
Shakira X Burna Boy,2026-06-27,2026,2026-08-22,0.2,1,0,0,9,17,9
The Danleers,1958-08-04,1958,1958-09-22,0.1,1,0,0,8,16,8
The Crickets,1958-08-04,1958,1958-09-15,0.1,2,0,0,8,27,4
Jimmy Bowen,1958-08-04,1958,1958-09-22,0.1,1,0,0,8,50,8
Ed Townsend,1958-08-04,1958,1958-11-10,0.3,2,0,0,8,59,4
Boots Brown And His Blockbusters,1958-08-11,1958,1958-09-29,0.1,1,0,0,8,62,8
Enoch Light & The Light Brigade,1958-11-10,1958,1959-06-15,0.6,2,0,0,8,48,4
Paul Anka-Geo. Hamilton IV-Johnny Nash,1958-12-01,1958,1959-01-19,0.1,1,0,0,8,29,8
The Wild-Cats,1959-01-05,1959,1959-02-23,0.1,1,0,0,8,57,8
The Morgan Brothers,1959-02-09,1959,1959-03-30,0.1,1,0,0,8,50,8
The Rockin R's,1959-03-23,1959,1959-05-11,0.1,1,0,0,8,57,8
Dean & Marc,1959-03-23,1959,1959-05-18,0.2,1,0,0,8,42,8
Roger Smith,1959-06-29,1959,1959-08-17,0.1,1,0,0,8,64,8
Bob McFadden And Dor,1959-08-24,1959,1959-10-12,0.1,1,0,0,8,39,8
Dick Flood,1959-08-31,1959,1959-10-19,0.1,1,0,0,8,23,8
Willy Alberti,1959-11-30,1959,1960-01-18,0.1,1,0,0,8,42,8
Frank Chacksfield And His Orch.,1960-01-25,1960,1960-03-14,0.1,1,0,0,8,47,8
Marty Wilde,1960-02-08,1960,1960-03-28,0.1,1,0,0,8,45,8
Les Compagnons De La Chanson,1960-03-07,1960,1960-04-25,0.1,1,0,0,8,60,8
"Joiner, Arkansas Junior High School Band",1960-05-16,1960,1960-07-04,0.1,1,0,0,8,53,8
Nat King Cole-Stan Kenton,1960-08-01,1960,1960-09-19,0.1,1,0,0,8,47,8
Felix Slatkin Orchestra and Chorus,1960-10-03,1960,1960-11-28,0.2,1,0,0,8,70,8
David Carroll And His Orchestra,1960-10-24,1960,1962-04-21,1.5,2,0,0,8,61,4
Tobin Mathews & Co.,1960-10-31,1960,1960-12-19,0.1,1,0,0,8,30,8
The Ramblers,1960-12-05,1960,1964-08-29,3.7,2,0,0,8,73,4
The Shells,1960-12-19,1960,1961-02-06,0.1,1,0,0,8,21,8
Jerry Murad's Harmonicats,1960-12-26,1960,1961-02-20,0.2,1,0,0,8,56,8
The Frogmen,1961-04-03,1961,1961-05-22,0.1,1,0,0,8,44,8
Paul Peek,1961-05-15,1961,1966-05-14,5.0,2,0,0,8,84,4
Neil Scott,1961-06-12,1961,1961-07-31,0.1,1,0,0,8,58,8
Philip Upchurch Combo,1961-06-19,1961,1961-08-07,0.1,1,0,0,8,29,8
Rick And The Keens,1961-07-03,1961,1961-08-21,0.1,1,0,0,8,60,8
"Karl Hammel, Jr.",1961-07-31,1961,1961-09-25,0.2,1,0,0,8,68,8
Sims Twins,1961-10-23,1961,1962-01-06,0.2,1,0,0,8,42,8
Huey Smith,1962-02-17,1962,1962-04-07,0.1,1,0,0,8,51,8
Little Junior Parker,1962-03-10,1962,1962-04-28,0.1,1,0,0,8,51,8
Jennell Hawkins,1962-03-24,1962,1962-05-12,0.1,1,0,0,8,50,8
Al Casey Combo,1962-04-07,1962,1962-09-08,0.4,2,0,0,8,71,4
Jackie Wilson & Linda Hopkins,1962-04-21,1962,1963-07-06,1.2,2,0,0,8,42,4
Teddy & The Twilights,1962-05-19,1962,1962-07-07,0.1,1,0,0,8,59,8
Jimmy Norman,1962-06-16,1962,1962-08-04,0.1,1,0,0,8,47,8
Rex Allen,1962-09-15,1962,1962-11-03,0.1,1,0,0,8,17,8
Trade Martin,1962-10-20,1962,1962-12-08,0.1,1,0,0,8,28,8
Lonnie Russ,1962-12-08,1962,1963-01-26,0.1,1,0,0,8,57,8
Marion Worth,1962-12-29,1962,1963-02-16,0.1,1,0,0,8,42,8
Johnny Beecher and his Buckingham Road Quintet,1963-03-02,1963,1963-04-20,0.1,1,0,0,8,65,8
George McCurn,1963-03-02,1963,1963-04-20,0.1,1,0,0,8,55,8
The Appalachians,1963-03-30,1963,1963-05-18,0.1,1,0,0,8,62,8
The Blenders,1963-07-06,1963,1963-08-31,0.2,1,0,0,8,61,8
Al Casey,1963-07-13,1963,1963-08-31,0.1,1,0,0,8,48,8
Billy Abbott And The Jewels,1963-07-20,1963,1963-09-07,0.1,1,0,0,8,55,8
Jimmy Durante,1963-09-07,1963,1963-10-26,0.1,1,0,0,8,51,8
Keith Colley,1963-09-14,1963,1963-11-02,0.1,1,0,0,8,66,8
Donald Jenkins & The Delighters,1963-09-14,1963,1963-11-02,0.1,1,0,0,8,64,8
The David Rockingham Trio,1963-11-09,1963,1963-12-28,0.1,1,0,0,8,62,8
Pete Seeger,1964-01-11,1964,1964-02-29,0.1,1,0,0,8,70,8
Bruce & Terry,1964-02-22,1964,1964-08-22,0.5,2,0,0,8,72,4
Lucille Starr,1964-05-16,1964,1964-07-04,0.1,1,0,0,8,54,8
Round Robin,1964-05-30,1964,1964-07-18,0.1,1,0,0,8,61,8
Alvin Robinson,1964-06-06,1964,1964-07-25,0.1,1,0,0,8,52,8
Earl-Jean,1964-06-27,1964,1964-08-15,0.1,1,0,0,8,38,8
George Martin And His Orch.,1964-07-25,1964,1964-09-19,0.2,1,0,0,8,53,8
The Blendells,1964-09-12,1964,1964-10-31,0.1,1,0,0,8,62,8
The Gestures,1964-11-14,1964,1965-01-02,0.1,1,0,0,8,44,8
Harold Betters,1964-11-14,1964,1965-01-02,0.1,1,0,0,8,74,8
The Uniques,1965-03-20,1965,1966-07-09,1.3,2,0,0,8,66,4
Tom and Jerrio,1965-05-01,1965,1965-06-19,0.1,1,0,0,8,47,8
Little Caesar And The Consuls,1965-08-14,1965,1965-10-02,0.1,1,0,0,8,50,8
James Brown At The Organ,1965-11-20,1965,1966-01-08,0.1,1,0,0,8,63,8
Neal Hefti,1966-02-12,1966,1966-04-02,0.1,1,0,0,8,35,8
Ko Ko Taylor,1966-04-23,1966,1966-06-11,0.1,1,0,0,8,58,8
Susan Christie,1966-06-11,1966,1966-07-30,0.1,1,0,0,8,63,8
The Buena Vistas,1966-07-02,1966,1968-06-22,2.0,2,0,0,8,87,4
Rosco Robinson,1966-08-06,1966,1966-09-24,0.1,1,0,0,8,62,8
The Thirteenth Floor Elevators,1966-08-20,1966,1966-10-08,0.1,1,0,0,8,55,8
The Dynatones,1966-09-03,1966,1966-10-22,0.1,1,0,0,8,53,8
The Young Holt Trio,1966-12-17,1966,1967-02-04,0.1,1,0,0,8,40,8
The Gunter Kallmann Chorus,1966-12-24,1966,1967-02-11,0.1,1,0,0,8,63,8
The Parade,1967-04-15,1967,1967-06-03,0.1,1,0,0,8,20,8
Don And The Goodtimes,1967-04-22,1967,1967-07-29,0.3,2,0,0,8,56,4
Pieces Of Eight,1967-06-24,1967,1967-08-12,0.1,1,0,0,8,59,8
The Forum,1967-07-08,1967,1967-08-26,0.1,1,0,0,8,45,8
Mickey Murray,1967-10-07,1967,1967-11-25,0.1,1,0,0,8,54,8
Erma Franklin,1967-11-04,1967,1967-12-23,0.1,1,0,0,8,62,8
Calvin Arnold,1968-01-13,1968,1968-03-02,0.1,1,0,0,8,72,8
The Balloon Farm,1968-02-24,1968,1968-04-13,0.1,1,0,0,8,37,8
Pigmeat Markham,1968-06-15,1968,1968-08-03,0.1,1,0,0,8,19,8
The Cherry People,1968-07-20,1968,1968-09-07,0.1,1,0,0,8,45,8
Jerry Jeff Walker,1968-07-27,1968,1973-08-11,5.0,2,0,0,8,77,4
Gene Chandler & Barbara Acklin,1968-10-19,1968,1968-12-07,0.1,1,0,0,8,57,8
Paul Mauriat,1968-11-23,1968,1969-01-11,0.1,1,0,0,8,76,8
Thee Prophets,1969-03-08,1969,1969-04-26,0.1,1,0,0,8,49,8
Dick Hyman & His Electric Eclectics,1969-05-31,1969,1969-07-19,0.1,1,0,0,8,38,8
Cat Mother & the All Night News Boys,1969-06-28,1969,1969-08-16,0.1,1,0,0,8,21,8
Johnny Cash & June Carter,1970-01-24,1970,1970-03-14,0.1,1,0,0,8,36,8
Vincent Bell,1970-04-11,1970,1970-05-30,0.1,1,0,0,8,31,8
Bert Sommer,1970-08-08,1970,1970-09-26,0.1,1,0,0,8,48,8
Gypsy,1970-12-05,1970,1971-01-23,0.1,1,0,0,8,62,8
John Rowles,1971-01-02,1971,1971-02-20,0.1,1,0,0,8,64,8
Whatnauts,1971-04-17,1971,1971-09-04,0.4,2,0,0,8,71,4
Joy Of Cooking,1971-04-24,1971,1971-06-12,0.1,1,0,0,8,66,8
Waldo De Los Rios,1971-06-19,1971,1971-08-07,0.1,1,0,0,8,67,8
Dionne Warwicke,1971-08-07,1971,1972-03-25,0.6,2,0,0,8,83,4
Nolan,1971-09-18,1971,1971-11-20,0.2,1,0,0,8,70,8
Layng Martine,1971-10-02,1971,1971-11-20,0.1,1,0,0,8,65,8
Michel Legrand,1972-01-29,1972,1972-03-18,0.1,1,0,0,8,56,8
Lunar Funk,1972-02-05,1972,1972-03-25,0.1,1,0,0,8,63,8
Terry Black & Laurel Ward,1972-02-12,1972,1972-04-01,0.1,1,0,0,8,57,8
Giorgio,1972-03-04,1972,1972-04-22,0.1,1,0,0,8,46,8
Bang,1972-04-22,1972,1990-08-18,18.3,2,0,0,8,90,4
Chris Hodge,1972-06-03,1972,1972-07-22,0.1,1,0,0,8,44,8
The James Brown Soul Train,1972-06-24,1972,1972-08-12,0.1,1,0,0,8,44,8
Danny Holien,1972-09-09,1972,1972-10-28,0.1,1,0,0,8,66,8
The Delegates,1972-10-21,1972,1972-12-09,0.1,1,1,0,8,8,8
The Heywoods,1972-10-28,1972,1972-12-16,0.1,1,0,0,8,64,8
Peter Skellern,1972-11-25,1972,1973-01-13,0.1,1,0,0,8,50,8
Cal Smith,1973-03-10,1973,1973-04-28,0.1,1,0,0,8,64,8
Tufano & Giammarese,1973-04-28,1973,1973-06-23,0.2,1,0,0,8,68,8
Nino Tempo And 5th Ave. Sax,1973-09-22,1973,1973-11-10,0.1,1,0,0,8,53,8
Don Goodwin,1973-12-08,1973,1974-01-26,0.1,1,0,0,8,86,8
Splinter,1974-12-14,1974,1975-02-01,0.1,1,0,0,8,77,8
Charlie Kulis,1975-03-15,1975,1975-05-03,0.1,1,0,0,8,46,8
Boomer Castleman,1975-05-03,1975,1975-06-21,0.1,1,0,0,8,33,8
Fox,1975-08-23,1975,1975-10-11,0.1,1,0,0,8,53,8
Purple Reign,1975-11-22,1975,1976-01-10,0.1,1,0,0,8,48,8
Soul Train Gang,1975-12-06,1975,1977-08-27,1.7,2,0,0,8,75,4
C.C. & Company,1976-01-03,1976,1976-02-21,0.1,1,0,0,8,91,8
Special Delivery,1976-05-29,1976,1976-07-17,0.1,1,0,0,8,75,8
The Real Thing,1976-07-17,1976,1976-09-04,0.1,1,0,0,8,64,8
Michael Franks,1976-08-07,1976,1976-09-25,0.1,1,0,0,8,43,8
Sherbet,1976-08-21,1976,1976-10-09,0.1,1,0,0,8,61,8
Mother's Finest,1976-09-04,1976,1977-10-15,1.1,2,0,0,8,58,4
Graham Parker And The Rumour,1977-04-09,1977,1977-05-28,0.1,1,0,0,8,58,8
Carrie,1977-04-30,1977,1977-06-18,0.1,1,0,0,8,64,8
Kellee Patterson,1977-12-17,1977,1978-02-04,0.1,1,0,0,8,75,8
Eloise Laws,1978-01-14,1978,1978-03-25,0.2,2,0,0,8,91,4
Doucette,1978-04-08,1978,1978-05-27,0.1,1,0,0,8,72,8
Joey Travolta,1978-06-03,1978,1978-07-22,0.1,1,0,0,8,43,8
Kristy And Jimmy McNichol,1978-07-22,1978,1978-09-09,0.1,1,0,0,8,70,8
Johnny Mathis & Deniece Williams,1978-07-29,1978,1978-09-16,0.1,1,0,0,8,47,8
Trooper,1978-08-05,1978,1978-09-23,0.1,1,0,0,8,59,8
The McCrarys,1978-08-19,1978,1978-10-07,0.1,1,0,0,8,45,8
Gene Simmons,1978-12-02,1978,1979-01-20,0.1,1,0,0,8,47,8
"Diana Ross, Marvin Gaye, Smokey Robinson & Stevie Wonder",1979-01-20,1979,1979-03-10,0.1,1,0,0,8,59,8
Third World,1979-02-10,1979,1979-03-31,0.1,1,0,0,8,47,8
The Marc Tanner Band,1979-03-03,1979,1979-04-21,0.1,1,0,0,8,45,8
Errol Sober,1979-03-31,1979,1979-05-19,0.1,1,0,0,8,65,8
Bonnie Boyer,1979-07-28,1979,1979-09-15,0.1,1,0,0,8,43,8
Fern Kinney,1979-08-18,1979,1979-10-06,0.1,1,0,0,8,54,8
Mike Pinera,1980-01-05,1980,1980-02-23,0.1,1,0,0,8,70,8
Festival,1980-03-08,1980,1980-04-26,0.1,1,0,0,8,72,8
Korona,1980-03-22,1980,1980-05-10,0.1,1,0,0,8,43,8
Russ Ballard,1980-06-14,1980,1980-08-02,0.1,1,0,0,8,58,8
Roy Orbison & Emmylou Harris,1980-06-28,1980,1980-08-16,0.1,1,0,0,8,55,8
The Kingbees,1980-06-28,1980,1980-08-16,0.1,1,0,0,8,81,8
Lenore O'malley,1980-07-26,1980,1980-09-13,0.1,1,0,0,8,53,8
Amii Stewart & Johnny Bristol,1980-08-30,1980,1980-10-18,0.1,1,0,0,8,63,8
Peter Allen,1981-01-10,1981,1981-02-28,0.1,1,0,0,8,55,8
Lakeside,1981-01-31,1981,1981-03-21,0.1,1,0,0,8,55,8
The Joe Chemay Band,1981-02-14,1981,1981-04-04,0.1,1,0,0,8,68,8
T.S. Monk,1981-02-21,1981,1981-04-11,0.1,1,0,0,8,63,8
Andy Gibb & Victoria Principal,1981-08-15,1981,1981-10-03,0.1,1,0,0,8,51,8
Dave Stewart and Barbara Gaskin,1981-12-19,1981,1982-02-06,0.1,1,0,0,8,72,8
Larry Carlton,1982-02-27,1982,1982-04-17,0.1,1,0,0,8,74,8
The Boys Band,1982-03-06,1982,1982-04-24,0.1,1,0,0,8,61,8
The Monroes,1982-05-29,1982,1982-07-17,0.1,1,0,0,8,59,8
Axe,1982-07-24,1982,1983-10-29,1.3,2,0,0,8,64,4
Toronto,1982-08-07,1982,1982-09-25,0.1,1,0,0,8,77,8
Unipop,1982-12-25,1982,1983-02-12,0.1,1,0,0,8,71,8
Randy Newman & Paul Simon,1983-01-22,1983,1983-03-12,0.1,1,0,0,8,51,8
Zebra,1983-07-09,1983,1983-08-27,0.1,1,0,0,8,61,8
Industry,1983-11-19,1983,1984-01-07,0.1,1,0,0,8,81,8
Rodney Dangerfield,1983-12-03,1983,1984-01-21,0.1,1,0,0,8,83,8
Twilight 22,1983-12-17,1983,1984-02-04,0.1,1,0,0,8,79,8
LaToya Jackson,1984-05-05,1984,1984-06-23,0.1,1,0,0,8,56,8
Orion The Hunter,1984-06-02,1984,1984-07-21,0.1,1,0,0,8,58,8
George Thorogood & The Destroyers,1985-06-15,1985,1985-08-03,0.1,1,0,0,8,63,8
Marillion,1985-10-05,1985,1985-11-23,0.1,1,0,0,8,74,8
Voices Of America,1986-04-12,1986,1986-05-31,0.1,1,0,0,8,65,8
David Foster And Olivia Newton-John,1986-06-14,1986,1986-08-02,0.1,1,0,0,8,80,8
Jean Beauvoir,1986-06-14,1986,1986-08-02,0.1,1,0,0,8,73,8
"Emerson, Lake & Powell",1986-06-21,1986,1986-08-09,0.1,1,0,0,8,60,8
Limited Warranty,1986-06-28,1986,1986-08-16,0.1,1,0,0,8,79,8
Eight Seconds,1987-01-31,1987,1987-03-21,0.1,1,0,0,8,72,8
Tom Kimmel,1987-06-20,1987,1987-08-08,0.1,1,0,0,8,64,8
Glen Burtnick,1987-09-26,1987,1987-11-14,0.1,1,0,0,8,65,8
Martha Davis,1987-11-21,1987,1988-01-09,0.1,1,0,0,8,80,8
Jesse Johnson,1988-04-23,1988,1988-06-11,0.1,1,0,0,8,78,8
Michelle Shocked,1988-12-10,1988,1989-01-28,0.1,1,0,0,8,66,8
Marc Almond,1989-01-21,1989,1989-03-11,0.1,1,0,0,8,67,8
Aretha Franklin/Whitney Houston,1989-07-01,1989,1989-08-19,0.1,1,0,0,8,41,8
Adrian Belew,1989-08-05,1989,1989-09-23,0.1,1,0,0,8,58,8
Paul Shaffer,1989-08-12,1989,1989-09-30,0.1,1,0,0,8,81,8
Vesta,1989-09-09,1989,1989-10-28,0.1,1,0,0,8,55,8
Christopher Max,1989-12-02,1989,1990-01-20,0.1,1,0,0,8,75,8
John Farnham,1990-02-10,1990,1990-03-31,0.1,1,0,0,8,82,8
Tricia Leigh Fisher,1990-08-25,1990,1990-10-13,0.1,1,0,0,8,72,8
Joey B. Ellis & Tynetta Hare,1990-12-08,1990,1991-01-26,0.1,1,0,0,8,66,8
Jellyfish,1991-03-09,1991,1991-04-27,0.1,1,0,0,8,62,8
B Angie B,1991-04-27,1991,1991-06-15,0.1,1,0,0,8,54,8
Lonnie Gordon,1991-08-31,1991,1993-11-20,2.2,2,0,0,8,79,4
Or-N-More (Featuring Father M.C.),1991-08-31,1991,1991-10-19,0.1,1,0,0,8,46,8
Ex-Girlfriend,1991-09-07,1991,1991-10-26,0.1,1,0,0,8,78,8
Tag,1992-07-04,1992,1992-08-22,0.1,1,0,0,8,63,8
Lidell Townsell & M.T.F.,1992-08-15,1992,1992-10-03,0.1,1,0,0,8,78,8
Voices,1992-09-05,1992,1992-10-24,0.1,1,0,0,8,72,8
Peter Cetera (Duet,1993-01-23,1993,1993-03-13,0.1,1,0,0,8,71,8
Alpha Team,1993-01-30,1993,1993-03-20,0.1,1,0,0,8,74,8
Raven-Symone,1993-08-07,1993,1993-09-25,0.1,1,0,0,8,68,8
MC Eiht,1993-08-14,1993,1993-10-02,0.1,1,0,0,8,72,8
Deep Forest,1994-02-26,1994,1994-04-16,0.1,1,0,0,8,78,8
I To I,1994-04-16,1994,1994-06-04,0.1,1,0,0,8,81,8
The B.C. 52's,1994-05-21,1994,1994-07-09,0.1,1,0,0,8,33,8
Edie Brickell,1994-08-20,1994,1994-10-08,0.1,1,0,0,8,60,8
Peter Cetera & Crystal Bernard,1995-10-21,1995,1995-12-09,0.1,1,0,0,8,86,8
Heltah Skeltah And O.G.C. As The Fab 5,1996-02-03,1996,1996-03-23,0.1,1,0,0,8,75,8
The Braxtons,1996-08-03,1996,1996-10-12,0.2,1,0,0,8,83,8
Tela,1997-03-29,1997,1997-05-17,0.1,1,0,0,8,58,8
CRU,1997-07-05,1997,1997-08-23,0.1,1,0,0,8,68,8
Jamiroquai,1997-10-11,1997,1997-11-29,0.1,1,0,0,8,78,8
Kinsu,1998-01-24,1998,1998-03-14,0.1,1,0,0,8,88,8
Fruit De La Passion,1998-02-07,1998,1998-03-28,0.1,1,0,0,8,81,8
Wade Hayes,1998-02-14,1998,1998-12-19,0.8,2,0,0,8,67,4
Sweetbox,1998-10-10,1998,1998-11-28,0.1,1,0,0,8,46,8
Stardust,1998-10-10,1998,1998-11-28,0.1,1,0,0,8,62,8
Jennifer Love Hewitt,1999-02-06,1999,1999-03-27,0.1,1,0,0,8,59,8
Raphael Saadiq & Q-Tip,1999-04-03,1999,1999-05-22,0.1,1,0,0,8,67,8
A*Teens,2000-07-08,2000,2001-01-20,0.5,2,0,0,8,93,4
Oakenfold,2002-10-19,2002,2002-12-07,0.1,1,0,0,8,41,8
American Idol Finalists,2003-05-03,2003,2003-06-28,0.2,1,1,0,8,4,8
Javier,2003-08-16,2003,2003-10-18,0.2,1,0,0,8,95,8
M.V.P. (Most Valuable Playas),2003-10-18,2003,2003-12-06,0.1,1,0,0,8,82,8
Marcos Hernandez,2005-09-24,2005,2005-11-12,0.1,1,0,0,8,78,8
Sheryl Crow & Sting,2006-03-18,2006,2006-05-06,0.1,1,0,0,8,33,8
The White Tie Affair,2009-03-21,2009,2009-05-09,0.1,1,0,0,8,57,8
The Dirty Heads,2010-07-03,2010,2010-08-28,0.2,1,0,0,8,93,8
Troop 41,2011-01-08,2011,2011-03-05,0.2,1,0,0,8,76,8
The JaneDear Girls,2011-01-29,2011,2011-03-19,0.1,1,0,0,8,60,8
Diggy,2012-02-11,2012,2012-04-14,0.2,1,0,0,8,80,8
Britney Spears & Iggy Azalea,2015-05-23,2015,2015-07-11,0.1,1,0,0,8,29,8
Alan Walker,2016-04-30,2016,2016-07-02,0.2,1,0,0,8,80,8
KALEO,2017-01-14,2017,2017-03-04,0.1,1,0,0,8,54,8
"6ix9ine, Fetty Wap & A Boogie Wit da Hoodie",2018-01-27,2018,2018-03-17,0.1,1,0,0,8,43,8
High Valley,2018-03-10,2018,2018-04-28,0.1,1,0,0,8,79,8
KIDS SEE GHOSTS,2018-06-23,2018,2018-06-30,0.0,7,0,0,8,39,1.1
Morgan Evans,2018-07-14,2018,2018-09-01,0.1,1,0,0,8,53,8
Tyga & Nicki Minaj,2018-11-10,2018,2019-01-19,0.2,1,0,0,8,63,8
Loud Luxury,2019-01-12,2019,2019-03-02,0.1,1,0,0,8,80,8
Sarah Jeffery,2019-08-17,2019,2019-10-05,0.1,1,0,0,8,49,8
Ant Saunders,2019-11-23,2019,2020-01-11,0.1,1,0,0,8,81,8
Khalid x Disclosure,2020-02-22,2020,2020-04-11,0.1,1,0,0,8,57,8
BLACKPINK X Selena Gomez,2020-09-12,2020,2020-10-31,0.1,1,0,0,8,13,8
Ne-Yo & Jeremih,2020-10-10,2020,2020-12-05,0.2,1,0,0,8,66,8
"Lil Tjay, Polo G & Fivio Foreign",2021-04-03,2021,2021-05-22,0.1,1,0,0,8,42,8
Shawn Mendes & Tainy,2021-09-04,2021,2021-10-23,0.1,1,0,0,8,48,8
Ivan Cornejo,2021-10-16,2021,2025-05-17,3.6,4,0,0,8,61,2
Swedish House Mafia & The Weeknd,2021-11-06,2021,2022-02-19,0.3,1,0,0,8,27,8
Rauw Alejandro & Chencho Corleone,2022-04-16,2022,2022-07-16,0.2,1,0,0,8,91,8
Shakira & Rauw Alejandro,2022-06-18,2022,2022-08-06,0.1,1,0,0,8,67,8
Kelly Clarkson & Ariana Grande,2022-12-17,2022,2026-01-03,3.0,1,0,0,8,31,8
Nengo Flow & Bad Bunny,2023-01-07,2023,2023-02-25,0.1,1,0,0,8,60,8
Hotel Ugly,2023-01-14,2023,2023-03-04,0.1,1,0,0,8,68,8
Jack Black,2023-04-22,2023,2025-05-17,2.1,2,0,0,8,56,4
Libianca,2023-05-13,2023,2023-07-01,0.1,1,0,0,8,80,8
Kali,2023-05-20,2023,2023-07-08,0.1,1,0,0,8,33,8
"Travis Scott, Bad Bunny & The Weeknd",2023-08-05,2023,2023-09-23,0.1,1,1,0,8,7,8
Offset & Don Toliver,2023-10-28,2023,2024-03-23,0.4,1,0,0,8,90,8
"Future, Metro Boomin & Travis Scott",2024-04-06,2024,2024-05-25,0.1,1,1,0,8,6,8
Mustard & Travis Scott,2024-07-06,2024,2024-09-28,0.2,1,0,0,8,57,8
"Selena Gomez, benny blanco & Gracie Abrams",2025-03-08,2025,2025-05-03,0.2,1,0,0,8,46,8
Aleman X Neton Vega,2025-03-22,2025,2025-05-17,0.2,1,0,0,8,58,8
BabyChiefDoit,2025-07-12,2025,2026-08-22,1.1,2,0,0,8,44,4
Phil Wickham,2025-10-11,2025,2026-02-07,0.3,1,0,0,8,86,8
YoungBoy Never Broke Again & Mellow Rackz,2025-10-18,2025,2026-01-10,0.2,1,0,0,8,75,8
"Le Sserafim, ILLIT & KATSEYE",2026-06-27,2026,2026-08-15,0.1,1,0,0,8,38,8
Andy Rose,1958-10-06,1958,1958-11-17,0.1,1,0,0,7,69,7
Tony Dallara,1958-12-08,1958,1959-01-19,0.1,1,0,0,7,60,7
Nicola Paone,1959-02-09,1959,1959-03-23,0.1,1,0,0,7,57,7
The Tassels,1959-07-13,1959,1959-08-24,0.1,1,0,0,7,55,7
Marvin Rainwater,1959-07-27,1959,1959-09-07,0.1,1,0,0,7,66,7
The Strangers,1959-08-31,1959,1959-10-12,0.1,1,0,0,7,49,7
Bobby Peterson Quintet,1959-10-26,1959,1959-12-07,0.1,1,0,0,7,71,7
Paul Gayten,1959-10-26,1959,1959-12-07,0.1,1,0,0,7,68,7
Rosco Gordon,1960-02-15,1960,1960-03-28,0.1,1,0,0,7,64,7
Jan And Kjeld,1960-06-06,1960,1960-07-18,0.1,1,0,0,7,58,7
The Mark II,1960-10-17,1960,1960-11-28,0.1,1,0,0,7,75,7
Ernie Freeman,1960-10-24,1960,1962-01-06,1.2,2,0,0,7,70,3.5
Charles Wolcott,1960-10-31,1960,1960-12-12,0.1,1,0,0,7,41,7
H.B. Barnum,1961-01-09,1961,1961-02-20,0.1,1,0,0,7,35,7
Piero Soffici,1961-04-24,1961,1961-06-05,0.1,1,0,0,7,59,7
The Velaires,1961-08-14,1961,1961-09-25,0.1,1,0,0,7,51,7
The Lennon Sisters,1961-09-25,1961,1961-11-06,0.1,1,0,0,7,56,7
Bobby Rydell/Chubby Checker,1961-12-11,1961,1962-12-22,1.0,1,0,0,7,21,7
Big Sambo and The House Wreckers,1962-03-10,1962,1962-04-21,0.1,1,0,0,7,74,7
Dick Roman,1962-08-04,1962,1962-09-15,0.1,1,0,0,7,64,7
Florraine Darlin,1962-08-25,1962,1962-10-06,0.1,1,0,0,7,62,7
Baby Jane & The Rockabyes,1963-01-05,1963,1963-02-16,0.1,1,0,0,7,69,7
The Alley Cats,1963-01-12,1963,1963-02-23,0.1,1,0,0,7,43,7
Kenny Chandler,1963-04-06,1963,1963-05-18,0.1,1,0,0,7,64,7
Steve Allen,1963-04-27,1963,1963-06-08,0.1,1,0,0,7,64,7
Kirby St. Romain,1963-06-15,1963,1963-07-27,0.1,1,0,0,7,49,7
Alice Wonder Land,1963-09-14,1963,1963-10-26,0.1,1,0,0,7,62,7
The Girlfriends,1963-12-28,1963,1964-02-08,0.1,1,0,0,7,49,7
Timmy Shaw,1964-01-25,1964,1964-03-07,0.1,1,0,0,7,41,7
Chris Crosby,1964-02-15,1964,1964-03-28,0.1,1,0,0,7,53,7
Scott English,1964-02-22,1964,1972-03-11,8.0,2,0,0,7,77,3.5
The Overlanders,1964-05-23,1964,1964-07-04,0.1,1,0,0,7,75,7
The Butterflys,1964-09-12,1964,1964-10-24,0.1,1,0,0,7,51,7
The Dolphins,1964-12-19,1964,1965-01-30,0.1,1,0,0,7,69,7
Billy Edd Wheeler,1965-01-02,1965,1965-02-13,0.1,1,0,0,7,50,7
The Arrows,1965-02-13,1965,1965-03-27,0.1,1,0,0,7,64,7
James Phelps,1965-05-08,1965,1965-06-19,0.1,1,0,0,7,66,7
The Spokesmen,1965-09-18,1965,1965-10-30,0.1,1,0,0,7,36,7
The Sheep,1966-01-29,1966,1966-03-12,0.1,1,0,0,7,58,7
Nancy Ames,1966-03-19,1966,1966-10-29,0.6,2,0,0,7,89,3.5
Brian Wilson,1966-03-26,1966,1966-05-07,0.1,1,0,0,7,32,7
Buddy Starcher,1966-04-09,1966,1966-05-21,0.1,1,0,0,7,39,7
The Razor's Edge,1966-07-30,1966,1966-09-10,0.1,1,0,0,7,77,7
Ray Charles & The Raelets,1966-09-03,1966,1966-10-15,0.1,1,0,0,7,32,7
The Chicago Loop,1966-11-05,1966,1966-12-17,0.1,1,0,0,7,37,7
Dr. West's Medicine Show and Junk Band,1966-11-26,1966,1967-01-07,0.1,1,0,0,7,52,7
Senator Bobby,1967-01-07,1967,1967-02-18,0.1,1,0,0,7,20,7
Mike Sharpe,1967-01-28,1967,1967-03-11,0.1,1,0,0,7,57,7
The Romeos,1967-04-01,1967,1967-05-13,0.1,1,0,0,7,67,7
Whistling Jack Smith,1967-04-29,1967,1967-06-10,0.1,1,0,0,7,20,7
The Merry-Go-Round,1967-04-29,1967,1967-09-23,0.4,2,0,0,7,63,3.5
Sagittarius,1967-06-24,1967,1969-08-09,2.1,2,0,0,7,70,3.5
Chris Bartley,1967-07-22,1967,1967-09-02,0.1,1,0,0,7,32,7
5 Stairsteps and Cubie,1967-12-02,1967,1968-04-20,0.4,2,0,0,7,88,3.5
The Epic Splendor,1967-12-16,1967,1968-01-27,0.1,1,0,0,7,87,7
The Music Makers,1967-12-30,1967,1968-02-10,0.1,1,0,0,7,78,7
The Mirettes,1968-02-17,1968,1968-03-30,0.1,1,0,0,7,45,7
The Montanas,1968-03-02,1968,1968-04-13,0.1,1,0,0,7,58,7
The Magistrates,1968-06-01,1968,1968-07-13,0.1,1,0,0,7,54,7
Eternity's Children,1968-07-13,1968,1968-08-24,0.1,1,0,0,7,69,7
The Ballads,1968-07-20,1968,1968-08-31,0.1,1,0,0,7,65,7
Five By Five,1968-11-02,1968,1968-12-14,0.1,1,0,0,7,52,7
Gloria Walker,1968-11-02,1968,1968-12-14,0.1,1,0,0,7,60,7
Autry Inman,1968-11-16,1968,1968-12-28,0.1,1,0,0,7,48,7
Shango,1969-03-01,1969,1969-04-12,0.1,1,0,0,7,57,7
Debbie Taylor,1969-04-26,1969,1976-01-24,6.7,2,0,0,7,86,3.5
Jerry Smith and his Pianos,1969-05-10,1969,1969-06-21,0.1,1,0,0,7,71,7
Tim Hardin,1969-08-02,1969,1969-09-13,0.1,1,0,0,7,50,7
Donovan/Jeff Beck Group,1969-08-02,1969,1969-09-13,0.1,1,0,0,7,36,7
Eddie & Dutch,1970-04-04,1970,1970-05-16,0.1,1,0,0,7,52,7
Ten Wheel Drive,1970-07-25,1970,1970-09-05,0.1,1,0,0,7,74,7
Arkade,1970-08-22,1970,1971-03-20,0.6,2,0,0,7,60,3.5
Otis Leaville,1970-09-19,1970,1970-10-31,0.1,1,0,0,7,72,7
David & Jimmy Ruffin,1970-10-24,1970,1970-12-05,0.1,1,0,0,7,61,7
The Mob,1971-01-23,1971,1971-04-03,0.2,2,0,0,7,71,3.5
Salvage,1971-03-13,1971,1971-04-24,0.1,1,0,0,7,54,7
Runt-Todd Rundgren,1971-04-24,1971,1971-09-11,0.4,2,0,0,7,71,3.5
P-Nut Gallery,1971-06-12,1971,1971-07-24,0.1,1,0,0,7,62,7
John Kongos,1971-07-10,1971,1971-08-21,0.1,1,0,0,7,70,7
John Baldry,1971-08-21,1971,1971-10-02,0.1,1,0,0,7,73,7
Ponderosa Twins + One,1971-09-25,1971,1971-11-06,0.1,1,0,0,7,78,7
"Traffic, Etc.",1971-10-23,1971,1971-12-04,0.1,1,0,0,7,68,7
Mike Kennedy,1972-03-04,1972,1972-04-15,0.1,1,0,0,7,62,7
John Kay,1972-04-22,1972,1972-06-03,0.1,1,0,0,7,52,7
Vigrass & Osborne,1972-06-17,1972,1972-07-29,0.1,1,0,0,7,65,7
James Brown-Lyn Collins,1972-12-23,1972,1973-02-03,0.1,1,0,0,7,56,7
Johnny Williams,1973-01-06,1973,1973-02-17,0.1,1,0,0,7,78,7
Uncle Dog,1973-03-03,1973,1973-04-14,0.1,1,0,0,7,86,7
The Incredible Bongo Band,1973-07-21,1973,1973-09-01,0.1,1,0,0,7,57,7
Gordon Sinclair,1974-01-12,1974,1974-02-23,0.1,1,0,0,7,24,7
The Peppers,1974-03-09,1974,1974-04-20,0.1,1,0,0,7,76,7
Lois Fletcher,1974-03-30,1974,1974-05-11,0.1,1,0,0,7,64,7
Creative Source,1974-04-06,1974,1974-05-18,0.1,1,0,0,7,69,7
Rick Cunha,1974-04-27,1974,1974-06-08,0.1,1,0,0,7,61,7
The Wombles,1974-08-03,1974,1974-09-14,0.1,1,0,0,7,55,7
Sweet Dreams,1974-08-31,1974,1974-10-12,0.1,1,0,0,7,68,7
Brother To Brother,1974-10-12,1974,1974-11-23,0.1,1,0,0,7,46,7
Dynamic Superiors,1974-11-02,1974,1974-12-14,0.1,1,0,0,7,68,7
Michael Holm,1974-12-14,1974,1975-01-25,0.1,1,0,0,7,53,7
Roy Rogers,1974-12-21,1974,1975-02-01,0.1,1,0,0,7,65,7
Hello People,1975-01-18,1975,1975-03-01,0.1,1,0,0,7,71,7
Brian Protheroe,1975-03-29,1975,1975-05-10,0.1,1,0,0,7,60,7
Country Joe McDonald,1975-11-29,1975,1976-01-10,0.1,1,0,0,7,92,7
Fools Gold,1976-05-29,1976,1976-07-10,0.1,1,0,0,7,76,7
Robin Trower,1976-12-04,1976,1977-01-15,0.1,1,0,0,7,82,7
David Laflamme,1976-12-11,1976,1977-01-22,0.1,1,0,0,7,89,7
Rod Hart,1976-12-25,1976,1977-02-05,0.1,1,0,0,7,67,7
Henhouse Five Plus Too,1977-01-08,1977,1977-02-19,0.1,1,0,0,7,40,7
Parker McGee,1977-01-22,1977,1977-03-05,0.1,1,0,0,7,42,7
The Heart And Soul Orchestra,1977-02-26,1977,1977-04-09,0.1,1,0,0,7,46,7
Wildfire,1977-06-18,1977,1977-07-30,0.1,1,0,0,7,49,7
Kate Taylor,1977-09-03,1977,1977-10-15,0.1,1,0,0,7,49,7
Robert Gordon,1977-10-01,1977,1981-07-18,3.8,2,0,0,7,76,3.5
Crawler,1977-10-15,1977,1977-11-26,0.1,1,0,0,7,65,7
The Kendalls,1977-11-05,1977,1977-12-17,0.1,1,0,0,7,69,7
Steve Martin,1977-12-03,1977,1979-12-15,2.0,2,0,0,7,72,3.5
Bill Brandon,1978-02-25,1978,1978-04-08,0.1,1,0,0,7,80,7
Kongas,1978-04-08,1978,1978-05-20,0.1,1,0,0,7,84,7
James Walsh Gypsy Band,1978-10-28,1978,1978-12-09,0.1,1,0,0,7,71,7
The Faragher Bros.,1979-02-24,1979,1979-04-07,0.1,1,0,0,7,50,7
BTO,1979-02-24,1979,1979-04-07,0.1,1,0,0,7,60,7
Cheryl Barnes/Hair Soundtrack,1979-04-28,1979,1979-06-09,0.1,1,0,0,7,64,7
Space,1979-04-28,1979,1979-06-09,0.1,1,0,0,7,60,7
Carrie Lucas,1979-05-12,1979,1979-06-23,0.1,1,0,0,7,70,7
Pat Travers,1979-09-01,1979,1979-10-13,0.1,1,0,0,7,56,7
The Sports,1979-10-13,1979,1979-11-24,0.1,1,0,0,7,45,7
Nature's Divine,1979-11-03,1979,1979-12-15,0.1,1,0,0,7,65,7
Off Broadway USA,1980-03-22,1980,1980-05-03,0.1,1,0,0,7,51,7
Peter McIan,1980-04-05,1980,1980-05-17,0.1,1,0,0,7,52,7
Pat Travers Band,1980-05-17,1980,1980-06-28,0.1,1,0,0,7,50,7
Zapp,1980-10-04,1980,1980-11-15,0.1,1,0,0,7,86,7
The Doolittle Band,1980-10-11,1980,1980-11-22,0.1,1,0,0,7,49,7
Pendulum,1980-11-29,1980,1981-01-10,0.1,1,0,0,7,89,7
The Johnny Average Band,1981-02-21,1981,1981-04-04,0.1,1,0,0,7,53,7
Sherbs,1981-03-07,1981,1981-04-18,0.1,1,0,0,7,61,7
Hawks,1981-03-14,1981,1981-04-25,0.1,1,0,0,7,63,7
Garland Jeffreys,1981-03-14,1981,1981-04-25,0.1,1,0,0,7,66,7
West Street Mob,1981-09-12,1981,1982-05-08,0.7,2,0,0,7,88,3.5
More Stars On 45,1981-09-26,1981,1981-11-07,0.1,1,0,0,7,55,7
Streek,1981-10-10,1981,1981-11-21,0.1,1,0,0,7,47,7
Arlan Day,1981-10-17,1981,1981-11-28,0.1,1,0,0,7,71,7
Placido Domingo & John Denver,1982-01-16,1982,1982-02-27,0.1,1,0,0,7,59,7
Glass Moon,1982-03-13,1982,1982-04-24,0.1,1,0,0,7,50,7
Aurra,1982-03-20,1982,1982-05-01,0.1,1,0,0,7,71,7
Sparks,1982-05-15,1982,1982-06-26,0.1,1,0,0,7,60,7
Dayton,1982-07-24,1982,1982-09-04,0.1,1,0,0,7,58,7
Christopher Atkins,1982-08-07,1982,1982-09-18,0.1,1,0,0,7,71,7
Grandmaster Flash,1982-10-16,1982,1982-11-27,0.1,1,0,0,7,62,7
Judas Priest,1982-11-06,1982,1982-12-18,0.1,1,0,0,7,67,7
Rough Trade,1982-12-18,1982,1983-01-29,0.1,1,0,0,7,58,7
Goanna,1983-06-11,1983,1983-07-23,0.1,1,0,0,7,71,7
David Gilmour,1984-04-07,1984,1984-05-19,0.1,1,0,0,7,62,7
Jenny Burton & Patrick Jude,1984-06-09,1984,1984-07-21,0.1,1,0,0,7,54,7
M + M,1984-06-30,1984,1984-08-11,0.1,1,0,0,7,63,7
Band Of Gold,1984-10-13,1984,1984-11-24,0.1,1,0,0,7,64,7
Jules Shear,1985-04-06,1985,1985-05-18,0.1,1,0,0,7,57,7
Fiona,1985-04-13,1985,1985-05-25,0.1,1,0,0,7,64,7
Vitamin Z,1985-06-15,1985,1985-07-27,0.1,1,0,0,7,73,7
Mai Tai,1986-05-24,1986,1986-07-05,0.1,1,0,0,7,71,7
Nocera,1987-01-17,1987,1987-02-28,0.1,1,0,0,7,84,7
Mel & Kim,1987-02-21,1987,1987-04-04,0.1,1,0,0,7,78,7
Big Trouble,1987-10-17,1987,1987-11-28,0.1,1,0,0,7,71,7
Dionne & Kashif,1987-10-31,1987,1987-12-12,0.1,1,0,0,7,62,7
Powersource (Solo...Sharon),1987-12-19,1987,1988-01-30,0.1,1,0,0,7,61,7
Cellarful Of Noise,1988-03-05,1988,1988-04-16,0.1,1,0,0,7,69,7
Roxanne,1988-03-12,1988,1988-04-23,0.1,1,0,0,7,63,7
Toni Childs,1988-08-13,1988,1988-09-24,0.1,1,0,0,7,72,7
Romeo's Daughter,1988-10-15,1988,1988-11-26,0.1,1,0,0,7,73,7
Candi,1988-10-22,1988,1988-12-03,0.1,1,0,0,7,68,7
Love And Money,1989-02-18,1989,1989-04-01,0.1,1,0,0,7,75,7
Choirboys,1989-03-11,1989,1989-04-22,0.1,1,0,0,7,80,7
Figures On A Beach,1989-04-08,1989,1989-05-20,0.1,1,0,0,7,67,7
Q-feel,1989-06-17,1989,1989-07-29,0.1,1,0,0,7,75,7
Tangier,1989-08-12,1989,1989-09-23,0.1,1,0,0,7,67,7
Entouch,1990-01-13,1990,1990-02-24,0.1,1,0,0,7,71,7
"Joyce ""Fenderella"" Irby",1990-02-17,1990,1990-03-31,0.1,1,0,0,7,70,7
Grayson Hugh & Betty Wright,1990-03-31,1990,1990-05-12,0.1,1,0,0,7,67,7
Hi Tek 3,1990-04-14,1990,1990-05-26,0.1,1,0,0,7,69,7
Jimmy Ryser,1990-07-14,1990,1990-08-25,0.1,1,0,0,7,78,7
Favorite Angel,1990-08-11,1990,1990-09-22,0.1,1,0,0,7,69,7
Pat & Mick,1990-12-15,1990,1991-01-26,0.1,1,0,0,7,81,7
Trilogy,1991-03-30,1991,1991-05-11,0.1,1,0,0,7,82,7
Pebbles (With Salt-N-Pepa),1991-04-13,1991,1991-05-25,0.1,1,0,0,7,73,7
Richie Sambora,1991-09-28,1991,1991-11-09,0.1,1,0,0,7,63,7
Erin Cruise,1992-01-25,1992,1992-03-07,0.1,1,0,0,7,90,7
Sofia Shinas,1992-10-03,1992,1992-11-14,0.1,1,0,0,7,75,7
Bad Boys Blue,1993-03-13,1993,1993-04-24,0.1,1,0,0,7,81,7
Tene Williams,1993-05-08,1993,1993-06-19,0.1,1,0,0,7,87,7
To Be Continued...,1994-01-22,1994,1994-03-05,0.1,1,0,0,7,70,7
Gravediggaz,1994-07-09,1994,1994-08-20,0.1,1,0,0,7,82,7
Doctor Dre & Ed Lover,1994-11-19,1994,1994-12-31,0.1,1,0,0,7,85,7
The Murmurs,1994-12-17,1994,1995-01-28,0.1,1,0,0,7,89,7
Intonation,1995-07-08,1995,1995-08-19,0.1,1,0,0,7,86,7
Rusted Root,1995-09-02,1995,1995-10-14,0.1,1,0,0,7,72,7
Ruffneck,1996-01-27,1996,1996-03-09,0.1,1,0,0,7,82,7
Qkumba Zoo,1996-10-12,1996,1996-11-23,0.1,1,0,0,7,69,7
Trapp,1997-04-26,1997,1997-06-07,0.1,1,0,0,7,77,7
Michael Peterson,1997-08-09,1997,1997-09-20,0.1,1,0,0,7,86,7
"Shaquille O'Neal, Ice Cube, B Real, Peter Gunz & KRS-One",1997-09-13,1997,1997-10-25,0.1,1,0,0,7,82,7
Sublime,1997-12-20,1997,1998-01-31,0.1,1,0,0,7,87,7
Sister 7,1998-05-30,1998,1998-07-11,0.1,1,0,0,7,76,7
LaTanya,1998-06-13,1998,1998-07-25,0.1,1,0,0,7,85,7
Heltah Skeltah,1998-10-03,1998,1998-11-21,0.1,1,0,0,7,80,7
Bounty Killer,1998-10-10,1998,1998-11-21,0.1,1,0,0,7,79,7
Mia X,1998-10-31,1998,1999-01-16,0.2,1,0,0,7,41,7
Everything,1998-12-05,1998,1999-01-16,0.1,1,0,0,7,69,7
Deryl Dodd,1999-01-02,1999,1999-02-13,0.1,1,0,0,7,88,7
Baz Luhrmann,1999-03-27,1999,1999-05-08,0.1,1,0,0,7,45,7
Shane Minor,1999-06-19,1999,1999-07-31,0.1,1,0,0,7,82,7
2Pac + Outlawz,2000-02-26,2000,2000-04-08,0.1,1,0,0,7,72,7
Torrey Carter,2000-06-24,2000,2000-08-05,0.1,1,0,0,7,86,7
Darren Hayes,2002-03-02,2002,2002-04-13,0.1,1,0,0,7,77,7
Frankee,2004-03-20,2004,2004-05-01,0.1,1,0,0,7,63,7
Blue County,2004-04-03,2004,2004-05-15,0.1,1,0,0,7,63,7
Monchy & Alexandra,2004-12-25,2004,2005-02-05,0.1,1,0,0,7,92,7
Blaine Larsen,2005-03-19,2005,2005-04-30,0.1,1,0,0,7,91,7
Bobby Pinson,2005-06-11,2005,2005-07-23,0.1,1,0,0,7,88,7
Crazy Frog,2005-08-20,2005,2005-10-01,0.1,1,0,0,7,50,7
Lindsay Lohan,2005-11-26,2005,2006-01-14,0.1,1,0,0,7,57,7
The Afters,2006-04-08,2006,2006-05-27,0.1,1,0,0,7,55,7
Cham,2006-07-01,2006,2006-10-07,0.3,1,0,0,7,77,7
Swizz Beatz,2007-04-28,2007,2007-10-06,0.4,2,0,0,7,83,3.5
C-Side,2008-04-19,2008,2008-05-31,0.1,1,0,0,7,72,7
Demi Lovato & Joe Jonas,2008-07-05,2008,2008-08-16,0.1,1,1,0,7,9,7
Parachute,2009-08-15,2009,2009-09-26,0.1,1,0,0,7,66,7
Thirty Seconds To Mars,2009-10-31,2009,2011-05-21,1.6,3,0,0,7,72,2.3
My Darkest Days,2010-11-06,2010,2011-01-22,0.2,1,0,0,7,90,7
Kanye West Jay Z,2011-01-29,2011,2011-03-12,0.1,1,0,0,7,23,7
Dia Frampton,2011-06-25,2011,2011-07-16,0.1,3,0,0,7,20,2.3
Kenny Chesney & Tim McGraw,2012-04-21,2012,2012-06-02,0.1,1,0,0,7,40,7
2 Chainz & Wiz Khalifa,2013-06-08,2013,2013-07-20,0.1,1,0,0,7,16,7
The 1975,2014-02-08,2014,2015-10-31,1.7,2,0,0,7,80,3.5
Rico Love,2014-02-08,2014,2014-03-22,0.1,1,0,0,7,73,7
TeeFLii,2014-09-13,2014,2014-10-25,0.1,1,0,0,7,85,7
Empire Cast,2015-02-28,2015,2015-04-04,0.1,3,0,0,7,42,2.3
Sawyer Fredericks,2015-05-02,2015,2015-06-06,0.1,7,0,0,7,37,1
Tech N9Ne,2015-06-20,2015,2015-08-01,0.1,1,0,0,7,90,7
Lil Wayne & Charlie Puth,2015-10-03,2015,2015-11-14,0.1,1,0,0,7,86,7
Jordan Smith,2015-11-28,2015,2016-01-02,0.1,6,0,0,7,21,1.2
Rag'n'Bone Man,2017-04-22,2017,2017-06-24,0.2,1,0,0,7,74,7
Future & Young Thug,2017-11-11,2017,2017-12-02,0.1,4,0,0,7,50,1.8
Huncho Jack,2018-01-06,2018,2018-01-06,0.0,7,0,0,7,65,1
Zac Efron & Zendaya,2018-01-13,2018,2018-02-24,0.1,1,0,0,7,70,7
Jacquees X Dej Loaf,2018-02-17,2018,2018-03-31,0.1,1,0,0,7,86,7
John & Yoko/The Plastic Ono Band,2018-12-29,2018,2026-01-03,7.0,1,0,0,7,38,7
"Ariana Grande, Miley Cyrus & Lana Del Rey",2019-09-28,2019,2019-11-09,0.1,1,0,0,7,13,7
SZA X Justin Timberlake,2020-03-14,2020,2020-04-25,0.1,1,0,0,7,61,7
"Bad Bunny, Jowell & Randy & Nengo Flow",2020-03-14,2020,2020-05-09,0.2,1,0,0,7,81,7
Juice WRLD & Marshmello,2020-07-25,2020,2020-09-05,0.1,1,1,0,7,10,7
Anitta,2020-10-03,2020,2022-05-14,1.6,2,0,0,7,70,3.5
Myke Towers & Juhn,2021-02-20,2021,2021-04-03,0.1,1,0,0,7,82,7
MO3 X OG Bobby Billions,2021-06-12,2021,2021-08-28,0.2,1,0,0,7,92,7
Eslabon Armado,2021-10-16,2021,2021-12-04,0.1,1,0,0,7,69,7
Priscilla Block,2021-10-23,2021,2022-01-15,0.2,1,0,0,7,81,7
"Stephanie Beatriz, Olga Merediz, John Leguizamo, Adassa, Maluma & Encanto Cast",2022-01-29,2022,2022-03-12,0.1,1,0,0,7,71,7
Lucky Daye,2022-04-02,2022,2022-05-14,0.1,1,0,0,7,77,7
Omar Apollo,2022-10-01,2022,2022-11-12,0.1,1,0,0,7,51,7
Diddy & Bryson Tiller,2022-10-15,2022,2022-11-26,0.1,1,0,0,7,79,7
*NSYNC,2023-10-14,2023,2024-08-17,0.8,2,0,0,7,25,3.5
Junior H,2023-10-21,2023,2024-02-17,0.3,1,0,0,7,79,7
"Future, Metro Boomin & The Weeknd",2024-04-06,2024,2024-05-04,0.1,3,1,0,7,9,2.3
NLE Choppa & 41,2024-10-12,2024,2024-11-23,0.1,1,0,0,7,52,7
GloRilla & T-Pain,2024-10-26,2024,2024-12-07,0.1,1,0,0,7,70,7
Bad Bunny & Chuwi,2025-01-18,2025,2026-02-21,1.1,1,0,0,7,32,7
Sexyy Red & Bruno Mars,2025-02-08,2025,2025-03-22,0.1,1,0,0,7,17,7
H3adband,2026-01-10,2026,2026-03-28,0.2,1,0,0,7,90,7
Ye & Travis Scott,2026-04-11,2026,2026-05-23,0.1,1,0,0,7,21,7
French Montana & Max B,2026-05-02,2026,2026-07-04,0.2,1,0,0,7,82,7
Tony And Joe,1958-08-04,1958,1958-09-08,0.1,1,0,0,6,33,6
Janice Harper,1958-08-18,1958,1960-02-15,1.5,2,0,0,6,82,3
The Playboys,1958-09-01,1958,1958-10-06,0.1,1,0,0,6,62,6
Betty Johnson,1958-10-06,1958,1959-01-12,0.3,2,0,0,6,56,3
"Huey ""piano"" Smith",1958-12-08,1958,1959-02-02,0.2,1,0,0,6,56,6
Polly Bergen,1958-12-15,1958,1959-01-19,0.1,1,0,0,6,67,6
Ronnie Height,1959-03-23,1959,1959-04-27,0.1,1,0,0,6,45,6
The Genies,1959-03-30,1959,1959-05-04,0.1,1,0,0,6,71,6
Chico Holiday,1959-05-04,1959,1959-06-08,0.1,1,0,0,6,74,6
The Frantics,1959-05-25,1959,1960-03-07,0.8,3,0,0,6,83,2
Arthur Lyman,1959-06-15,1959,1959-07-20,0.1,1,0,0,6,55,6
Little Bill and The Bluenotes,1959-06-22,1959,1959-07-27,0.1,1,0,0,6,66,6
The Dubs,1959-08-24,1959,1959-09-28,0.1,1,0,0,6,74,6
E.C. Beatty,1959-09-21,1959,1959-10-26,0.1,1,0,0,6,50,6
"Dancer, Prancer And Nervous",1959-12-07,1959,1960-01-11,0.1,1,0,0,6,34,6
Mitch Miller,1959-12-14,1959,1961-03-06,1.2,2,0,0,6,70,3
Ivo Robic,1960-01-18,1960,1960-02-22,0.1,1,0,0,6,58,6
Wade Flemons,1960-02-15,1960,1960-05-16,0.2,2,0,0,6,70,3
Bobby Comstock And The Counts,1960-03-07,1960,1963-09-21,3.5,2,0,0,6,90,3
Frank DeVol And His Rainbow Strings,1960-05-16,1960,1960-06-20,0.1,1,0,0,6,77,6
Red River Dave,1960-06-27,1960,1960-08-01,0.1,1,0,0,6,64,6
Shirley and Lee,1960-06-27,1960,1960-08-08,0.1,1,0,0,6,88,6
The Tree Swingers,1960-08-15,1960,1960-09-19,0.1,1,0,0,6,73,6
Thelma Carpenter,1961-01-02,1961,1961-02-06,0.1,1,0,0,6,55,6
The Cambridge Strings And Singers,1961-02-13,1961,1961-03-20,0.1,1,0,0,6,60,6
Cannonball Adderley Orchestra,1961-04-10,1961,1961-05-15,0.1,1,0,0,6,41,6
The Wanderers,1961-05-15,1961,1962-09-15,1.3,2,0,0,6,88,3
Bobby Parker,1961-06-12,1961,1961-07-17,0.1,1,0,0,6,51,6
Frankie Calen,1961-06-12,1961,1961-07-17,0.1,1,0,0,6,78,6
Joe Reisman Orch. & Chorus,1961-07-03,1961,1961-08-14,0.1,1,0,0,6,74,6
The Ly - Dells,1961-08-21,1961,1961-09-25,0.1,1,0,0,6,54,6
Dukays,1962-01-20,1962,1962-03-31,0.2,1,0,0,6,73,6
Rod McKuen,1962-01-20,1962,1962-03-03,0.1,1,0,0,6,76,6
Yvonne Baker and the Sensations,1962-04-28,1962,1962-06-09,0.1,1,0,0,6,69,6
Benny Spellman,1962-05-05,1962,1962-06-16,0.1,1,0,0,6,80,6
Jerry Reed And The Hully Girlies,1962-06-30,1962,1962-10-13,0.3,2,0,0,6,79,3
Vince Edwards,1962-07-07,1962,1962-08-11,0.1,1,0,0,6,68,6
Frank Sinatra & Sammy Davis Jr.,1962-12-01,1962,1963-01-05,0.1,1,0,0,6,64,6
The Percells,1963-03-30,1963,1963-05-04,0.1,1,0,0,6,53,6
The Shacklefords,1963-05-11,1963,1963-06-15,0.1,1,0,0,6,70,6
The Four Pennies,1963-06-22,1963,1963-11-09,0.4,2,0,0,6,67,3
The Cupids,1963-07-06,1963,1963-08-10,0.1,1,0,0,6,57,6
Vito & The Salutations,1963-10-26,1963,1963-11-30,0.1,1,0,0,6,66,6
Anna King,1964-01-04,1964,1964-02-08,0.1,1,0,0,6,67,6
Anna King-Bobby Byrd,1964-04-04,1964,1964-05-09,0.1,1,0,0,6,52,6
The Simon Sisters,1964-04-25,1964,1964-05-30,0.1,1,0,0,6,73,6
Boston Pops Orchestra Arthur Fiedler,1964-07-04,1964,1964-08-08,0.1,1,0,0,6,55,6
Lulu And The Luvers,1964-08-01,1964,1967-12-23,3.4,1,0,0,6,94,6
Jo Ann & Troy,1964-12-12,1964,1965-01-16,0.1,1,0,0,6,67,6
Soupy Sales,1965-04-24,1965,1965-05-29,0.1,1,0,0,6,76,6
Billy Butler & The Chanters,1965-07-03,1965,1965-08-07,0.1,1,0,0,6,60,6
Derek Martin,1965-07-31,1965,1965-09-04,0.1,1,0,0,6,78,6
G.L. Crockett,1965-08-07,1965,1965-09-11,0.1,1,0,0,6,67,6
The Five Emprees,1965-09-11,1965,1965-10-16,0.1,1,0,0,6,74,6
Danny Hutton,1965-10-16,1965,1965-11-20,0.1,1,0,0,6,73,6
Bud Shank,1966-01-22,1966,1966-02-26,0.1,1,0,0,6,65,6
The Poppies,1966-03-05,1966,1966-04-09,0.1,1,0,0,6,56,6
The Peels,1966-03-12,1966,1966-04-16,0.1,1,0,0,6,59,6
Lyme & Cybelle,1966-03-19,1966,1966-04-23,0.1,1,0,0,6,65,6
Mrs. Miller,1966-04-30,1966,1966-05-21,0.1,2,0,0,6,82,3
Johnny Sea,1966-06-11,1966,1966-07-16,0.1,1,0,0,6,35,6
Leroy Pullins,1966-06-25,1966,1966-07-30,0.1,1,0,0,6,57,6
Clefs Of Lavender Hill,1966-06-25,1966,1966-07-30,0.1,1,0,0,6,80,6
The Shades Of Blue,1966-07-30,1966,1966-09-03,0.1,1,0,0,6,72,6
Dana Rollin,1966-11-05,1966,1966-12-10,0.1,1,0,0,6,71,6
Baby Ray,1966-12-03,1966,1967-01-07,0.1,1,0,0,6,69,6
Senator Everett McKinley Dirksen,1966-12-24,1966,1967-01-28,0.1,1,0,0,6,29,6
Felice Taylor,1967-01-14,1967,1967-02-18,0.1,1,0,0,6,42,6
Micky Dolenz,1967-03-04,1967,1967-04-08,0.1,1,0,0,6,75,6
The Raelets/Ray Charles Orchestra,1967-04-15,1967,1967-05-20,0.1,1,0,0,6,76,6
The Choir,1967-06-03,1967,1967-07-08,0.1,1,0,0,6,68,6
The Kingpins,1967-09-23,1967,1967-10-28,0.1,1,0,0,6,28,6
The Precisions,1967-10-07,1967,1967-11-11,0.1,1,0,0,6,60,6
Harvey Scales,1967-10-14,1967,1967-11-18,0.1,1,0,0,6,79,6
Victor Lundberg,1967-11-11,1967,1967-12-16,0.1,1,1,0,6,10,6
"Dave Dee, Dozy, Beaky, Mick And Tich",1968-01-06,1968,1968-02-10,0.1,1,0,0,6,52,6
Albert King,1968-02-03,1968,1973-02-24,5.1,2,0,0,6,67,3
Jimmy James & The Vagabonds,1968-03-23,1968,1976-03-06,8.0,2,0,0,6,76,3
Esther & Abi Ofarim,1968-03-30,1968,1968-05-04,0.1,1,0,0,6,68,6
Guy Marks,1968-04-13,1968,1968-05-18,0.1,1,0,0,6,51,6
Fever Tree,1968-06-01,1968,1968-10-05,0.3,1,0,0,6,91,6
Barbara Greene,1968-06-22,1968,1968-07-27,0.1,1,0,0,6,86,6
Billy Vera,1968-06-29,1968,1968-08-03,0.1,1,0,0,6,43,6
Freddie Hughes,1968-07-06,1968,1968-08-10,0.1,1,0,0,6,94,6
Wilmer And The Dukes,1968-07-20,1968,1968-08-24,0.1,1,0,0,6,80,6
Judy Clay & William Bell,1968-08-31,1968,1968-10-05,0.1,1,0,0,6,75,6
Eivets Rednow,1968-10-05,1968,1968-11-09,0.1,1,0,0,6,66,6
Chambers Brothers,1968-12-21,1968,1970-02-28,1.2,2,0,0,6,83,3
Ray Charles & Jimmy Lewis,1969-01-04,1969,1969-02-08,0.1,1,0,0,6,77,6
The T.S.U. Toronadoes,1969-01-18,1969,1969-02-22,0.1,1,0,0,6,75,6
The Iveys,1969-02-15,1969,1969-03-22,0.1,1,0,0,6,67,6
Red Skelton,1969-03-15,1969,1969-04-19,0.1,1,0,0,6,44,6
Peter Sarstedt,1969-04-05,1969,1969-05-10,0.1,1,0,0,6,70,6
Moms Mabley,1969-06-28,1969,1969-08-02,0.1,1,0,0,6,35,6
Duke Baxter,1969-07-26,1969,1969-08-30,0.1,1,0,0,6,52,6
Piero Umiliani,1969-09-06,1969,1969-10-11,0.1,1,0,0,6,55,6
Abaco Dream,1969-09-06,1969,1969-10-11,0.1,1,0,0,6,74,6
Art Linkletter,1969-11-01,1969,1969-12-06,0.1,1,0,0,6,42,6
The Steelers,1969-11-15,1969,1969-12-20,0.1,1,0,0,6,56,6
Tommy Cash,1969-12-13,1969,1970-01-17,0.1,1,0,0,6,79,6
Cold Blood,1970-01-24,1970,1970-02-28,0.1,1,0,0,6,52,6
Spiral Starecase Featuring: Pat Upton,1970-02-07,1970,1970-03-14,0.1,1,0,0,6,72,6
George Perkins & The Silver Stars,1970-04-04,1970,1970-05-09,0.1,1,0,0,6,61,6
Diane Kolby,1970-09-19,1970,1970-10-24,0.1,1,0,0,6,67,6
Blue Mink,1970-09-26,1970,1970-10-31,0.1,1,0,0,6,64,6
Crystal Mansion,1970-11-07,1970,1970-12-12,0.1,1,0,0,6,73,6
The Magic Lanterns,1971-01-09,1971,1971-02-13,0.1,1,0,0,6,74,6
Tyrannosaurus Rex,1971-01-23,1971,1971-02-27,0.1,1,0,0,6,76,6
The Stairsteps,1971-02-06,1971,1971-03-13,0.1,1,0,0,6,81,6
Conway Twitty & Loretta Lynn,1971-02-27,1971,1971-04-03,0.1,1,0,0,6,56,6
Odds & Ends,1971-03-13,1971,1971-04-17,0.1,1,0,0,6,83,6
Mike Reilly,1971-03-13,1971,1971-04-17,0.1,1,0,0,6,88,6
Red Eye,1971-04-24,1971,1971-05-29,0.1,1,0,0,6,78,6
Stoney & Meatloaf,1971-05-22,1971,1971-06-26,0.1,1,0,0,6,71,6
N.F. Porter,1971-12-18,1971,1972-01-22,0.1,1,0,0,6,77,6
Grin,1972-02-05,1972,1972-03-11,0.1,1,0,0,6,75,6
Neil Young & Graham Nash,1972-07-01,1972,1972-08-05,0.1,1,0,0,6,61,6
Earnest Jackson,1973-06-02,1973,1973-07-07,0.1,1,0,0,6,58,6
Donald Byrd,1973-06-09,1973,1973-07-28,0.1,1,0,0,6,88,6
Today's People,1973-09-01,1973,1973-10-06,0.1,1,0,0,6,90,6
Jean Shepard,1973-09-15,1973,1973-10-20,0.1,1,0,0,6,81,6
Ripple,1973-11-03,1973,1973-12-08,0.1,1,0,0,6,67,6
NRBQ,1974-02-02,1974,1974-03-09,0.1,1,0,0,6,70,6
Oscar Brown Jr.,1974-05-18,1974,1974-06-22,0.1,1,0,0,6,69,6
Razzy,1974-05-25,1974,1974-06-29,0.1,1,0,0,6,67,6
Hoyt Axton,1974-06-01,1974,1974-07-06,0.1,1,0,0,6,54,6
Ace Spectrum,1974-09-28,1974,1974-11-02,0.1,1,0,0,6,57,6
Peter Shelley,1974-12-21,1974,1975-01-25,0.1,1,0,0,6,81,6
Diamond Reo,1975-01-11,1975,1975-02-15,0.1,1,0,0,6,44,6
Stark & McBrien,1975-01-25,1975,1975-03-01,0.1,1,0,0,6,85,6
Dooley Silverspoon,1975-02-15,1975,1975-03-22,0.1,1,0,0,6,80,6
Northern Light,1975-05-03,1975,1975-06-07,0.1,1,0,0,6,88,6
East L.A. Car Pool,1975-08-02,1975,1975-09-06,0.1,1,0,0,6,72,6
Baron Stewart,1975-08-16,1975,1975-10-11,0.2,1,0,0,6,91,6
David Bellamy,1975-09-20,1975,1975-10-25,0.1,1,0,0,6,77,6
Katfish,1975-09-27,1975,1975-11-01,0.1,1,0,0,6,62,6
John Livigni,1975-10-18,1975,1975-11-22,0.1,1,0,0,6,83,6
B.C.G. (B.C. Generation),1976-03-06,1976,1976-04-10,0.1,1,0,0,6,56,6
Gaylord & Holiday,1976-03-06,1976,1976-04-10,0.1,1,0,0,6,72,6
Donny Gerrard,1976-03-27,1976,1976-05-01,0.1,1,0,0,6,87,6
Richard Cocciante,1976-04-10,1976,1976-05-15,0.1,1,0,0,6,41,6
The Heyettes,1976-04-10,1976,1976-05-15,0.1,1,0,0,6,91,6
Lee Garrett,1976-05-22,1976,1976-06-26,0.1,1,0,0,6,58,6
Lee Oskar,1976-06-26,1976,1976-07-31,0.1,1,0,0,6,59,6
Bob Marley And The Wailers,1976-07-04,1976,1976-08-07,0.1,1,0,0,6,51,6
Diana Williams,1976-09-04,1976,1976-10-09,0.1,1,0,0,6,66,6
Attitudes,1976-09-04,1976,1976-10-09,0.1,1,0,0,6,94,6
Sun,1976-09-25,1976,1976-10-30,0.1,1,0,0,6,76,6
The Glitter Band,1976-11-06,1976,1976-12-11,0.1,1,0,0,6,91,6
Klaatu,1977-04-02,1977,1977-05-07,0.1,1,0,0,6,62,6
Universal Robot Band,1977-05-14,1977,1977-06-18,0.1,1,0,0,6,93,6
"Hodges, James And Smith",1977-07-09,1977,1977-08-13,0.1,1,0,0,6,96,6
Kayak,1978-05-13,1978,1978-06-17,0.1,1,0,0,6,55,6
Airwaves,1978-06-03,1978,1978-07-08,0.1,1,0,0,6,62,6
Gino Soccio,1979-04-07,1979,1979-05-12,0.1,1,0,0,6,48,6
Witch Queen,1979-04-28,1979,1979-06-02,0.1,1,0,0,6,68,6
Blackjack,1979-07-21,1979,1979-08-25,0.1,1,0,0,6,62,6
Beckmeier Brothers,1979-07-28,1979,1979-09-01,0.1,1,0,0,6,53,6
Ian Hunter,1979-08-11,1979,1979-09-15,0.1,1,0,0,6,68,6
Steve Dahl And Teenage Radiation,1979-09-22,1979,1979-10-27,0.1,1,0,0,6,58,6
The Records,1979-09-29,1979,1979-11-03,0.1,1,0,0,6,56,6
Dollar,1979-12-22,1979,1980-01-26,0.1,1,0,0,6,74,6
The Cretones,1980-05-03,1980,1980-06-07,0.1,1,0,0,6,79,6
Joe Sun,1980-05-31,1980,1980-07-05,0.1,1,0,0,6,71,6
England Dan Seals,1980-08-16,1980,1980-09-20,0.1,1,0,0,6,57,6
Dynasty,1980-09-13,1980,1980-10-18,0.1,1,0,0,6,87,6
Eddie Money (with Valerie Carter),1980-10-18,1980,1980-11-22,0.1,1,0,0,6,65,6
The Star Wars Intergalactic Droid Choir & Chorale,1980-12-13,1980,1981-01-17,0.1,1,0,0,6,69,6
J.D. Drews,1980-12-27,1980,1981-01-31,0.1,1,0,0,6,79,6
Leon Redbone,1981-04-11,1981,1981-05-16,0.1,1,0,0,6,72,6
Max Werner,1981-05-16,1981,1981-06-20,0.1,1,0,0,6,74,6
The Producers,1981-06-13,1981,1981-07-18,0.1,1,0,0,6,61,6
Central Line,1981-11-14,1981,1981-12-19,0.1,1,0,0,6,84,6
The Waitresses,1982-05-08,1982,1982-06-12,0.1,1,0,0,6,62,6
Total Coelo,1983-04-16,1983,1983-05-21,0.1,1,0,0,6,66,6
Carl Wilson,1983-05-14,1983,1983-06-18,0.1,1,0,0,6,72,6
Joan Armatrading,1983-05-28,1983,1983-07-02,0.1,1,0,0,6,78,6
Loz Netto,1983-06-04,1983,1983-07-09,0.1,1,0,0,6,82,6
Cee Farrow,1983-09-24,1983,1983-10-29,0.1,1,0,0,6,82,6
Glenn Shorrock,1983-09-24,1983,1983-10-29,0.1,1,0,0,6,69,6
D Train,1984-01-07,1984,1984-02-11,0.1,1,0,0,6,79,6
Jenny Burton,1984-01-28,1984,1984-03-03,0.1,1,0,0,6,81,6
Misiing Persons,1984-03-17,1984,1984-04-21,0.1,1,0,0,6,67,6
Michael Gore,1984-04-14,1984,1984-05-19,0.1,1,0,0,6,84,6
Shakin' Stevens,1984-04-21,1984,1984-05-26,0.1,1,0,0,6,67,6
Dennis Edwards,1984-04-28,1984,1984-06-02,0.1,1,0,0,6,72,6
Apollonia 6,1984-10-20,1984,1984-11-24,0.1,1,0,0,6,85,6
Eurogliders,1984-11-10,1984,1984-12-15,0.1,1,0,0,6,65,6
The Vels,1985-02-23,1985,1985-03-30,0.1,1,0,0,6,72,6
Alex Brown,1985-05-04,1985,1985-06-08,0.1,1,0,0,6,76,6
Steve Arrington,1985-08-17,1985,1985-09-21,0.1,1,0,0,6,68,6
What Is This,1985-08-17,1985,1985-09-21,0.1,1,0,0,6,62,6
The Family,1985-09-28,1985,1985-11-02,0.1,1,0,0,6,63,6
Fortune,1985-12-21,1985,1986-01-25,0.1,1,0,0,6,80,6
John Cafferty,1986-03-01,1986,1986-04-05,0.1,1,0,0,6,76,6
Feargal Sharkey,1986-03-15,1986,1986-04-19,0.1,1,0,0,6,74,6
Wild Blue,1986-05-17,1986,1986-06-21,0.1,1,0,0,6,71,6
Bob Geldof,1986-12-13,1986,1987-01-17,0.1,1,0,0,6,82,6
Peter Gabriel/Kate Bush,1987-04-04,1987,1987-05-09,0.1,1,0,0,6,72,6
Mondo Rock,1987-05-23,1987,1987-06-27,0.1,1,0,0,6,71,6
4 By Four,1987-06-13,1987,1987-07-18,0.1,1,0,0,6,79,6
Beau Coup,1987-10-31,1987,1987-12-05,0.1,1,0,0,6,80,6
Jimmy Davis & Junction,1987-11-07,1987,1987-12-12,0.1,1,0,0,6,67,6
Millions Like Us,1987-11-14,1987,1987-12-19,0.1,1,0,0,6,69,6
Blue Mercedes,1988-03-05,1988,1988-04-09,0.1,1,0,0,6,66,6
Kingdom Come,1988-04-02,1988,1988-05-07,0.1,1,0,0,6,69,6
Stevie Wonder & Michael Jackson,1988-05-07,1988,1988-06-11,0.1,1,0,0,6,80,6
S-Express,1988-06-18,1988,1988-07-23,0.1,1,0,0,6,91,6
Fairground Attraction,1988-12-17,1988,1989-01-21,0.1,1,0,0,6,80,6
XTC,1989-04-29,1989,1989-06-03,0.1,1,0,0,6,72,6
Holly Johnson,1989-06-17,1989,1989-07-22,0.1,1,0,0,6,65,6
Tora Tora,1989-08-12,1989,1989-09-16,0.1,1,0,0,6,86,6
Texas,1989-09-09,1989,1989-10-14,0.1,1,0,0,6,77,6
Teddy Riley,1989-09-23,1989,1989-10-28,0.1,1,0,0,6,62,6
Shirley Lewis,1989-10-28,1989,1989-12-02,0.1,1,0,0,6,84,6
Chunky A,1989-12-02,1989,1990-01-06,0.1,1,0,0,6,77,6
Diving For Pearls,1989-12-09,1989,1990-01-13,0.1,1,0,0,6,84,6
Abstrac',1989-12-23,1989,1990-01-27,0.1,1,0,0,6,89,6
Gorky Park,1990-04-28,1990,1990-06-02,0.1,1,0,0,6,81,6
Andrew Ridgeley,1990-05-12,1990,1990-06-16,0.1,1,0,0,6,77,6
Electric Boys,1990-07-14,1990,1990-08-18,0.1,1,0,0,6,76,6
The Simpsons,1991-03-16,1991,1991-04-20,0.1,1,0,0,6,69,6
Oaktown's 3.5.7,1991-08-03,1991,1991-09-07,0.1,1,0,0,6,66,6
Cut 'N' Move,1991-08-03,1991,1991-09-07,0.1,1,0,0,6,76,6
Kingofthehill,1991-08-10,1991,1991-09-14,0.1,1,0,0,6,63,6
Grandmaster Slice,1991-10-26,1991,1991-11-30,0.1,1,0,0,6,85,6
BeBe & CeCe Winans,1992-01-04,1992,1992-02-08,0.1,1,0,0,6,90,6
Nyasia,1992-07-11,1992,1992-08-15,0.1,1,0,0,6,95,6
East Coast Family,1992-08-22,1992,1992-09-26,0.1,1,0,0,6,81,6
MC Nas-D & DJ Fred,1992-09-19,1992,1993-06-19,0.7,2,0,0,6,91,3
Nona Gaye,1992-10-10,1992,1992-11-14,0.1,1,0,0,6,86,6
Remedy,1993-03-27,1993,1993-05-01,0.1,1,0,0,6,66,6
MeShell Ndegeocello,1994-02-05,1994,1994-03-12,0.1,1,0,0,6,73,6
Bjork,1994-02-12,1994,2007-04-28,13.2,2,0,0,6,84,3
Shyheim,1994-03-05,1994,1994-04-16,0.1,1,0,0,6,89,6
Reel 2 Real,1994-03-12,1994,1994-04-16,0.1,1,0,0,6,89,6
Simple E,1994-04-16,1994,1994-05-21,0.1,1,0,0,6,72,6
Tanya Blount,1994-10-08,1994,1994-11-12,0.1,1,0,0,6,90,6
Aimee Mann,1995-01-21,1995,1995-02-25,0.1,1,0,0,6,93,6
Juliana Hatfield,1995-04-22,1995,1995-05-27,0.1,1,0,0,6,84,6
SF Spanish Fly,1995-06-10,1995,1995-07-15,0.1,1,0,0,6,89,6
Lorrie Morgan,1997-10-04,1997,1997-11-08,0.1,1,0,0,6,85,6
Chucklebutt,1998-01-31,1998,1998-03-07,0.1,1,0,0,6,87,6
Mic Geronimo,1998-02-21,1998,1998-03-28,0.1,1,0,0,6,70,6
Daryle Singletary,1998-02-28,1998,1998-04-04,0.1,1,0,0,6,90,6
Baby Talk,1998-05-30,1998,1998-07-04,0.1,1,0,0,6,71,6
Rebekah,1998-06-20,1998,1998-07-25,0.1,1,0,0,6,80,6
EOL,1998-07-11,1998,1998-08-15,0.1,1,0,0,6,79,6
The Wallflowers,2000-10-28,2000,2000-12-02,0.1,1,0,0,6,73,6
Amanda,2001-05-12,2001,2001-06-16,0.1,1,0,0,6,81,6
Dante Thomas,2001-07-14,2001,2001-08-18,0.1,1,0,0,6,85,6
Remy Shand,2002-04-27,2002,2002-06-01,0.1,1,0,0,6,89,6
New Found Glory,2002-09-07,2002,2002-10-12,0.1,1,0,0,6,85,6
Choppa,2003-03-08,2003,2003-04-19,0.1,1,0,0,6,94,6
Loon,2003-05-17,2003,2003-06-21,0.1,1,0,0,6,88,6
Fefe Dobson,2003-11-15,2003,2003-12-20,0.1,1,0,0,6,87,6
Scotty Emerick,2003-11-22,2003,2003-12-27,0.1,1,0,0,6,91,6
Lostprophets,2004-05-01,2004,2004-06-05,0.1,1,0,0,6,75,6
Nelly & Christina Aguilera,2004-09-25,2004,2004-10-30,0.1,1,0,0,6,58,6
High School Musical Cast,2006-02-11,2006,2006-03-04,0.1,2,0,0,6,34,3
Cheyenne Kimball,2006-07-08,2006,2006-08-19,0.1,1,0,0,6,53,6
"Eminem, 50 Cent, Lloyd Banks & Ca$his",2006-12-23,2006,2007-01-27,0.1,1,0,0,6,12,6
Jordan Pruitt,2007-01-27,2007,2007-03-03,0.1,2,0,0,6,54,3
Paula Abdul & Randy Jackson,2008-03-08,2008,2008-04-12,0.1,1,0,0,6,62,6
DAY26,2008-04-12,2008,2009-05-09,1.1,2,0,0,6,79,3
Julianne Hough,2008-06-07,2008,2008-07-26,0.1,1,0,0,6,88,6
MGMT,2009-03-21,2009,2009-04-25,0.1,1,0,0,6,91,6
Disney's Friends For Change,2009-08-29,2009,2010-04-03,0.6,2,0,0,6,20,3
V V Brown,2010-06-19,2010,2010-07-24,0.1,1,0,0,6,67,6
New Hollow,2010-11-20,2010,2011-02-26,0.3,2,0,0,6,86,3
Rebecca Black,2011-04-02,2011,2011-05-07,0.1,1,0,0,6,58,6
Javier Colon,2011-05-14,2011,2011-07-23,0.2,4,0,0,6,17,1.5
Edens Edge,2011-12-24,2011,2012-02-04,0.1,1,0,0,6,83,6
The Barden Bellas,2013-01-12,2013,2013-02-16,0.1,1,0,0,6,85,6
Bonnie McKee,2013-09-07,2013,2013-10-12,0.1,1,0,0,6,87,6
Tegan And Sara,2013-11-02,2013,2014-03-15,0.4,2,0,0,6,57,3
LunchMoney Lewis,2015-03-28,2015,2015-05-02,0.1,1,0,0,6,79,6
Janelle Monae & Jidenna,2015-07-11,2015,2015-08-15,0.1,1,0,0,6,79,6
"Dove Cameron, Cameron Boyce, Booboo Stewart & Sofia Carson",2015-08-22,2015,2015-09-26,0.1,1,0,0,6,38,6
Jess Glynne,2015-10-03,2015,2015-11-28,0.2,1,0,0,6,86,6
Steve Aoki & Louis Tomlinson,2016-12-31,2016,2017-02-04,0.1,1,0,0,6,52,6
Flo Rida & 99 Percent,2017-04-29,2017,2017-06-03,0.1,1,0,0,6,73,6
"Farruko, Nicki Minaj, Bad Bunny, 21 Savage & Rvssian",2017-12-16,2017,2018-01-27,0.1,1,0,0,6,75,6
Ozuna,2018-09-08,2018,2023-03-04,4.5,3,0,0,6,72,2
benny blanco & Juice WRLD,2019-01-12,2019,2019-02-16,0.1,1,0,0,6,85,6
Gesaffelstein & The Weeknd,2019-01-26,2019,2019-03-02,0.1,1,0,0,6,27,6
Lauv & Troye Sivan,2019-02-09,2019,2019-05-25,0.3,1,0,0,6,81,6
FLETCHER,2019-03-23,2019,2019-04-27,0.1,1,0,0,6,61,6
Nicky Jam X Ozuna,2019-05-25,2019,2019-06-29,0.1,1,0,0,6,91,6
"Yella Beezy, Gucci Mane & Quavo",2019-06-08,2019,2019-07-13,0.1,1,0,0,6,78,6
Dreamville,2019-06-29,2019,2019-08-03,0.1,3,0,0,6,44,2
Mustard,2019-07-27,2019,2019-09-21,0.2,1,0,0,6,81,6
j-hope,2019-10-12,2019,2025-04-05,5.5,6,0,0,6,60,1
"Lil Yachty, Drake & DaBaby",2020-03-21,2020,2020-04-25,0.1,1,0,0,6,55,6
Juice WRLD X Halsey,2020-07-18,2020,2020-08-22,0.1,1,1,0,6,9,6
Marshmello & Demi Lovato,2020-09-26,2020,2020-10-31,0.1,1,0,0,6,36,6
Popp Hunna,2021-01-02,2021,2021-02-06,0.1,1,0,0,6,74,6
J. Cole & Lil Baby,2021-05-29,2021,2021-07-03,0.1,1,1,0,6,7,6
Willow,2021-06-26,2021,2021-07-31,0.1,1,0,0,6,76,6
Tate McRae X Khalid,2021-07-03,2021,2021-08-14,0.1,1,0,0,6,88,6
"Metro Boomin, Travis Scott & 21 Savage",2022-12-17,2022,2023-01-28,0.1,1,0,0,6,27,6
Karol G x Romeo Santos,2023-02-18,2023,2023-03-25,0.1,1,0,0,6,48,6
Fuerza Regida & Peso Pluma,2023-04-29,2023,2023-06-03,0.1,1,0,0,6,80,6
"Metro Boomin, Swae Lee & NAV",2023-06-17,2023,2023-07-29,0.1,1,0,0,6,41,6
"The Kid LAROI, Jung Kook & Central Cee",2023-11-04,2023,2023-12-09,0.1,1,0,0,6,44,6
Stray Kids,2023-11-25,2023,2026-08-22,2.7,6,0,0,6,38,1
Beyonce & Miley Cyrus,2024-04-13,2024,2024-05-18,0.1,1,1,0,6,6,6
Lay Bankz,2024-04-27,2024,2024-06-01,0.1,1,0,0,6,58,6
JT,2024-05-11,2024,2024-08-24,0.3,1,0,0,6,72,6
Laufey,2024-12-14,2024,2025-09-06,0.7,3,0,0,6,56,2
Bad Bunny & RaiNao,2025-01-18,2025,2026-02-21,1.1,1,0,0,6,31,6
Bad Bunny & Los Pleneros de La Cresta,2025-01-18,2025,2026-02-28,1.1,1,0,0,6,48,6
CHRYSTAL,2025-01-25,2025,2025-05-17,0.3,1,0,0,6,83,6
John Morgan,2025-04-05,2025,2025-05-10,0.1,1,0,0,6,57,6
Neton Vega & Peso Pluma,2025-04-12,2025,2025-05-17,0.1,1,0,0,6,83,6
Pierce the Veil,2025-08-16,2025,2025-09-20,0.1,1,0,0,6,64,6
21 Savage & Drake,2025-12-27,2025,2026-02-07,0.1,1,0,0,6,51,6
EsDeeKid & Rico Ace,2026-01-03,2026,2026-02-07,0.1,1,0,0,6,67,6
Alyssa Grace,2026-06-20,2026,2026-08-22,0.2,1,0,0,6,45,6
pupsies,2026-07-18,2026,2026-08-22,0.1,1,0,0,6,50,6
Jerry Butler and The Impressions,1958-08-04,1958,1958-09-01,0.1,1,0,0,5,15,5
Oscar McLollie and Jeanette Baker,1958-08-04,1958,1958-09-08,0.1,1,0,0,5,61,5
The DeCastro Sisters,1958-08-18,1958,1959-01-26,0.4,2,0,0,5,76,2.5
Dale Wright And The Wright Guys,1958-09-01,1958,1958-09-29,0.1,1,0,0,5,77,5
Ivan,1958-09-22,1958,1958-10-20,0.1,1,0,0,5,68,5
Georgia Gibbs,1958-10-06,1958,1958-11-03,0.1,1,0,0,5,32,5
Wade Flemons and the Newcomers,1958-12-22,1958,1959-02-09,0.1,1,0,0,5,80,5
Danny Zella and his Zell Rocks,1959-01-26,1959,1959-02-23,0.1,1,0,0,5,71,5
The Big Sound Of Don Ralke,1959-04-06,1959,1959-05-04,0.1,1,0,0,5,69,5
Eugene Church,1959-08-03,1959,1959-08-31,0.1,1,0,0,5,67,5
Sammy Masters,1960-04-04,1960,1960-05-02,0.1,1,0,0,5,64,5
Mel Gadson,1960-05-30,1960,1960-06-27,0.1,1,0,0,5,69,5
Cornbread & Biscuits,1960-11-14,1960,1960-12-12,0.1,1,0,0,5,75,5
The Blue Diamonds,1960-11-28,1960,1960-12-26,0.1,1,0,0,5,72,5
Cleveland Crochet and Band,1961-01-02,1961,1961-01-30,0.1,1,0,0,5,80,5
The Sevilles,1961-01-23,1961,1961-02-20,0.1,1,0,0,5,84,5
Herb Lance & The Classics,1961-03-06,1961,1961-04-03,0.1,1,0,0,5,50,5
The Enchanters,1961-03-06,1961,1964-09-19,3.5,2,0,0,5,91,2.5
Paris Sisters,1961-04-24,1961,1961-05-22,0.1,1,0,0,5,56,5
The Timetones,1961-05-08,1961,1961-06-05,0.1,1,0,0,5,51,5
Russell Byrd,1961-05-08,1961,1961-06-05,0.1,1,0,0,5,50,5
Louise Brown,1961-05-08,1961,1961-06-05,0.1,1,0,0,5,76,5
The New Yorkers,1961-05-15,1961,1961-06-12,0.1,1,0,0,5,69,5
The Delacardos,1961-06-05,1961,1961-07-03,0.1,1,0,0,5,78,5
Adrian Kimberly,1961-06-26,1961,1961-07-24,0.1,1,0,0,5,34,5
Ray Ellis And His Orchestra,1961-07-03,1961,1961-07-31,0.1,1,0,0,5,81,5
The Paragons,1961-07-17,1961,1961-08-14,0.1,1,0,0,5,82,5
The Preludes Five,1961-08-14,1961,1961-09-11,0.1,1,0,0,5,80,5
The Four Sportsmen,1961-08-14,1961,1961-09-11,0.1,1,0,0,5,76,5
Nino & The Ebb Tides,1961-09-04,1961,1961-10-02,0.1,1,0,0,5,57,5
Saverio Saridis,1962-01-27,1962,1962-03-03,0.1,1,0,0,5,86,5
The Stompers,1962-03-03,1962,1983-07-09,21.3,2,0,0,5,88,2.5
Mickey Shorr and The Cutups,1962-06-16,1962,1962-07-14,0.1,1,0,0,5,60,5
Dreamlovers,1962-06-30,1962,1962-07-28,0.1,1,0,0,5,62,5
Little Jo Ann,1962-07-07,1962,1962-08-04,0.1,1,0,0,5,67,5
Little Esther Phillips,1963-02-09,1963,1963-03-09,0.1,1,0,0,5,61,5
Charlie Russo,1963-03-30,1963,1963-04-27,0.1,1,0,0,5,92,5
The Hippies (Formerly The Tams),1963-04-13,1963,1963-05-11,0.1,1,0,0,5,63,5
Burt Bacharach,1963-07-27,1963,1969-07-12,6.0,2,0,0,5,93,2.5
Joe Perkins,1963-09-28,1963,1963-10-26,0.1,1,0,0,5,76,5
Steve Allen and His Orchestra,1963-10-12,1963,1963-11-23,0.1,1,0,0,5,85,5
The Galens,1963-11-23,1963,1963-12-21,0.1,1,0,0,5,70,5
Lefty Frizzell,1964-01-18,1964,1964-02-29,0.1,1,0,0,5,85,5
The Carefrees,1964-03-21,1964,1964-04-18,0.1,1,0,0,5,39,5
Sugar Pie DeSanto,1964-04-18,1964,1964-05-16,0.1,1,0,0,5,48,5
Siw Malmkvist-Umberto Marcato,1964-07-18,1964,1964-08-15,0.1,1,0,0,5,58,5
The Greenwood County Singers,1964-08-01,1964,1964-08-29,0.1,1,0,0,5,75,5
Bobby Wood,1964-08-08,1964,1964-09-05,0.1,1,0,0,5,74,5
The Superbs,1964-10-03,1964,1964-10-31,0.1,1,0,0,5,83,5
Nella Dodds,1964-11-14,1964,1965-01-16,0.2,2,0,0,5,74,2.5
Richard Burton,1965-01-30,1965,1965-02-27,0.1,1,0,0,5,64,5
Jack Laforge His Piano and Orchestra,1965-01-30,1965,1965-03-06,0.1,1,0,0,5,96,5
Roddie Joy,1965-03-20,1965,1965-04-24,0.1,1,0,0,5,86,5
Julie Andrews-Dick Van Dyke,1965-04-24,1965,1965-05-22,0.1,1,0,0,5,66,5
Cal Tjader,1965-06-05,1965,1965-07-03,0.1,1,0,0,5,88,5
The Knight Bros.,1965-06-12,1965,1965-07-10,0.1,1,0,0,5,70,5
The Vacels,1965-07-24,1965,1965-08-21,0.1,1,0,0,5,63,5
Bonnie & The Treasures,1965-08-28,1965,1965-09-25,0.1,1,0,0,5,77,5
Ian Whitcomb,1965-09-04,1965,1965-10-02,0.1,1,0,0,5,59,5
The Ivy League,1965-09-18,1965,1965-10-16,0.1,1,0,0,5,83,5
Johnny Lytle,1966-01-22,1966,1966-02-19,0.1,1,0,0,5,80,5
Johnny and The Expressions,1966-01-22,1966,1966-02-19,0.1,1,0,0,5,79,5
Tim Tam And The Turn-Ons,1966-03-05,1966,1966-04-02,0.1,1,0,0,5,76,5
The Mar-Keys,1966-03-05,1966,1966-04-16,0.1,1,0,0,5,89,5
The Greenwoods,1966-04-30,1966,1966-05-28,0.1,1,0,0,5,64,5
Jeannie Seely,1966-05-28,1966,1966-06-25,0.1,1,0,0,5,85,5
Mike Williams,1966-07-09,1966,1966-08-06,0.1,1,0,0,5,69,5
The Swingin' Medallions,1966-08-20,1966,1966-09-17,0.1,1,0,0,5,71,5
Marlena Shaw,1967-03-11,1967,1967-04-08,0.1,1,0,0,5,58,5
The Glories,1967-06-17,1967,1967-07-15,0.1,1,0,0,5,74,5
David Houston & Tammy Wynette,1967-07-08,1967,1967-08-05,0.1,1,0,0,5,89,5
The Last Word,1967-10-21,1967,1967-11-18,0.1,1,0,0,5,78,5
Helena Ferguson,1967-11-11,1967,1967-12-09,0.1,1,0,0,5,90,5
The Candymen,1967-11-18,1967,1967-12-16,0.1,1,0,0,5,81,5
Bill Wyman,1967-12-16,1967,1968-01-13,0.1,1,0,0,5,87,5
Inez & Charlie Foxx,1968-01-13,1968,1968-03-09,0.2,1,0,0,5,76,5
The Soulful Strings,1968-02-03,1968,1968-03-02,0.1,1,0,0,5,64,5
The Scaffold,1968-02-10,1968,1968-03-09,0.1,1,0,0,5,69,5
The Formations,1968-03-16,1968,1968-04-13,0.1,1,0,0,5,83,5
Hamilton Camp,1968-05-04,1968,1968-06-01,0.1,1,0,0,5,76,5
Lemon Pipers,1968-05-18,1968,1968-06-15,0.1,1,0,0,5,51,5
The Show Stoppers,1968-06-01,1968,1968-06-29,0.1,1,0,0,5,87,5
Flavor,1968-08-03,1968,1968-09-14,0.1,1,0,0,5,95,5
The Masqueraders,1968-09-28,1968,1968-10-26,0.1,1,0,0,5,57,5
Southwest F.O.B.,1968-10-05,1968,1968-11-02,0.1,1,0,0,5,56,5
Alvin Cash,1968-11-23,1968,1968-12-21,0.1,1,0,0,5,66,5
The Crystal Mansion,1968-12-21,1968,1969-01-18,0.1,1,0,0,5,84,5
"John Wesley Ryles, I",1968-12-28,1968,1969-01-25,0.1,1,0,0,5,83,5
Everything Is Everything,1969-02-08,1969,1969-03-08,0.1,1,0,0,5,69,5
John & Anne Ryder,1969-10-25,1969,1969-11-22,0.1,1,0,0,5,70,5
Johnny Winter,1970-01-10,1970,1971-05-08,1.3,2,0,0,5,89,2.5
Feather,1970-05-30,1970,1970-06-27,0.1,1,0,0,5,79,5
The Satisfactions,1970-06-20,1970,1970-11-07,0.4,2,0,0,5,94,2.5
The Rattles,1970-06-27,1970,1970-07-25,0.1,1,0,0,5,79,5
Alive 'N Kickin',1970-09-26,1970,1970-10-24,0.1,1,0,0,5,69,5
The Continental 4,1971-06-19,1971,1971-07-17,0.1,1,0,0,5,84,5
Audience,1971-07-17,1971,1971-08-14,0.1,1,0,0,5,74,5
The Newcomers,1971-09-11,1971,1971-10-09,0.1,1,0,0,5,74,5
Glen Campbell/Anne Murray,1971-10-23,1971,1971-11-20,0.1,1,0,0,5,81,5
Buckwheat,1972-04-01,1972,1972-04-29,0.1,1,0,0,5,84,5
Independents,1972-05-13,1972,1972-06-10,0.1,1,0,0,5,84,5
John Lennon/Plastic Ono Band,1972-05-20,1972,1972-06-17,0.1,1,0,0,5,57,5
Donny Hathaway And June Conquest,1972-05-27,1972,1972-06-24,0.1,1,0,0,5,94,5
New Riders Of The Purple Sage,1972-06-10,1972,1972-07-08,0.1,1,0,0,5,81,5
Jamestown Massacre,1972-08-12,1972,1972-09-09,0.1,1,0,0,5,90,5
Carlos Santana & Buddy Miles,1972-09-09,1972,1972-10-07,0.1,1,0,0,5,84,5
The Move,1972-10-28,1972,1972-11-25,0.1,1,0,0,5,93,5
The Wackers,1972-11-18,1972,1972-12-16,0.1,1,0,0,5,65,5
Bill Quateman,1973-04-07,1973,1973-05-05,0.1,1,0,0,5,86,5
Maceo And The Macks,1973-09-01,1973,1973-09-29,0.1,1,0,0,5,71,5
Painter,1973-09-29,1973,1973-10-27,0.1,1,0,0,5,79,5
Hank Wilson,1973-10-06,1973,1973-11-03,0.1,1,0,0,5,78,5
Cooker,1974-02-02,1974,1974-03-02,0.1,1,0,0,5,88,5
Heartsfield,1974-03-02,1974,1974-03-30,0.1,1,0,0,5,95,5
Martha Reeves,1974-03-30,1974,1974-04-27,0.1,1,0,0,5,76,5
Ian Lloyd & Stories,1974-03-30,1974,1974-04-27,0.1,1,0,0,5,88,5
George Fischoff,1974-06-01,1974,1974-06-29,0.1,1,0,0,5,93,5
Willie Henderson,1974-07-06,1974,1974-08-03,0.1,1,0,0,5,73,5
Dick Feller,1974-07-27,1974,1974-08-24,0.1,1,0,0,5,85,5
Bob Dylan/The Band,1974-08-10,1974,1974-09-07,0.1,1,0,0,5,66,5
Kathy Dalton,1974-09-14,1974,1974-10-12,0.1,1,0,0,5,72,5
Grand Canyon,1974-11-02,1974,1974-11-30,0.1,1,0,0,5,72,5
Lana Cantrell,1975-02-22,1975,1975-03-22,0.1,1,0,0,5,63,5
Susan Jacks,1975-03-08,1975,1975-04-05,0.1,1,0,0,5,90,5
Nektar,1975-05-10,1975,1975-06-07,0.1,1,0,0,5,91,5
Shirley Caesar,1975-05-17,1975,1975-06-14,0.1,1,0,0,5,91,5
Debbie Campbell,1975-07-05,1975,1975-08-02,0.1,1,0,0,5,84,5
Chocolate Milk,1975-07-12,1975,1975-08-09,0.1,1,0,0,5,69,5
Christopher Paul And Shawn,1975-08-02,1975,1975-08-30,0.1,1,0,0,5,91,5
Pat Lundi,1975-09-06,1975,1975-10-04,0.1,1,0,0,5,78,5
"Cotton, Lloyd & Christian",1975-09-27,1975,1975-10-25,0.1,1,0,0,5,66,5
Kenny Starr,1975-12-06,1975,1976-01-03,0.1,1,0,0,5,58,5
Terry Bradshaw,1976-03-06,1976,1976-04-03,0.1,1,0,0,5,91,5
Yvonne Fair,1976-04-24,1976,1976-05-22,0.1,1,0,0,5,85,5
Bro Smith,1976-05-08,1976,1976-06-05,0.1,1,0,0,5,57,5
Sundown Company,1976-06-05,1976,1976-07-04,0.1,1,0,0,5,84,5
Easy Street,1976-07-04,1976,1976-08-07,0.1,1,0,0,5,81,5
The Keane Brothers,1976-11-13,1976,1976-12-11,0.1,1,0,0,5,84,5
Bumble Bee Unlimited,1976-12-11,1976,1977-01-08,0.1,1,0,0,5,92,5
L.A. Jets,1976-12-25,1976,1977-01-22,0.1,1,0,0,5,86,5
Boney M,1977-01-22,1977,1977-02-19,0.1,1,0,0,5,65,5
The Sons Of Champlin,1977-02-05,1977,1977-03-05,0.1,1,0,0,5,80,5
Blue,1977-05-07,1977,1977-06-04,0.1,1,0,0,5,88,5
Suzy And The Red Stripes,1977-06-18,1977,1977-07-16,0.1,1,0,0,5,59,5
Bruce Foster,1977-07-02,1977,1977-07-30,0.1,1,0,0,5,63,5
Donna McDaniel,1977-07-02,1977,1977-07-30,0.1,1,0,0,5,90,5
Tom Powers,1977-10-08,1977,1977-11-05,0.1,1,0,0,5,92,5
Cazz,1978-02-18,1978,1978-03-18,0.1,1,0,0,5,70,5
Don Brown,1978-03-18,1978,1978-04-15,0.1,1,0,0,5,74,5
Bob Weir,1978-03-18,1978,1978-04-15,0.1,1,0,0,5,70,5
Gary Tanner,1978-05-27,1978,1978-06-24,0.1,1,0,0,5,69,5
Mick Jackson,1978-08-12,1978,1978-09-09,0.1,1,0,0,5,61,5
Bob Mcgilpin,1978-09-23,1978,1978-10-21,0.1,1,0,0,5,91,5
Judy Cheeks,1978-10-07,1978,1978-11-04,0.1,1,0,0,5,65,5
Loleatta Holloway And Bunny Sigler,1978-11-04,1978,1978-12-02,0.1,1,0,0,5,87,5
Goody Goody,1978-11-18,1978,1978-12-16,0.1,1,0,0,5,82,5
The Blend,1978-12-16,1978,1979-01-13,0.1,1,0,0,5,91,5
Glenn Sutton,1979-01-06,1979,1979-02-03,0.1,1,0,0,5,46,5
Tasha Thomas,1979-01-27,1979,1979-02-24,0.1,1,0,0,5,91,5
Arpeggio,1979-03-10,1979,1979-04-07,0.1,1,0,0,5,70,5
Euclid Beach Band,1979-03-31,1979,1979-04-28,0.1,1,0,0,5,81,5
Orsa Lia,1979-03-31,1979,1979-04-28,0.1,1,0,0,5,84,5
The Gibson Brothers,1979-06-23,1979,1979-07-21,0.1,1,0,0,5,81,5
Philly Cream,1979-06-30,1979,1979-07-28,0.1,1,0,0,5,67,5
Five Special,1979-07-28,1979,1979-08-25,0.1,1,0,0,5,55,5
Buckeye,1979-08-25,1979,1979-09-22,0.1,1,0,0,5,63,5
Carolyne Mas,1979-09-08,1979,1979-10-06,0.1,1,0,0,5,71,5
Dan Peek,1979-09-15,1979,1979-10-13,0.1,1,0,0,5,78,5
Bama,1979-10-06,1979,1979-11-03,0.1,1,0,0,5,86,5
Shoes,1979-11-03,1979,1979-12-01,0.1,1,0,0,5,75,5
The Headboys,1979-11-10,1979,1979-12-08,0.1,1,0,0,5,67,5
The Boomtown Rats,1980-02-02,1980,1980-03-01,0.1,1,0,0,5,73,5
Together? (Soundtrack),1980-03-08,1980,1980-04-05,0.1,1,0,0,5,86,5
The Motors,1980-05-17,1980,1980-06-14,0.1,1,0,0,5,78,5
Gary Burbank,1980-06-28,1980,1980-07-26,0.1,1,0,0,5,67,5
Yipes!!,1980-08-02,1980,1980-08-30,0.1,1,0,0,5,68,5
Deliverance,1980-08-30,1980,1980-09-27,0.1,1,0,0,5,71,5
Burt Reynolds,1980-10-18,1980,1980-11-15,0.1,1,0,0,5,88,5
Billy Burnette,1980-11-01,1980,1980-11-29,0.1,1,0,0,5,68,5
The Rings,1981-03-07,1981,1981-04-04,0.1,1,0,0,5,75,5
Shot In The Dark,1981-04-04,1981,1981-05-02,0.1,1,0,0,5,71,5
Gary O',1981-07-18,1981,1981-08-15,0.1,1,0,0,5,70,5
Debra Laws,1981-08-15,1981,1981-09-12,0.1,1,0,0,5,90,5
Eric Hine,1981-08-22,1981,1981-09-19,0.1,1,0,0,5,73,5
All Sports Band,1981-11-28,1981,1982-02-20,0.2,2,0,0,5,78,2.5
Neil Young / Crazy Horse,1981-12-26,1981,1982-01-23,0.1,1,0,0,5,70,5
Kano,1981-12-26,1981,1982-01-23,0.1,1,0,0,5,89,5
Conductor,1982-01-30,1982,1982-02-27,0.1,1,0,0,5,63,5
Madleen Kane,1982-02-06,1982,1982-03-06,0.1,1,0,0,5,77,5
Fred Parris & The Five Satins,1982-02-27,1982,1982-03-27,0.1,1,0,0,5,71,5
Spys,1982-08-14,1982,1982-09-11,0.1,1,0,0,5,82,5
Clocks,1982-08-28,1982,1982-09-25,0.1,1,0,0,5,67,5
Rodway,1982-12-11,1982,1983-01-08,0.1,1,0,0,5,83,5
Hughes/Thrall,1982-12-18,1982,1983-01-15,0.1,1,0,0,5,79,5
Rachel Sweet,1983-02-05,1983,1983-03-05,0.1,1,0,0,5,72,5
Heaven 17,1983-03-12,1983,1983-04-09,0.1,1,0,0,5,74,5
Ultravox,1983-04-09,1983,1983-05-07,0.1,1,0,0,5,71,5
Haysi Fantayzee,1983-07-23,1983,1983-08-20,0.1,1,0,0,5,74,5
Kissing The Pink,1983-08-06,1983,1983-09-03,0.1,1,0,0,5,87,5
Club House,1983-08-20,1983,1983-09-17,0.1,1,0,0,5,75,5
Streets,1983-12-03,1983,1983-12-31,0.1,1,0,0,5,87,5
The American Comedy Network,1984-02-04,1984,1984-03-03,0.1,1,0,0,5,70,5
Andy Fraser,1984-03-03,1984,1984-03-31,0.1,1,0,0,5,82,5
J. Blackfoot,1984-03-03,1984,1984-03-31,0.1,1,0,0,5,90,5
Bobby Womack & Patti LaBelle,1984-03-24,1984,1984-04-21,0.1,1,0,0,5,88,5
Fire Inc.,1984-06-02,1984,1984-06-30,0.1,1,0,0,5,80,5
Bus Boys,1984-08-04,1984,1984-09-01,0.1,1,0,0,5,68,5
Rubber Rodeo,1984-08-25,1984,1984-09-22,0.1,1,0,0,5,86,5
Evelyn Thomas,1984-09-29,1984,1984-10-27,0.1,1,0,0,5,85,5
Janey Street,1984-10-06,1984,1984-11-03,0.1,1,0,0,5,68,5
Rick Dees,1984-12-15,1984,1985-01-12,0.1,1,0,0,5,75,5
Lorenzo Lamas,1984-12-22,1984,1985-01-19,0.1,1,0,0,5,85,5
UTFO,1985-03-09,1985,1985-04-06,0.1,1,0,0,5,77,5
Maureen Steele,1985-05-04,1985,1985-06-01,0.1,1,0,0,5,77,5
Al Corley,1985-05-11,1985,1985-06-08,0.1,1,0,0,5,80,5
Urgent,1985-08-10,1985,1985-09-07,0.1,1,0,0,5,79,5
Platinum Blonde,1986-04-12,1986,1986-05-10,0.1,1,0,0,5,82,5
Southside Johnny & The Jukes,1986-08-16,1986,1986-09-13,0.1,1,0,0,5,98,5
Luis Cardenas,1986-09-20,1986,1986-10-18,0.1,1,0,0,5,83,5
Secret Ties,1986-12-13,1986,1987-01-10,0.1,1,0,0,5,91,5
The Venetians,1987-02-28,1987,1987-03-28,0.1,1,0,0,5,88,5
Julio Iglesias,1988-05-21,1988,1988-06-18,0.1,1,0,0,5,80,5
Bros,1988-06-25,1988,1988-07-23,0.1,1,0,0,5,83,5
Good Question,1988-10-22,1988,1988-11-19,0.1,1,0,0,5,86,5
Kiara (Duet,1989-02-25,1989,1989-03-25,0.1,1,0,0,5,78,5
Midge Ure,1989-03-11,1989,1989-04-08,0.1,1,0,0,5,95,5
The 4 Of Us,1990-04-21,1990,1990-05-19,0.1,1,0,0,5,77,5
Notorious,1990-12-15,1990,1991-01-12,0.1,1,0,0,5,90,5
Jesse Jaymes,1991-07-06,1991,1991-08-03,0.1,1,0,0,5,74,5
The Northern Pikes,1992-01-04,1992,1992-02-01,0.1,1,0,0,5,86,5
2 Hyped Brothers & A Dog,1992-03-21,1992,1992-04-18,0.1,1,0,0,5,90,5
Around The Way,1992-11-07,1992,1992-12-05,0.1,1,0,0,5,89,5
Funkdoobiest,1993-04-24,1993,1993-05-22,0.1,1,0,0,5,89,5
Johnny O,1994-01-29,1994,1994-02-26,0.1,1,0,0,5,87,5
Smif-N-Wessun,1994-05-28,1994,1994-06-25,0.1,1,0,0,5,93,5
King Just,1994-07-02,1994,1994-07-30,0.1,1,0,0,5,96,5
Group Home,1995-02-04,1995,1995-03-04,0.1,1,0,0,5,85,5
Vybe,1995-08-05,1995,1995-09-02,0.1,1,0,0,5,81,5
Skin Deep,1996-04-27,1996,1996-05-25,0.1,1,0,0,5,92,5
Nathan Morris,1996-07-27,1996,1996-08-24,0.1,1,0,0,5,86,5
The Chemical Brothers,1997-01-25,1997,1997-02-22,0.1,1,0,0,5,80,5
Love Tribe,1997-01-25,1997,1997-02-22,0.1,1,0,0,5,89,5
Bounty Killa,1997-03-15,1997,1997-04-12,0.1,1,0,0,5,81,5
Tasha Holiday,1997-04-19,1997,1997-05-17,0.1,1,0,0,5,93,5
Gyrl,1997-06-21,1997,1997-07-19,0.1,1,0,0,5,91,5
Ivory,1997-08-16,1997,1997-09-13,0.1,1,0,0,5,88,5
Samantha Cole,1997-08-30,1997,1997-09-27,0.1,1,0,0,5,78,5
Big Bub,1997-09-06,1997,1997-10-04,0.1,1,0,0,5,70,5
Insane Clown Posse,1997-12-27,1997,1998-01-24,0.1,1,0,0,5,67,5
Sammy Kershaw,1997-12-27,1997,1998-03-07,0.2,1,0,0,5,85,5
Phajja,1998-02-21,1998,1998-03-21,0.1,1,0,0,5,87,5
PRINCE BE & Ky-Mani,1998-03-28,1998,1998-04-25,0.1,1,0,0,5,90,5
M:G,1998-05-02,1998,1998-05-30,0.1,1,0,0,5,91,5
4 The Cause,1998-08-22,1998,1998-09-19,0.1,1,0,0,5,82,5
"Tragedy, Capone, Infinite",1998-09-19,1998,1998-10-17,0.1,1,0,0,5,86,5
Andrea Martin,1998-10-31,1998,1998-11-28,0.1,1,0,0,5,82,5
Mag 7,1998-10-31,1998,1998-11-28,0.1,1,0,0,5,93,5
Sammy Kershaw & Lorrie Morgan,1999-05-15,1999,1999-06-12,0.1,1,0,0,5,86,5
Pharoahe Monch,1999-10-23,1999,1999-11-20,0.1,1,0,0,5,97,5
Eve & Jadakiss,2000-07-15,2000,2000-08-12,0.1,1,0,0,5,88,5
Damizza,2000-11-11,2000,2000-12-09,0.1,1,0,0,5,95,5
Iconz,2001-02-17,2001,2001-03-17,0.1,1,0,0,5,93,5
Philly's Most Wanted,2001-03-03,2001,2001-03-31,0.1,1,0,0,5,98,5
St. Lunatics,2001-06-30,2001,2001-07-28,0.1,1,0,0,5,88,5
Pastor Troy,2002-10-05,2002,2002-11-02,0.1,1,0,0,5,96,5
Rebecca Lynn Howard,2002-11-09,2002,2002-12-07,0.1,1,0,0,5,71,5
Freeway,2003-02-08,2003,2003-06-21,0.4,2,0,0,5,95,2.5
Reina,2003-04-12,2003,2003-05-10,0.1,1,0,0,5,96,5
The Roc Project,2003-08-23,2003,2003-12-13,0.3,1,0,0,5,97,5
Dilated Peoples,2004-05-29,2004,2004-06-26,0.1,1,0,0,5,78,5
Diana DeGarmo,2004-07-17,2004,2004-08-14,0.1,1,0,0,5,14,5
Andrew Seeley,2006-02-04,2006,2006-03-04,0.1,1,0,0,5,23,5
Lucas Grabeel & Ashley Tisdale,2006-02-11,2006,2006-02-25,0.0,2,0,0,5,35,2.5
Remy Ma,2006-04-01,2006,2006-04-29,0.1,1,0,0,5,90,5
Jeannie Ortega,2006-06-24,2006,2006-08-19,0.2,1,0,0,5,93,5
Don Omar,2006-06-24,2006,2011-07-23,5.1,2,0,0,5,93,2.5
Trent Tomlinson,2006-12-23,2006,2007-02-17,0.2,1,0,0,5,90,5
Cartel,2007-01-13,2007,2007-02-10,0.1,1,0,0,5,89,5
Corbin Bleu,2007-02-03,2007,2007-03-03,0.1,1,0,0,5,14,5
Blake Lewis,2007-06-09,2007,2007-06-30,0.1,2,0,0,5,18,2.5
DragonForce,2008-01-19,2008,2008-02-16,0.1,1,0,0,5,86,5
DJ Laz,2008-05-24,2008,2008-06-21,0.1,1,0,0,5,56,5
Hit Masters,2008-08-30,2008,2008-09-27,0.1,1,0,0,5,19,5
Artists For Haiti,2010-02-27,2010,2010-03-27,0.1,1,1,0,5,2,5
Lee DeWyze,2010-06-12,2010,2010-06-19,0.0,3,0,0,5,24,1.7
Don Omar & Lucenzo,2011-05-21,2011,2011-06-18,0.1,1,0,0,5,82,5
Steven Tyler,2011-05-28,2011,2015-07-25,4.2,2,0,0,5,35,2.5
Melanie Martinez,2012-12-08,2012,2023-04-15,10.3,4,0,0,5,61,1.2
"The Barden Bellas, The Treblemakers & The BU Harmonics",2013-01-19,2013,2013-02-16,0.1,1,0,0,5,86,5
Empire Of The Sun,2016-02-06,2016,2016-03-19,0.1,1,0,0,5,65,5
Jonas Blue,2016-04-02,2016,2016-05-07,0.1,1,0,0,5,98,5
Ben Rector,2016-07-23,2016,2016-08-20,0.1,1,0,0,5,82,5
Galantis,2016-07-30,2016,2016-09-03,0.1,1,0,0,5,88,5
Hey Violet,2017-02-11,2017,2017-03-11,0.1,1,0,0,5,68,5
G-Eazy & Kehlani,2017-05-06,2017,2017-06-03,0.1,1,0,0,5,59,5
Quavo & Lil Yachty,2018-01-06,2018,2018-02-03,0.1,1,0,0,5,74,5
Sofi Tukker,2018-01-13,2018,2018-02-10,0.1,1,0,0,5,81,5
"ScHoolboy Q, 2 Chainz & Saudi",2018-02-24,2018,2018-03-24,0.1,1,0,0,5,49,5
Blac Youngsta,2018-03-10,2018,2018-04-07,0.1,1,0,0,5,73,5
"Labrinth, Sia & Diplo Present... LSD",2018-09-15,2018,2018-10-27,0.1,1,0,0,5,67,5
"benny blanco, Tainy, Selena Gomez & J Balvin",2019-03-16,2019,2019-04-13,0.1,1,0,0,5,66,5
Runaway June,2019-08-24,2019,2019-09-21,0.1,1,0,0,5,88,5
MoneyBagg Yo,2020-01-18,2020,2020-02-15,0.1,1,0,0,5,53,5
Garth Brooks & Blake Shelton,2020-02-08,2020,2020-03-07,0.1,1,0,0,5,78,5
Kid LAROI & Juice WRLD,2020-06-27,2020,2020-08-08,0.1,1,0,0,5,52,5
Trevor Daniel x Selena Gomez,2020-07-11,2020,2020-08-29,0.1,1,0,0,5,77,5
Calvin Harris X The Weeknd,2020-09-12,2020,2020-10-10,0.1,1,0,0,5,38,5
Juice WRLD & Young Thug,2021-01-30,2021,2021-02-27,0.1,1,0,0,5,22,5
Moneybagg Yo & Future,2021-04-10,2021,2021-05-22,0.1,1,0,0,5,49,5
Polo G & Lil Wayne,2021-06-05,2021,2021-07-03,0.1,1,0,0,5,33,5
Oliver Tree,2021-10-23,2021,2022-01-15,0.2,1,0,0,5,71,5
Summer Walker & JT,2021-10-30,2021,2021-12-11,0.1,1,0,0,5,33,5
Juice WRLD & Justin Bieber,2021-12-18,2021,2022-01-15,0.1,1,0,0,5,49,5
V,2022-01-08,2022,2024-12-14,2.9,5,0,0,5,51,1
King Von & 21 Savage,2022-02-19,2022,2022-03-19,0.1,1,0,0,5,40,5
Queen Naija & Big Sean,2022-02-19,2022,2022-06-04,0.3,1,0,0,5,88,5
4*TOWN (From Disney And Pixar's Turning Red),2022-04-02,2022,2022-04-30,0.1,1,0,0,5,49,5
Yahritza y Su Esencia,2022-04-09,2022,2022-05-07,0.1,1,0,0,5,20,5
"Kendrick Lamar, Blxst & Amanda Reifer",2022-05-28,2022,2022-06-25,0.1,1,1,0,5,5,5
City Girls & Usher,2022-07-16,2022,2022-10-29,0.3,1,0,0,5,70,5
"benny blanco, BTS & Snoop Dogg",2022-08-20,2022,2022-09-17,0.1,1,1,0,5,10,5
NLE Choppa & 2Rare,2023-02-04,2023,2023-03-04,0.1,1,0,0,5,85,5
Finesse2Tymes,2023-02-04,2023,2023-03-04,0.1,1,0,0,5,86,5
Peso Pluma & Junior H,2023-07-08,2023,2023-08-05,0.1,1,0,0,5,30,5
"Diplo, Jessie Murph & Polo G",2023-08-05,2023,2023-09-02,0.1,1,0,0,5,64,5
mgk,2024-03-09,2024,2025-08-30,1.5,2,0,0,5,62,3.5
"Eminem, Big Sean & BabyTron",2024-07-13,2024,2024-08-10,0.1,1,0,0,5,24,5
Quavo & Lana Del Rey,2024-07-20,2024,2024-08-17,0.1,1,0,0,5,33,5
Ice Spice & Central Cee,2024-07-27,2024,2024-08-24,0.1,1,0,0,5,51,5
"Drake, Young Thug & 21 Savage",2024-08-24,2024,2024-09-21,0.1,1,0,0,5,28,5
Ariana Grande & Cynthia Erivo,2024-12-07,2024,2025-01-11,0.1,1,0,0,5,62,5
Dylan Marlowe & Dylan Scott,2025-01-11,2025,2025-02-08,0.1,1,0,0,5,75,5
"David Guetta, Alphaville & Ava Max",2025-01-25,2025,2025-02-22,0.1,1,0,0,5,90,5
Playboi Carti & Travis Scott,2025-03-29,2025,2025-04-05,0.0,3,0,0,5,20,1.7
"Selena Gomez, benny blanco & The Marias",2025-04-05,2025,2025-05-03,0.1,1,0,0,5,56,5
Marshmello x Jelly Roll,2025-09-06,2025,2025-11-01,0.2,1,0,0,5,79,5
"Metro Boomin, Quavo, Breskii & YK NIECE",2025-10-11,2025,2025-11-08,0.1,1,0,0,5,71,5
Cameron Whitcomb,2026-06-20,2026,2026-08-01,0.1,1,0,0,5,94,5
Jan & Arnie,1958-08-04,1958,1958-09-15,0.1,2,0,0,4,44,2
Toni Arden,1958-08-04,1958,1958-08-25,0.1,1,0,0,4,63,4
David Seville,1958-08-04,1958,1959-05-18,0.8,3,0,0,4,78,1.3
Tommy Mara,1958-08-18,1958,1958-09-15,0.1,1,0,0,4,76,4
Doug Franklin,1958-09-08,1958,1958-10-20,0.1,1,0,0,4,73,4
Johnny Otis,1958-11-10,1958,1958-12-08,0.1,1,0,0,4,87,4
"Bobby Pedrick, Jr.",1958-11-10,1958,1958-12-01,0.1,1,0,0,4,74,4
Augie Rios,1958-12-15,1958,1959-01-05,0.1,1,0,0,4,47,4
Edmundo Ros and His Orchestra,1959-01-05,1959,1959-01-26,0.1,1,0,0,4,77,4
Pat and the Satellites,1959-02-09,1959,1959-03-02,0.1,1,0,0,4,81,4
Joe Medlin,1959-03-09,1959,1959-04-20,0.1,1,0,0,4,85,4
Stan Robinson,1959-03-30,1959,1959-04-20,0.1,1,0,0,4,83,4
David Hill,1959-04-20,1959,1959-10-26,0.5,2,0,0,4,90,2
Rocky Olson,1959-05-04,1959,1959-05-25,0.1,1,0,0,4,60,4
Eddie and Betty,1959-06-29,1959,1959-08-03,0.1,1,0,0,4,87,4
Bobby Vee and The Shadows,1959-08-31,1959,1959-09-21,0.1,1,0,0,4,77,4
Jivin' Gene And The Jokers,1959-09-07,1959,1959-11-02,0.2,1,0,0,4,69,4
Boyd Bennett,1959-09-21,1959,1959-10-12,0.1,1,0,0,4,73,4
Sonny Spencer,1959-11-16,1959,1959-12-07,0.1,1,0,0,4,82,4
Bonnie Guitar,1959-12-14,1959,1966-04-09,6.3,2,0,0,4,97,2
Elton Anderson,1960-01-25,1960,1960-02-29,0.1,1,0,0,4,88,4
Sir Chauncey and his exciting strings,1960-04-25,1960,1960-05-23,0.1,1,0,0,4,89,4
Ike Clanton,1960-05-23,1960,1962-08-11,2.2,2,0,0,4,91,2
Frankie Lymon,1960-08-08,1960,1960-08-29,0.1,1,0,0,4,58,4
Paul Chaplain and his Emeralds,1960-08-29,1960,1960-09-19,0.1,1,0,0,4,82,4
The Blue Notes,1960-10-03,1960,1960-10-24,0.1,1,0,0,4,78,4
Ray Ellis,1960-10-17,1960,1960-11-07,0.1,1,0,0,4,84,4
Ray Conniff His Orchestra And Chorus,1960-10-17,1960,1960-11-07,0.1,1,0,0,4,92,4
Ronnie Love And His Orchestra,1961-01-09,1961,1961-01-30,0.1,1,0,0,4,72,4
"The ""5"" Royales",1961-01-23,1961,1961-02-13,0.1,1,0,0,4,81,4
Rosie,1961-03-13,1961,1961-04-03,0.1,1,0,0,4,66,4
Otis Williams And His Charms,1961-03-13,1961,1961-09-18,0.5,2,0,0,4,95,2
Merv Griffin,1961-04-10,1961,1961-05-01,0.1,1,0,0,4,69,4
Lale Anderson,1961-04-24,1961,1961-05-15,0.1,1,0,0,4,88,4
Jimmy Witter,1961-05-01,1961,1961-05-22,0.1,1,0,0,4,89,4
The Blossoms,1961-05-08,1961,1961-05-29,0.1,1,0,0,4,79,4
Teddy Vann,1961-06-05,1961,1961-06-26,0.1,1,0,0,4,76,4
The Van Dykes,1961-07-31,1961,1966-04-09,4.7,2,0,0,4,94,2
The Rondels,1961-08-14,1961,1961-09-04,0.1,1,0,0,4,66,4
Jack Eubanks,1961-11-27,1961,1962-01-13,0.1,1,0,0,4,83,4
Danny Peppermint and the Jumping Jacks,1961-12-04,1961,1961-12-25,0.1,1,0,0,4,54,4
The Megatons,1962-01-27,1962,1962-02-24,0.1,1,0,0,4,88,4
Johnny Gibson,1962-02-03,1962,1962-02-24,0.1,1,0,0,4,76,4
Hank Ballard,1962-02-10,1962,1962-03-10,0.1,1,0,0,4,87,4
The Miniature Men,1962-06-09,1962,1962-06-30,0.1,1,0,0,4,87,4
April Stevens & Nino Tempo,1962-07-07,1962,1962-07-28,0.1,1,0,0,4,77,4
David Thorne,1962-10-20,1962,1962-11-17,0.1,1,0,0,4,76,4
Dean Christie,1962-11-03,1962,1962-12-01,0.1,1,0,0,4,87,4
The Toy Dolls,1962-12-29,1962,1963-01-19,0.1,1,0,0,4,84,4
The Ribbons,1963-02-02,1963,1963-02-23,0.1,1,0,0,4,81,4
Rockin' Rebels,1963-04-27,1963,1963-05-18,0.1,1,0,0,4,87,4
Ronnie Carroll,1963-06-08,1963,1963-06-29,0.1,1,0,0,4,91,4
The Smothers Brothers,1963-09-28,1963,1963-10-26,0.1,1,0,0,4,84,4
Debbie Dovale,1963-11-16,1963,1963-12-07,0.1,1,0,0,4,81,4
Donna Lynn,1964-02-22,1964,1964-03-21,0.1,1,0,0,4,83,4
The Swans,1964-02-29,1964,1964-03-21,0.1,1,0,0,4,85,4
The Four-Evers,1964-05-30,1964,1964-06-20,0.1,1,0,0,4,75,4
John Gary,1964-09-12,1964,1964-10-03,0.1,1,0,0,4,89,4
Lee Morgan,1964-12-19,1964,1965-01-09,0.1,1,0,0,4,81,4
Thee Midniters,1965-03-13,1965,1965-04-03,0.1,1,0,0,4,67,4
The Sunglows,1965-05-08,1965,1965-05-29,0.1,1,0,0,4,64,4
Sam & Bill,1965-09-18,1965,1966-01-29,0.4,2,0,0,4,95,2
The Vejtables,1965-10-23,1965,1965-11-13,0.1,1,0,0,4,84,4
The San Remo Golden Strings,1965-11-27,1965,1965-12-18,0.1,1,0,0,4,89,4
The Jazz Crusaders,1966-04-02,1966,1971-01-23,4.8,2,0,0,4,90,2
Dallas Frazier,1966-04-30,1966,1966-05-21,0.1,1,0,0,4,72,4
The Unknowns,1966-09-24,1966,1966-10-15,0.1,1,0,0,4,74,4
The Metros,1967-01-14,1967,1967-02-04,0.1,1,0,0,4,88,4
The Nightcrawlers,1967-01-21,1967,1967-02-11,0.1,1,0,0,4,85,4
Prince Buster,1967-02-04,1967,1967-02-25,0.1,1,0,0,4,81,4
Larry Williams & Johnny Watson,1967-02-25,1967,1967-04-01,0.1,1,0,0,4,96,4
The Rainy Daze,1967-03-11,1967,1967-04-01,0.1,1,0,0,4,70,4
Casinos,1967-04-29,1967,1967-05-20,0.1,1,0,0,4,65,4
The Wildweeds,1967-05-27,1967,1967-06-17,0.1,1,0,0,4,88,4
The Blades Of Grass,1967-07-15,1967,1967-08-05,0.1,1,0,0,4,87,4
The Lewis & Clarke Expedition,1967-08-26,1967,1967-09-16,0.1,1,0,0,4,64,4
Lou Donaldson,1967-11-04,1967,1967-12-02,0.1,1,0,0,4,93,4
Sally Field,1967-11-18,1967,1967-12-09,0.1,1,0,0,4,94,4
Every Father's Teenage Son,1967-11-25,1967,1967-12-16,0.1,1,0,0,4,93,4
John Roberts,1967-12-02,1967,1967-12-23,0.1,1,0,0,4,71,4
"Rev. Martin Luther King, Jr.",1968-05-04,1968,1968-05-25,0.1,1,0,0,4,88,4
Jimmy Delphs,1968-05-25,1968,1968-06-15,0.1,1,0,0,4,96,4
The Soul Clan,1968-07-27,1968,1968-08-17,0.1,1,0,0,4,91,4
The James Boys,1968-08-31,1968,1968-09-21,0.1,1,0,0,4,82,4
Los Pop Tops,1968-09-28,1968,1968-10-19,0.1,1,0,0,4,78,4
The Mauds,1968-10-19,1968,1968-11-09,0.1,1,0,0,4,85,4
Della Humphrey,1968-11-30,1968,1968-12-21,0.1,1,0,0,4,79,4
Barry Ryan,1968-12-28,1968,1969-01-18,0.1,1,0,0,4,86,4
Rock & Roll Double Bubble,1969-01-18,1969,1969-02-08,0.1,1,0,0,4,74,4
The Fun And Games,1969-01-18,1969,1969-02-08,0.1,1,0,0,4,78,4
Porter Wagoner,1969-01-25,1969,1969-02-15,0.1,1,0,0,4,92,4
The Smoke Ring,1969-02-15,1969,1969-03-08,0.1,1,0,0,4,85,4
Ruby Winters,1969-02-15,1969,1970-01-03,0.9,2,0,0,4,97,2
Bobby Hatfield,1969-03-08,1969,1969-03-29,0.1,1,0,0,4,95,4
MC5,1969-03-15,1969,1969-04-05,0.1,1,0,0,4,82,4
Tompall & The Glaser Brothers,1969-04-05,1969,1969-04-26,0.1,1,0,0,4,92,4
Marva Whitney,1969-06-14,1969,1969-07-05,0.1,1,0,0,4,82,4
Romeo & Juliet Soundtrack,1969-08-09,1969,1969-08-30,0.1,1,0,0,4,86,4
Thomas & Richard Frost,1969-10-25,1969,1969-11-15,0.1,1,0,0,4,83,4
Berlin Philharmonic,1970-01-03,1970,1970-01-24,0.1,1,0,0,4,90,4
Les McCann & Eddie Harris,1970-01-10,1970,1970-01-31,0.1,1,0,0,4,85,4
Jerry Naylor,1970-03-28,1970,1970-04-18,0.1,1,0,0,4,69,4
Fabulous Counts,1970-04-25,1970,1970-05-16,0.1,1,0,0,4,88,4
Jack Wild,1970-05-30,1970,1970-06-20,0.1,1,0,0,4,92,4
Tony Burrows,1970-06-06,1970,1970-06-27,0.1,1,0,0,4,87,4
Mavis Staples,1970-09-05,1970,1970-09-26,0.1,1,0,0,4,87,4
C.C.S.,1971-02-06,1971,1971-02-27,0.1,1,0,0,4,58,4
Ballin' Jack,1971-02-13,1971,1971-03-06,0.1,1,0,0,4,93,4
C Company,1971-04-24,1971,1971-05-15,0.1,1,0,0,4,37,4
Ronnie Spector,1971-05-08,1971,1971-05-29,0.1,1,0,0,4,77,4
Cochise,1971-05-29,1971,1971-06-19,0.1,1,0,0,4,96,4
The Electric Express,1971-07-31,1971,1971-08-21,0.1,1,0,0,4,81,4
Billie Sans,1971-09-11,1971,1971-10-02,0.1,1,0,0,4,91,4
James Last,1972-01-15,1972,1972-02-05,0.1,1,0,0,4,84,4
The Fantastics,1972-02-19,1972,1972-03-11,0.1,1,0,0,4,86,4
Isaac Hayes & David Porter,1972-05-13,1972,1972-06-03,0.1,1,0,0,4,86,4
The Magic Lantern,1972-07-08,1972,1972-07-29,0.1,1,0,0,4,88,4
The Fabulous Rhinestones,1972-08-05,1972,1972-08-26,0.1,1,0,0,4,78,4
National Lampoon,1972-10-14,1972,1972-11-04,0.1,1,0,0,4,91,4
Tony Cole,1972-10-28,1972,1972-11-18,0.1,1,0,0,4,97,4
Anacostia,1973-01-06,1973,1973-01-27,0.1,1,0,0,4,90,4
Michael Redway,1973-02-10,1973,1973-03-03,0.1,1,0,0,4,85,4
Circus,1973-02-24,1973,1973-03-17,0.1,1,0,0,4,91,4
Nolan Porter,1973-03-31,1973,1973-04-21,0.1,1,0,0,4,89,4
David Blue,1973-05-12,1973,1973-06-02,0.1,1,0,0,4,94,4
Kenny Karen,1973-09-08,1973,1973-09-29,0.1,1,0,0,4,82,4
Drupi,1973-11-03,1973,1973-11-24,0.1,1,0,0,4,88,4
Kevin Johnson,1973-11-10,1973,1973-12-01,0.1,1,0,0,4,73,4
Gary & Dave,1973-12-15,1973,1974-01-05,0.1,1,0,0,4,92,4
Dorothy Norwood,1974-02-23,1974,1974-03-16,0.1,1,0,0,4,88,4
Southcote,1974-03-09,1974,1974-03-30,0.1,1,0,0,4,80,4
Sylvia And The Moments,1974-06-08,1974,1974-06-29,0.1,1,0,0,4,80,4
Johnny T. Angel,1974-06-08,1974,1974-06-29,0.1,1,0,0,4,94,4
April,1974-06-15,1974,1974-07-06,0.1,1,0,0,4,93,4
Andy & David Williams,1974-06-22,1974,1974-07-13,0.1,1,0,0,4,92,4
Simon Stokes,1974-07-06,1974,1974-08-17,0.1,1,0,0,4,90,4
Lena Zavaroni,1974-07-13,1974,1974-08-03,0.1,1,0,0,4,91,4
Larry Gatlin,1974-09-14,1974,1974-10-05,0.1,1,0,0,4,84,4
The First Class,1974-11-23,1974,1974-12-14,0.1,1,0,0,4,83,4
Paula Webb,1975-02-01,1975,1975-02-22,0.1,1,0,0,4,60,4
Al Downing,1975-02-22,1975,1975-03-15,0.1,1,0,0,4,85,4
Randy Edelman,1975-03-08,1975,1975-03-29,0.1,1,0,0,4,92,4
The Goodies,1975-05-03,1975,1975-05-24,0.1,1,0,0,4,79,4
Duke & The Drivers,1975-08-16,1975,1975-09-27,0.1,1,0,0,4,95,4
John Dawson Read,1975-08-30,1975,1975-10-11,0.1,1,0,0,4,72,4
The Choice Four,1975-08-30,1975,1975-09-20,0.1,1,0,0,4,91,4
Rusty Wier,1975-09-06,1975,1975-09-27,0.1,1,0,0,4,82,4
The Atlanta Disco Band,1976-01-10,1976,1976-01-31,0.1,1,0,0,4,94,4
S.S.O.,1976-01-10,1976,1976-01-31,0.1,1,0,0,4,99,4
Houston Person,1976-01-17,1976,1976-02-07,0.1,1,0,0,4,91,4
Julie,1976-01-17,1976,1976-02-07,0.1,1,0,0,4,93,4
Brown Sugar,1976-02-28,1976,1976-03-20,0.1,1,0,0,4,79,4
The Steve Gibbons Band,1976-06-05,1976,1976-06-26,0.1,1,0,0,4,72,4
The Deadly Nightshade,1976-07-17,1976,1976-08-07,0.1,1,0,0,4,79,4
Broadway,1976-07-17,1976,1976-08-07,0.1,1,0,0,4,86,4
The Rowans,1976-10-16,1976,1976-11-06,0.1,1,0,0,4,74,4
Whirlwind,1976-10-23,1976,1976-11-13,0.1,1,0,0,4,91,4
American Flyer,1976-10-30,1976,1976-11-20,0.1,1,0,0,4,80,4
Laverne & Shirley,1976-11-27,1976,1976-12-18,0.1,1,0,0,4,65,4
Champagne,1977-03-26,1977,1977-04-16,0.1,1,0,0,4,83,4
Anson Williams,1977-04-02,1977,1977-04-23,0.1,1,0,0,4,93,4
Cody Jameson,1977-04-09,1977,1977-04-30,0.1,1,0,0,4,74,4
The Hollywood Stars,1977-05-14,1977,1977-06-04,0.1,1,0,0,4,94,4
Philadelphia International All Stars,1977-08-13,1977,1977-09-03,0.1,1,0,0,4,91,4
Karen Nelson And Billy T,1977-09-10,1977,1977-10-01,0.1,1,0,0,4,79,4
Kacey Cisyk/Original Cast,1977-11-12,1977,1977-12-03,0.1,1,0,0,4,80,4
Belle Epoque,1978-03-11,1978,1978-04-01,0.1,1,0,0,4,92,4
Kevin Lamb,1978-06-24,1978,1978-07-15,0.1,1,0,0,4,82,4
British Lions,1978-07-22,1978,1978-08-12,0.1,1,0,0,4,87,4
Wendy Waldman,1978-08-19,1978,1978-09-09,0.1,1,0,0,4,76,4
John Belushi,1978-09-30,1978,1978-10-21,0.1,1,0,0,4,89,4
Gabriel,1978-10-07,1978,1978-10-28,0.1,1,0,0,4,73,4
John Davis And The Monster Orchestra,1978-12-23,1978,1979-01-13,0.1,1,0,0,4,89,4
The London Symphony Orchestra/John Williams,1979-01-27,1979,1979-02-17,0.1,1,0,0,4,81,4
Sarah Dash,1979-02-17,1979,1979-03-10,0.1,1,0,0,4,71,4
Nancy Brooks,1979-03-03,1979,1979-03-24,0.1,1,0,0,4,66,4
T.M.G.,1979-03-03,1979,1979-03-24,0.1,1,0,0,4,91,4
Bandit,1979-03-10,1979,1979-03-31,0.1,1,0,0,4,77,4
Randy Brown,1979-03-31,1979,1979-04-21,0.1,1,0,0,4,72,4
Fabulous Poodles,1979-04-28,1979,1979-05-19,0.1,1,0,0,4,81,4
Taka Boom,1979-05-05,1979,1979-05-26,0.1,1,0,0,4,74,4
Cooper Brothers Band,1979-06-30,1979,1979-07-21,0.1,1,0,0,4,79,4
Lazy Racer,1979-07-07,1979,1979-07-28,0.1,1,0,0,4,81,4
Flash And The Pan,1979-07-28,1979,1979-08-18,0.1,1,0,0,4,76,4
Pousette-Dart Band,1979-09-08,1979,1979-09-29,0.1,1,0,0,4,83,4
Southside Johnny & The Asbury Jukes,1979-09-22,1979,1979-10-13,0.1,1,0,0,4,71,4
Keith Herman,1979-10-20,1979,1979-11-10,0.1,1,0,0,4,87,4
Ellen Foley,1979-11-17,1979,1979-12-08,0.1,1,0,0,4,92,4
Cugini,1979-12-22,1979,1980-01-12,0.1,1,0,0,4,88,4
Breathless,1980-01-12,1980,1980-02-02,0.1,1,0,0,4,92,4
Twennynine,1980-02-02,1980,1980-02-23,0.1,1,0,0,4,83,4
Debbie Jacobs,1980-03-15,1980,1980-04-05,0.1,1,0,0,4,70,4
The Tourists,1980-05-17,1980,1980-06-07,0.1,1,0,0,4,83,4
Rockie Robbins,1980-07-19,1980,1980-08-09,0.1,1,0,0,4,80,4
Frankie Valli & Chris Forde,1980-07-19,1980,1980-08-09,0.1,1,0,0,4,90,4
Jay Black,1980-09-20,1980,1980-10-11,0.1,1,0,0,4,98,4
Jim Hurt,1980-10-11,1980,1980-11-01,0.1,1,0,0,4,90,4
Jackie English,1980-12-20,1980,1981-01-10,0.1,1,0,0,4,94,4
Charles Fox,1981-01-24,1981,1981-02-14,0.1,1,0,0,4,75,4
Freddy Cannon & The Belmonts,1981-09-26,1981,1981-10-17,0.1,1,0,0,4,81,4
Alessi,1982-05-01,1982,1982-05-22,0.1,1,0,0,4,71,4
Gentle Persuasion,1983-02-26,1983,1983-03-19,0.1,1,0,0,4,82,4
Single Bullet Theory,1983-03-05,1983,1983-03-26,0.1,1,0,0,4,78,4
Gary Portnoy,1983-04-30,1983,1983-05-21,0.1,1,0,0,4,83,4
Jennifer Warnes/Chris Thompson,1983-11-12,1983,1983-12-03,0.1,1,0,0,4,85,4
Mink De Ville,1984-02-11,1984,1984-03-03,0.1,1,0,0,4,89,4
Giorgio Moroder (Featuring Paul Engeman),1984-07-21,1984,1984-08-11,0.1,1,0,0,4,81,4
Dragon,1984-08-18,1984,1984-09-08,0.1,1,0,0,4,88,4
John Denver & Sylvie Vartan,1984-11-10,1984,1984-12-01,0.1,1,0,0,4,85,4
Kenny Rogers & Dolly Parton,1984-12-22,1984,1985-01-12,0.1,1,0,0,4,81,4
Paul Hyde & Payolas,1985-05-18,1985,1985-06-08,0.1,1,0,0,4,84,4
Curtie & The Boom Box,1985-07-27,1985,1985-08-17,0.1,1,0,0,4,81,4
The Del Fuegos,1986-05-31,1986,1986-06-21,0.1,1,0,0,4,87,4
Isle Of Man,1986-08-09,1986,1986-08-30,0.1,1,0,0,4,90,4
One To One,1986-08-23,1986,1986-09-13,0.1,1,0,0,4,92,4
Far Corporation,1986-10-04,1986,1986-10-25,0.1,1,0,0,4,89,4
Laban,1986-11-08,1986,1986-11-29,0.1,1,0,0,4,88,4
KBC Band,1986-11-29,1986,1986-12-20,0.1,1,0,0,4,89,4
Ron And The D.C. Crew,1987-01-24,1987,1987-02-14,0.1,1,0,0,4,93,4
Julian Cope,1987-03-21,1987,1987-04-11,0.1,1,0,0,4,84,4
K.T.P.,1987-06-13,1987,1987-07-04,0.1,1,0,0,4,97,4
Amazulu,1987-07-25,1987,1987-08-15,0.1,1,0,0,4,90,4
The California Raisins,1988-01-23,1988,1988-02-13,0.1,1,0,0,4,84,4
Book Of Love,1988-09-03,1988,1988-09-24,0.1,1,0,0,4,90,4
John Lennon & The Plastic Ono Band,1988-10-15,1988,1988-11-05,0.1,1,0,0,4,80,4
Yazz And The Plastic Population,1988-11-26,1988,1988-12-17,0.1,1,0,0,4,96,4
Easterhouse,1989-04-01,1989,1989-04-22,0.1,1,0,0,4,82,4
Mica Paris,1989-06-24,1989,1989-07-15,0.1,1,0,0,4,97,4
Sinitta,1989-09-23,1989,1989-10-14,0.1,1,0,0,4,84,4
Mantronix,1990-02-24,1990,1990-03-17,0.1,1,0,0,4,82,4
Jimmy Somerville,1990-04-07,1990,1990-04-28,0.1,1,0,0,4,87,4
Betty Boo,1990-11-03,1990,1990-11-24,0.1,1,0,0,4,90,4
Glenn Medeiros (Featuring The Stylistics),1990-11-10,1990,1990-12-01,0.1,1,0,0,4,78,4
Special Generation,1990-12-08,1990,1990-12-29,0.1,1,0,0,4,91,4
The Peace Choir,1991-03-09,1991,1991-03-30,0.1,1,0,0,4,54,4
Troy Newman,1991-06-15,1991,1991-07-06,0.1,1,0,0,4,92,4
Fred Schneider,1991-07-06,1991,1991-07-27,0.1,1,0,0,4,85,4
Yasmin,1991-07-20,1991,1991-08-10,0.1,1,0,0,4,76,4
MC Skat Kat & The Stray Mob,1991-10-12,1991,1991-11-02,0.1,1,0,0,4,80,4
The Commitments,1991-10-26,1991,1991-11-16,0.1,1,0,0,4,67,4
Eric B. & Rakim,1992-02-22,1992,1992-03-14,0.1,1,0,0,4,96,4
Arthur Baker,1992-03-21,1992,1992-04-11,0.1,1,0,0,4,93,4
Me Phi Me,1992-08-29,1992,1992-09-19,0.1,1,0,0,4,83,4
Miki Howard,1992-11-21,1992,1992-12-12,0.1,1,0,0,4,84,4
Rapination & Kym Mazelle,1993-03-20,1993,1993-04-10,0.1,1,0,0,4,97,4
The Flavor Unit MC's,1993-04-03,1993,1993-04-24,0.1,1,0,0,4,86,4
Freedom Williams,1993-06-05,1993,1993-06-26,0.1,1,0,0,4,74,4
1 Of The Girls,1993-06-26,1993,1993-07-17,0.1,1,0,0,4,74,4
MC Ren,1993-12-04,1993,1993-12-25,0.1,1,0,0,4,90,4
Jeru The Damaja,1994-01-29,1994,1994-02-19,0.1,1,0,0,4,88,4
Rayvon,1994-08-06,1994,1994-08-27,0.1,1,0,0,4,94,4
Youssou N'Dour & Neneh Cherry,1994-10-08,1994,1994-10-29,0.1,1,0,0,4,98,4
Subway,1995-06-24,1995,1995-07-15,0.1,1,0,0,4,91,4
Charm Farm,1996-09-21,1996,1996-10-12,0.1,1,0,0,4,89,4
Brady Seals,1997-01-25,1997,1997-02-15,0.1,1,0,0,4,91,4
QT,1997-02-01,1997,1997-02-22,0.1,1,0,0,4,94,4
Peggy Scott-Adams,1997-03-29,1997,1997-04-19,0.1,1,0,0,4,87,4
Damage,1997-07-05,1997,1997-07-26,0.1,1,0,0,4,82,4
Spacemonkeyz,1998-01-24,1998,1998-02-14,0.1,1,0,0,4,58,4
Brooklyn Bounce,1998-04-11,1998,1998-05-02,0.1,1,0,0,4,95,4
Rufus Blaq,1998-05-02,1998,1998-05-23,0.1,1,0,0,4,97,4
Blair,1998-05-23,1998,1998-06-13,0.1,1,0,0,4,86,4
All City,1998-07-11,1998,1998-08-01,0.1,1,0,0,4,75,4
BRAVO All Stars,1998-11-07,1998,1998-11-28,0.1,1,0,0,4,60,4
L.F.O. (Lyte Funky Ones) (Featuring Kayo),1998-11-07,1998,1998-11-28,0.1,1,0,0,4,70,4
Mercedes,1999-07-31,1999,1999-08-21,0.1,1,0,0,4,96,4
Kelly Price & Friends,2000-05-13,2000,2000-06-03,0.1,1,0,0,4,91,4
Ms. Jade,2002-03-30,2002,2002-04-20,0.1,1,0,0,4,92,4
Yasmeen,2002-08-17,2002,2002-09-07,0.1,1,0,0,4,97,4
TRUSTcompany,2002-10-19,2002,2002-11-09,0.1,1,0,0,4,91,4
Stagga Lee,2003-05-03,2003,2003-05-24,0.1,1,0,0,4,91,4
Angel City,2004-03-20,2004,2004-04-10,0.1,1,0,0,4,95,4
Maria Mena,2004-06-12,2004,2004-07-03,0.1,1,0,0,4,86,4
The Alchemist,2005-01-08,2005,2005-01-29,0.1,1,0,0,4,95,4
Mudvayne,2005-04-30,2005,2005-05-21,0.1,1,0,0,4,89,4
American Idol Finalists Season 4,2005-05-07,2005,2005-05-28,0.1,1,0,0,4,39,4
Mana,2006-08-05,2006,2011-12-10,5.3,2,0,0,4,82,2
The Cheetah Girls,2006-09-09,2006,2006-09-16,0.0,2,0,0,4,53,2
The Fratellis,2007-03-03,2007,2007-04-07,0.1,1,0,0,4,73,4
Dolla,2008-03-15,2008,2008-04-05,0.1,1,0,0,4,82,4
Joe Jonas,2008-07-05,2008,2011-07-02,3.0,2,0,0,4,30,2
Artists Stand Up To Cancer,2008-09-13,2008,2008-10-04,0.1,1,0,0,4,11,4
Alice In Chains,2009-10-03,2009,2009-10-24,0.1,1,0,0,4,92,4
Aaron Lewis,2011-03-12,2011,2021-07-31,10.4,2,0,0,4,14,2
"Bridgit Mendler, Adam Hicks, Naomi Scott & Hayley Kiyoko",2011-04-30,2011,2011-05-14,0.0,2,0,0,4,51,2
Young The Giant,2011-09-17,2011,2012-03-24,0.5,2,0,0,4,65,2
Maejor Ali,2013-10-05,2013,2014-01-11,0.3,1,0,0,4,19,4
Kristen Bell & Santino Fontana,2014-03-29,2014,2014-04-19,0.1,1,0,0,4,49,4
OG Maco,2014-10-18,2014,2014-11-08,0.1,1,0,0,4,90,4
Matt McAndrew,2014-12-06,2014,2015-01-03,0.1,4,0,0,4,14,1
Hoodie Allen,2015-01-24,2015,2015-02-14,0.1,1,0,0,4,71,4
Nate Ruess,2015-05-09,2015,2015-05-30,0.1,1,0,0,4,77,4
Chedda Da Connect,2015-05-16,2015,2015-07-04,0.1,1,0,0,4,94,4
"Artists Of Then, Now & Forever",2016-10-08,2016,2016-10-29,0.1,1,0,0,4,21,4
PIKOTARO,2016-10-29,2016,2016-12-10,0.1,1,0,0,4,77,4
Ugly God,2017-01-21,2017,2017-02-11,0.1,1,0,0,4,80,4
Lord Huron,2017-05-06,2017,2017-05-27,0.1,1,0,0,4,84,4
Descendants 2 Cast,2017-08-12,2017,2017-09-02,0.1,1,0,0,4,77,4
"Quavo, Takeoff & Offset",2017-10-28,2017,2017-11-18,0.1,1,0,0,4,91,4
"Machine Gun Kelly, X Ambassadors & Bebe Rexha",2017-12-09,2017,2018-01-20,0.1,1,0,0,4,90,4
Loren Allred,2018-01-13,2018,2018-02-03,0.1,1,0,0,4,88,4
"Hugh Jackman, Keala Settle, Zac Efron, Zendaya & The Greatest Showman Ensemble",2018-01-13,2018,2018-02-03,0.1,1,0,0,4,88,4
SOB X RBE,2018-02-24,2018,2018-03-17,0.1,1,0,0,4,65,4
"Diplo, French Montana & Lil Pump",2018-06-02,2018,2018-06-30,0.1,1,0,0,4,78,4
Dennis Lloyd,2018-08-04,2018,2018-08-25,0.1,1,0,0,4,86,4
Ed Sheeran & Travis Scott,2019-07-27,2019,2019-08-17,0.1,1,0,0,4,37,4
Blueface & Rich The Kid,2019-08-10,2019,2019-08-31,0.1,1,0,0,4,78,4
Lil Mosey x Gunna,2019-10-05,2019,2019-11-30,0.2,1,0,0,4,62,4
Moneybagg Yo X Megan Thee Stallion,2019-10-26,2019,2020-01-25,0.2,1,0,0,4,70,4
"Internet Money, Lil Tecca & A Boogie Wit da Hoodie",2019-11-02,2019,2019-11-23,0.1,1,0,0,4,96,4
Lil Baby & Young Thug,2020-03-14,2020,2022-11-12,2.7,2,0,0,4,19,2
Sam Smith & Demi Lovato,2020-05-02,2020,2020-05-23,0.1,1,0,0,4,36,4
Juice WRLD & Trippie Redd,2020-06-13,2020,2020-08-01,0.1,1,0,0,4,38,4
6ix9ine & Nicki Minaj,2020-06-27,2020,2020-07-18,0.1,1,1,1,4,1,4
"Lil Durk, 6LACK & Young Thug",2020-11-14,2020,2021-02-13,0.2,1,0,0,4,73,4
Tom MacDonald,2021-02-13,2021,2025-09-27,4.6,4,0,0,4,71,1
Gera MX + Christian Nodal,2021-05-08,2021,2021-06-12,0.1,1,0,0,4,60,4
Cochise & $NOT,2021-06-12,2021,2021-07-17,0.1,1,0,0,4,64,4
Smiley,2021-08-07,2021,2021-08-28,0.1,1,0,0,4,57,4
EST Gee,2021-08-07,2021,2022-10-01,1.1,3,0,0,4,89,1.3
"Tainy, Bad Bunny & Julieta Venegas",2021-10-23,2021,2021-11-13,0.1,1,0,0,4,51,4
Emmy Meli,2022-01-08,2022,2022-02-05,0.1,1,0,0,4,74,4
Alesso / Katy Perry,2022-02-19,2022,2022-03-19,0.1,1,0,0,4,90,4
Labrinth & Zendaya,2022-03-12,2022,2022-04-02,0.1,1,0,0,4,53,4
Coi Leray & Nicki Minaj,2022-04-02,2022,2022-04-30,0.1,1,0,0,4,37,4
Bad Bunny & Buscabulla,2022-05-21,2022,2022-06-11,0.1,1,0,0,4,51,4
Mac DeMarco,2023-01-28,2023,2023-02-18,0.1,1,0,0,4,83,4
Lola Brooke X Latto X Yung Miami Or,2023-04-08,2023,2023-04-29,0.1,1,0,0,4,69,4
Lil Mabu,2023-05-20,2023,2023-06-10,0.1,1,0,0,4,47,4
"Metro Boomin, Swae Lee, Lil Wayne & Offset",2023-06-17,2023,2023-07-08,0.1,1,0,0,4,44,4
"Metro Boomin, A$AP Rocky & Roisee",2023-06-17,2023,2023-07-08,0.1,1,0,0,4,51,4
Metro Boomin & Coi Leray,2023-06-17,2023,2023-07-08,0.1,1,0,0,4,54,4
Peso Pluma x Jasiel Nunez x Junior H,2023-09-23,2023,2023-10-14,0.1,1,0,0,4,60,4
Bad Bunny & Young Miko,2023-10-28,2023,2023-11-18,0.1,1,0,0,4,14,4
The Citizens of Halloween,2023-11-11,2023,2025-11-15,2.0,1,0,0,4,26,4
"Juice WRLD, Eminem & benny blanco",2023-12-30,2023,2024-01-20,0.1,1,0,0,4,85,4
21 Savage & Doja Cat,2024-01-27,2024,2024-02-17,0.1,1,0,0,4,19,4
21 Savage & Brent Faiyaz,2024-01-27,2024,2024-02-17,0.1,1,0,0,4,40,4
Karol G & Tiesto,2024-03-02,2024,2024-03-23,0.1,1,0,0,4,61,4
Key Glock & Young Dolph,2024-04-27,2024,2024-05-18,0.1,1,0,0,4,59,4
Cris Mj,2024-06-08,2024,2024-11-02,0.4,1,0,0,4,72,4
Twenty One Pilots,2024-06-08,2024,2026-03-14,1.8,3,0,0,4,57,1.3
Ashley Cooke,2024-06-08,2024,2024-06-29,0.1,1,0,0,4,80,4
LISA,2024-07-13,2024,2025-03-15,0.7,3,0,0,4,68,1.3
"Sevdaliza, Pabllo Vittar & Yseult",2024-08-03,2024,2024-08-24,0.1,1,0,0,4,95,4
KSI,2024-10-19,2024,2024-11-23,0.1,1,0,0,4,64,4
"Lil Baby, Young Thug & Future",2025-01-18,2025,2025-02-08,0.1,1,0,0,4,16,4
HUNTR/X,2025-07-12,2025,2025-07-12,0.0,4,0,0,4,23,1
Emmanuel Cortes,2025-11-22,2025,2026-02-07,0.2,1,0,0,4,90,4
Doechii & SZA,2026-01-17,2026,2026-02-07,0.1,1,0,0,4,57,4
Max B & French Montana,2026-03-28,2026,2026-04-25,0.1,1,0,0,4,83,4
Ye & Andre Troutman,2026-04-11,2026,2026-04-25,0.0,2,0,0,4,27,2
Freya Skye,2026-04-11,2026,2026-05-09,0.1,1,0,0,4,88,4
The Long Faces,2026-04-18,2026,2026-05-23,0.1,1,0,0,4,74,4
Lady Gaga & Doechii,2026-04-25,2026,2026-05-23,0.1,1,0,0,4,50,4
Kameron Marlowe,2026-07-11,2026,2026-08-22,0.1,1,0,0,4,95,4
Gerry Granahan,1958-08-04,1958,1958-08-18,0.0,1,0,0,3,36,3
Bobby Hamilton,1958-08-04,1958,1958-08-18,0.0,1,0,0,3,40,3
The Kirby Stone Four,1958-08-04,1958,1958-08-18,0.0,1,0,0,3,50,3
The Three G's,1958-08-04,1958,1958-08-18,0.0,1,0,0,3,55,3
The Upbeats,1958-08-04,1958,1958-08-25,0.1,1,0,0,3,75,3
Count Basie & His Orch.,1958-08-18,1958,1962-01-20,3.4,2,0,0,3,94,1.5
Ivory Joe Hunter,1958-09-08,1958,1959-03-09,0.5,2,0,0,3,92,1.5
Eddie Fontaine,1958-09-22,1958,1958-10-06,0.0,1,0,0,3,64,3
The Tommy Dorsey Orchestra Starring Warren Covington,1958-12-01,1958,1958-12-15,0.0,1,0,0,3,70,3
Art Lund,1958-12-15,1958,1958-12-29,0.0,1,0,0,3,89,3
Stan Freberg,1958-12-29,1958,1960-02-29,1.2,2,0,0,3,44,1.5
The Four Knights,1959-01-12,1959,1959-01-26,0.0,1,0,0,3,83,3
Graduates,1959-03-09,1959,1959-03-23,0.0,1,0,0,3,74,3
The Mary Kaye Trio,1959-04-13,1959,1959-04-27,0.0,1,0,0,3,75,3
Don French,1959-05-25,1959,1959-06-08,0.0,1,0,0,3,72,3
Huelyn Duvall,1959-06-15,1959,1959-06-29,0.0,1,0,0,3,88,3
The Eternals,1959-07-13,1959,1959-07-27,0.0,1,0,0,3,78,3
Rusty York,1959-07-20,1959,1959-08-03,0.0,1,0,0,3,77,3
Joe Damiano,1959-08-31,1959,1959-09-28,0.1,1,0,0,3,91,3
Johnny Restivo,1959-09-07,1959,1959-09-21,0.0,1,0,0,3,80,3
5 Satins,1959-11-30,1959,1959-12-14,0.0,1,0,0,3,87,3
April Stevens,1959-11-30,1959,1959-12-14,0.0,1,0,0,3,86,3
Jamie Horton,1960-01-25,1960,1960-02-08,0.0,1,0,0,3,84,3
The Fireflies,1960-01-25,1960,1960-02-15,0.1,1,0,0,3,90,3
The Singing Belles,1960-04-18,1960,1960-05-16,0.1,1,0,0,3,91,3
Collay & the Satellites,1960-04-25,1960,1960-05-23,0.1,1,0,0,3,82,3
Larry Bright,1960-05-16,1960,1960-06-13,0.1,1,0,0,3,90,3
The Dyna-Sores,1960-06-06,1960,1960-06-20,0.0,1,0,0,3,59,3
The Videls,1960-06-13,1960,1960-06-27,0.0,1,0,0,3,73,3
The Statues,1960-08-08,1960,1960-08-22,0.0,1,0,0,3,84,3
Rosemary Clooney,1960-08-29,1960,1960-09-12,0.0,1,0,0,3,84,3
Denny Reed,1960-08-29,1960,1960-09-12,0.0,1,0,0,3,94,3
The Piltdown Men,1960-09-12,1960,1960-09-26,0.0,1,0,0,3,75,3
Ella Johnson,1961-01-02,1961,1961-01-16,0.0,1,0,0,3,78,3
LaVern Baker & Jimmy Ricks,1961-02-13,1961,1961-02-27,0.0,1,0,0,3,81,3
Edith Piaf,1961-03-06,1961,1961-03-20,0.0,1,0,0,3,88,3
The Rollers,1961-04-10,1961,1961-04-24,0.0,1,0,0,3,80,3
The Limeliters,1961-04-24,1961,1961-05-08,0.0,1,0,0,3,60,3
Marcy Joe,1961-05-22,1961,1961-06-05,0.0,1,0,0,3,81,3
Junior Parker,1961-05-22,1961,1963-01-12,1.6,2,0,0,3,85,1.5
Ronny Douglas,1961-07-31,1961,1961-08-14,0.0,1,0,0,3,75,3
The Butanes,1961-07-31,1961,1961-08-28,0.1,1,0,0,3,96,3
Mary Ann Fisher,1961-08-28,1961,1961-09-11,0.0,1,0,0,3,92,3
Lawrence Welk His Orchestra And Chorus,1961-09-25,1961,1961-10-09,0.0,1,0,0,3,87,3
Sleepy King,1961-12-18,1961,1962-01-06,0.1,1,0,0,3,92,3
Anita & Th' So-And-So's,1962-02-17,1962,1962-03-03,0.0,1,0,0,3,91,3
Rene And Ray,1962-06-09,1962,1962-06-23,0.0,1,0,0,3,79,3
Maureen Gray,1962-06-09,1962,1962-07-07,0.1,1,0,0,3,91,3
The Lafayettes,1962-07-21,1962,1962-08-04,0.0,1,0,0,3,87,3
Cathy Carroll,1962-08-04,1962,1962-08-18,0.0,1,0,0,3,91,3
Tommy Boyce,1962-10-13,1962,1962-11-10,0.1,1,0,0,3,80,3
Dean Martin & Sammy Davis Jr.,1962-12-22,1962,1963-01-05,0.0,1,0,0,3,94,3
Roosevelt Fountain And Pens Of Rhythm,1963-01-05,1963,1963-01-19,0.0,1,0,0,3,78,3
Jerry Landis,1963-01-19,1963,1963-02-02,0.0,1,0,0,3,97,3
The Hearts,1963-10-19,1963,1963-11-02,0.0,1,0,0,3,94,3
Hank Jacobs,1964-01-18,1964,1964-03-07,0.1,1,0,0,3,91,3
The Diplomats,1964-02-01,1964,1964-02-15,0.0,1,0,0,3,89,3
Justine Washington,1964-03-21,1964,1964-04-04,0.0,1,0,0,3,93,3
The Womenfolk,1964-04-18,1964,1964-05-02,0.0,1,0,0,3,83,3
Rufus & Carla,1964-06-06,1964,1964-06-20,0.0,2,0,0,3,92,1.5
The Mustangs,1964-10-03,1964,1964-10-17,0.0,1,0,0,3,92,3
Phyllis McGuire,1964-12-05,1964,1964-12-19,0.0,1,0,0,3,79,3
The Novas,1965-01-09,1965,1965-01-23,0.0,1,0,0,3,88,3
Jimmy Cross,1965-01-30,1965,1965-02-13,0.0,1,0,0,3,92,3
John Barry and His Orchestra,1965-03-13,1965,1965-03-27,0.0,1,0,0,3,72,3
David Jones,1965-08-14,1965,1965-08-28,0.0,1,0,0,3,93,3
Kathy Kirby,1965-09-18,1965,1965-10-02,0.0,1,0,0,3,88,3
The Kids Next Door,1965-10-23,1965,1965-11-06,0.0,1,0,0,3,84,3
The Changin' Times,1965-11-13,1965,1965-11-27,0.0,1,0,0,3,87,3
Leon Hayward,1965-11-20,1965,1965-12-04,0.0,1,0,0,3,92,3
Etta James & Sugar Pie DeSanto,1965-12-18,1965,1966-08-20,0.7,2,0,0,3,96,1.5
Sharpees,1966-01-15,1966,1966-01-29,0.0,1,0,0,3,79,3
Darrow Fletcher,1966-01-15,1966,1966-01-29,0.0,1,0,0,3,89,3
Googie Rene Combo,1966-02-26,1966,1966-03-12,0.0,1,0,0,3,77,3
Cab Calloway,1966-04-16,1966,1966-04-30,0.0,1,0,0,3,89,3
Drafi,1966-05-14,1966,1966-05-28,0.0,1,0,0,3,80,3
Beau Brummels,1966-06-04,1966,1966-06-18,0.0,1,0,0,3,95,3
Alan Price Set,1966-07-30,1966,1966-08-13,0.0,1,0,0,3,80,3
Anthony & The Imperials,1966-11-12,1966,1968-02-17,1.3,2,0,0,3,92,1.5
The Rationals,1966-11-12,1966,1966-11-26,0.0,1,0,0,3,92,3
Big Maybelle,1967-01-14,1967,1967-01-28,0.0,1,0,0,3,96,3
The Fascinations,1967-02-11,1967,1967-02-25,0.0,1,0,0,3,92,3
The Peanut Butter Conspiracy,1967-03-11,1967,1967-03-25,0.0,1,0,0,3,93,3
The Woolies,1967-03-11,1967,1967-03-25,0.0,1,0,0,3,95,3
2 Of Clubs,1967-03-18,1967,1967-04-01,0.0,1,0,0,3,92,3
Ellie Greenwich,1967-05-06,1967,1967-05-27,0.1,1,0,0,3,83,3
Clifford Curry,1967-05-06,1967,1967-05-20,0.0,1,0,0,3,95,3
The Johnny Mann Singers,1967-06-24,1967,1967-07-08,0.0,1,0,0,3,91,3
Moby Grape,1967-07-08,1967,1967-07-22,0.0,1,0,0,3,88,3
The Magnificent Men,1967-07-15,1967,1967-09-16,0.2,2,0,0,3,90,1.5
Pretty Purdie,1967-09-23,1967,1967-10-07,0.0,1,0,0,3,87,3
The Pete Klint Quintet,1967-10-07,1967,1967-10-21,0.0,1,0,0,3,98,3
The Baltimore And Ohio Marching Band,1967-10-28,1967,1967-11-11,0.0,1,0,0,3,94,3
Jim & Jean,1968-02-03,1968,1968-02-17,0.0,1,0,0,3,94,3
The Will-O-Bees,1968-02-03,1968,1968-02-17,0.0,1,0,0,3,95,3
Troy Keyes,1968-02-17,1968,1968-03-02,0.0,1,0,0,3,92,3
Bobby Cole,1968-08-03,1968,1968-08-17,0.0,1,0,0,3,79,3
Otis Clay,1968-08-24,1968,1968-09-07,0.0,1,0,0,3,97,3
Professor Morrison's Lollipop,1968-10-05,1968,1968-10-19,0.0,1,0,0,3,88,3
Ricardo Ray,1968-10-05,1968,1968-10-19,0.0,1,0,0,3,90,3
Young Hearts,1968-11-16,1968,1968-11-30,0.0,1,0,0,3,94,3
Ella Washington,1969-01-18,1969,1969-02-01,0.0,1,0,0,3,77,3
The Maskman & The Agents,1969-03-29,1969,1969-05-24,0.2,2,0,0,3,91,1.5
Ola & The Janglers,1969-05-24,1969,1969-06-07,0.0,1,0,0,3,92,3
Eddie Lovette,1969-05-24,1969,1969-06-07,0.0,1,0,0,3,95,3
Steve Greenberg,1969-07-26,1969,1969-08-09,0.0,1,0,0,3,97,3
John Mayall,1969-10-11,1969,1969-10-25,0.0,1,0,0,3,81,3
Dorothy Morrison,1969-10-11,1969,1970-11-07,1.1,2,0,0,3,95,1.5
King Crimson,1970-01-31,1970,1970-02-14,0.0,1,0,0,3,80,3
Delaney & Bonnie & Friends/Eric Clapton,1970-02-21,1970,1970-03-07,0.0,1,0,0,3,84,3
Country Coalition,1970-03-21,1970,1970-04-04,0.0,1,0,0,3,96,3
Liquid Smoke,1970-04-18,1970,1970-05-02,0.0,1,0,0,3,82,3
Daybreak,1970-06-13,1970,1970-07-04,0.1,1,0,0,3,94,3
Miss Abrams And The Strawberry Point School Third Grade Class,1970-08-01,1970,1970-08-15,0.0,1,0,0,3,90,3
The Caboose,1970-08-01,1970,1970-08-15,0.0,1,0,0,3,79,3
Cool Heat,1970-08-15,1970,1970-08-29,0.0,1,0,0,3,89,3
Barbara And The Uniques,1971-01-02,1971,1971-01-16,0.0,1,0,0,3,91,3
Gene & Jerry,1971-01-02,1971,1971-01-16,0.0,1,0,0,3,94,3
Morning Mist,1971-08-07,1971,1971-08-21,0.0,1,0,0,3,96,3
Don Nix,1971-10-09,1971,1971-10-23,0.0,1,0,0,3,94,3
Chicory,1972-03-11,1972,1972-03-25,0.0,1,0,0,3,91,3
Apollo 100,1972-04-15,1972,1972-04-29,0.0,1,0,0,3,94,3
Hot Sauce,1972-05-20,1972,1972-06-03,0.0,1,0,0,3,96,3
Tim Davis,1972-09-16,1972,1972-09-30,0.0,1,0,0,3,91,3
Delbert & Glen,1972-12-02,1972,1972-12-16,0.0,1,0,0,3,90,3
Martin Mull and Orchestra,1973-05-05,1973,1973-05-19,0.0,1,0,0,3,92,3
Fire And Rain,1973-06-30,1973,1973-07-14,0.0,1,0,0,3,100,3
Maggie Bell,1974-05-11,1974,1974-05-25,0.0,1,0,0,3,97,3
Reuben Howell,1974-07-20,1974,1974-08-03,0.0,1,0,0,3,86,3
Andy Fairweather Low,1975-04-12,1975,1975-04-26,0.0,1,0,0,3,87,3
Lea Roberts,1975-04-12,1975,1975-04-26,0.0,1,0,0,3,92,3
Billy Thunderkloud & The Chieftones,1975-06-28,1975,1975-07-12,0.0,1,0,0,3,92,3
Reparata,1975-07-05,1975,1975-08-02,0.1,1,0,0,3,92,3
Love Childs Afro Cuban Blues Band,1975-07-19,1975,1975-08-02,0.0,1,0,0,3,90,3
Smokey,1975-07-26,1975,1975-09-13,0.1,1,0,0,3,96,3
Ralph Carter,1975-09-06,1975,1975-09-20,0.0,1,0,0,3,95,3
Steve Harley And Cockney Rebel,1976-02-28,1976,1976-03-13,0.0,1,0,0,3,96,3
Tom Scott,1976-03-06,1976,1976-03-20,0.0,1,0,0,3,80,3
The Disco Sound Of Andre Gagnon,1976-03-06,1976,1976-03-20,0.0,1,0,0,3,95,3
Michael Zager's Moon Band/Peabo Bryson,1976-03-20,1976,1976-04-03,0.0,1,0,0,3,94,3
Ozo,1976-08-14,1976,1976-08-28,0.0,1,0,0,3,96,3
Sweeney Todd,1976-08-21,1976,1976-09-18,0.1,2,0,0,3,90,1.5
Ellison Chase,1976-08-28,1976,1976-09-11,0.0,1,0,0,3,92,3
Ja-Kki,1976-09-11,1976,1976-09-25,0.0,1,0,0,3,96,3
Ray Sawyer,1976-11-06,1976,1976-11-20,0.0,1,0,0,3,81,3
Donny Most,1976-12-04,1976,1976-12-18,0.0,1,0,0,3,97,3
Gabriel Kaplan,1977-01-22,1977,1977-02-05,0.0,1,0,0,3,91,3
Cory,1977-03-05,1977,1977-03-19,0.0,1,0,0,3,89,3
Brainstorm,1977-03-12,1977,1977-03-26,0.0,1,0,0,3,86,3
Current,1977-04-30,1977,1977-05-14,0.0,1,0,0,3,94,3
Frank Lucas,1977-06-25,1977,1977-07-09,0.0,1,0,0,3,92,3
Steve Sperry,1977-07-16,1977,1977-07-30,0.0,1,0,0,3,91,3
Geils,1977-08-20,1977,1977-09-03,0.0,1,0,0,3,83,3
Lake,1977-10-22,1977,1977-11-05,0.0,1,0,0,3,83,3
Santa Esmeralda,1978-04-01,1978,1978-04-15,0.0,1,0,0,3,78,3
Continental Miniatures,1978-05-13,1978,1978-05-27,0.0,1,0,0,3,90,3
Spellbound,1978-07-29,1978,1978-08-12,0.0,1,0,0,3,89,3
Genya Ravan,1978-08-12,1978,1978-08-26,0.0,1,0,0,3,92,3
Michael Henderson,1978-10-14,1978,1978-10-28,0.0,1,0,0,3,88,3
Ultimate,1979-04-21,1979,1979-05-05,0.0,1,0,0,3,82,3
Frannie Golde,1979-07-07,1979,1979-07-21,0.0,1,0,0,3,76,3
Long John Baldry & Kathi MacDonald,1979-08-11,1979,1979-08-25,0.0,1,0,0,3,89,3
The Barron Knights,1979-08-25,1979,1979-09-08,0.0,1,0,0,3,70,3
Cherie & Marie Currie,1979-10-20,1979,1979-11-03,0.0,1,0,0,3,95,3
Cory Daye,1979-10-27,1979,1979-11-10,0.0,1,0,0,3,76,3
Tim Curry,1979-11-03,1979,1979-11-17,0.0,1,0,0,3,91,3
Pages,1979-12-01,1979,1979-12-15,0.0,1,0,0,3,84,3
Jim Kirk And The Tm Singers,1980-02-16,1980,1980-03-01,0.0,1,0,0,3,71,3
Vaughan Mason And Crew,1980-03-22,1980,1980-04-05,0.0,1,0,0,3,81,3
Ray Kennedy,1980-05-03,1980,1980-05-17,0.0,1,0,0,3,82,3
Robin Lane & The Chartbusters,1980-07-12,1980,1980-07-26,0.0,1,0,0,3,87,3
"Willis ""The Guard"" & Vigorish",1980-12-27,1980,1981-01-10,0.0,1,0,0,3,82,3
Joel Diamond,1981-02-21,1981,1981-03-07,0.0,1,0,0,3,82,3
Lani Hall,1981-03-21,1981,1981-04-04,0.0,1,0,0,3,88,3
Shamus M'Cool,1981-07-04,1981,1981-07-18,0.0,1,0,0,3,80,3
Silverado,1981-07-04,1981,1981-07-18,0.0,1,0,0,3,92,3
Yutaka,1981-07-18,1981,1981-08-01,0.0,1,0,0,3,81,3
The Cantina Band (featuring Lou Christie),1981-07-25,1981,1981-08-08,0.0,1,0,0,3,81,3
Tight Fit,1981-10-10,1981,1981-10-24,0.0,1,0,0,3,89,3
Gidea Park,1982-01-23,1982,1982-02-06,0.0,1,0,0,3,82,3
Rick Bowles,1982-07-03,1982,1982-07-17,0.0,1,0,0,3,77,3
Joe Fagin,1982-07-31,1982,1982-08-14,0.0,1,0,0,3,80,3
Chris Christian (with Amy Holland),1982-08-28,1982,1982-09-11,0.0,1,0,0,3,88,3
Gerard McMahon,1983-04-09,1983,1983-04-23,0.0,1,0,0,3,85,3
Double Image,1983-07-02,1983,1983-07-16,0.0,1,0,0,3,92,3
The Plimsouls,1983-07-30,1983,1983-08-13,0.0,1,0,0,3,82,3
Big Ric,1983-09-03,1983,1983-09-17,0.0,1,0,0,3,91,3
Tiggi Clay,1984-02-25,1984,1984-03-10,0.0,1,0,0,3,86,3
Randy Bell,1984-07-07,1984,1984-07-21,0.0,1,0,0,3,90,3
Jeff Lynne,1984-08-18,1984,1984-09-01,0.0,1,0,0,3,85,3
Whodini,1985-01-05,1985,1985-01-19,0.0,1,0,0,3,87,3
Robey,1985-03-02,1985,1985-03-16,0.0,1,0,0,3,77,3
Nile Rodgers,1985-06-01,1985,1985-06-15,0.0,1,0,0,3,88,3
Dolly Parton (Duet,1985-06-08,1985,1985-06-22,0.0,1,0,0,3,91,3
Jon Butcher Axis,1985-11-30,1985,1985-12-14,0.0,1,0,0,3,94,3
David Pack,1986-01-25,1986,1986-02-08,0.0,1,0,0,3,95,3
"Ray Parker,Jr. & Helen Terry",1986-02-15,1986,1986-03-01,0.0,1,0,0,3,96,3
Rob Jungklas,1987-02-07,1987,1987-02-21,0.0,1,0,0,3,86,3
Stabilizers,1987-04-04,1987,1987-04-18,0.0,1,0,0,3,93,3
Agnetha Faltskog/Peter Cetera,1988-04-23,1988,1988-05-07,0.0,1,0,0,3,93,3
The Adventures,1988-04-30,1988,1988-05-14,0.0,1,0,0,3,95,3
Transvision Vamp,1988-10-01,1988,1988-10-15,0.0,1,0,0,3,87,3
Gardner Cole,1988-10-15,1988,1988-10-29,0.0,1,0,0,3,91,3
Big Noise,1989-11-04,1989,1989-11-18,0.0,1,0,0,3,97,3
Xymox,1990-03-03,1990,1990-03-17,0.0,1,0,0,3,85,3
Biscuit,1990-10-27,1990,1990-11-10,0.0,1,0,0,3,85,3
Gary Moore,1991-02-16,1991,1991-03-02,0.0,1,0,0,3,97,3
Pretty In Pink,1991-09-21,1991,1991-10-05,0.0,1,0,0,3,96,3
Charm,1992-01-18,1992,1992-02-01,0.0,1,0,0,3,91,3
Midi Maxi & Efti,1992-05-30,1992,1992-06-13,0.0,1,0,0,3,98,3
Bobby Ross Avila,1993-05-01,1993,1993-05-15,0.0,1,0,0,3,86,3
Clive Griffin,1993-11-20,1993,1993-12-04,0.0,1,0,0,3,96,3
Sweet Sable,1994-05-14,1994,1994-05-28,0.0,1,0,0,3,93,3
The Sounds Of Blackness,1994-06-04,1994,1994-06-18,0.0,1,0,0,3,99,3
PMD,1994-09-10,1994,1994-09-24,0.0,1,0,0,3,89,3
Sass Jordan,1994-11-19,1994,1994-12-03,0.0,1,0,0,3,86,3
Slick Rick,1994-11-26,1994,1994-12-10,0.0,1,0,0,3,87,3
The Rentals,1995-12-09,1995,1995-12-23,0.0,1,0,0,3,82,3
Das EFX (Featuring Mobb Deep),1996-02-17,1996,1996-03-02,0.0,1,0,0,3,86,3
K5,1997-02-08,1997,1997-02-22,0.0,1,0,0,3,98,3
Too Short & Lil' Kim,1997-05-10,1997,1997-05-24,0.0,1,0,0,3,90,3
O.C.,1997-08-16,1997,1997-08-30,0.0,1,0,0,3,81,3
Forest For The Trees,1997-11-01,1997,1997-11-15,0.0,1,0,0,3,72,3
Club 69,1998-01-24,1998,1998-02-07,0.0,1,0,0,3,95,3
Daze,1998-05-23,1998,1998-06-06,0.0,1,0,0,3,88,3
Rell,1998-08-01,1998,1998-08-15,0.0,1,0,0,3,86,3
The Brian Setzer Orchestra,1998-12-05,1998,1998-12-19,0.0,1,0,0,3,94,3
Mulberry Lane,1999-05-08,1999,1999-05-22,0.0,1,0,0,3,99,3
Amel Larrieux,2000-03-04,2000,2000-03-18,0.0,1,0,0,3,97,3
Anastacia,2000-04-01,2000,2000-06-17,0.2,1,0,0,3,92,3
2Gether,2000-09-02,2000,2000-09-16,0.0,1,0,0,3,87,3
Knoc-Turn'Al,2002-03-09,2002,2002-03-23,0.0,1,0,0,3,98,3
Cee-Lo,2002-04-06,2002,2002-04-27,0.1,1,0,0,3,98,3
Hitman Sammy Sam,2003-05-17,2003,2003-05-31,0.0,1,0,0,3,90,3
BT,2003-09-13,2003,2003-09-27,0.0,1,0,0,3,98,3
Smokie Norful,2003-11-29,2003,2003-12-13,0.0,1,0,0,3,96,3
Ben Folds,2005-02-19,2005,2005-04-02,0.1,2,0,0,3,71,1.5
The Used And My Chemical Romance,2005-04-30,2005,2005-05-14,0.0,1,0,0,3,41,3
Anais,2006-04-15,2006,2006-04-29,0.0,1,0,0,3,79,3
Chris Daughtry,2006-06-10,2006,2006-06-24,0.0,1,0,0,3,43,3
RKM & Ken-Y,2006-06-24,2006,2006-07-29,0.1,1,0,0,3,90,3
The Pack,2006-09-16,2006,2006-09-30,0.0,1,0,0,3,58,3
Zac Efron,2007-09-01,2007,2007-09-15,0.0,1,0,0,3,46,3
CSS,2007-11-24,2007,2007-12-08,0.0,1,0,0,3,63,3
The Swell Season (Glen Hansard & Marketa Irglova),2008-03-15,2008,2008-03-29,0.0,1,0,0,3,61,3
Ryan Leslie,2008-03-29,2008,2008-04-12,0.0,1,0,0,3,95,3
Cast Of Camp Rock,2008-07-05,2008,2008-07-19,0.0,1,0,0,3,33,3
Studio All-Stars,2008-09-06,2008,2008-09-20,0.0,1,0,0,3,52,3
High School Musical 3 Cast,2008-09-20,2008,2008-11-15,0.2,1,0,0,3,68,3
Miley Cyrus & Billy Ray Cyrus,2009-04-25,2009,2009-05-09,0.0,1,0,0,3,56,3
Chrisette Michele,2009-05-16,2009,2009-05-30,0.0,1,0,0,3,89,3
Charice,2009-06-06,2009,2010-06-05,1.0,2,0,0,3,44,1.5
Justin Timberlake & Matt Morris,2010-02-06,2010,2010-02-20,0.0,1,0,0,3,13,3
General Larry Platt,2010-02-27,2010,2010-03-13,0.0,1,0,0,3,46,3
Antoine Dodson & The Gregory Brothers,2010-08-28,2010,2010-09-18,0.1,1,0,0,3,89,3
Vicci Martinez,2011-07-02,2011,2011-07-16,0.0,3,0,0,3,68,1
Bella Thorne & Zendaya,2011-07-09,2011,2011-07-30,0.1,1,0,0,3,86,3
Pistol Annies,2011-09-10,2011,2011-09-24,0.0,1,0,0,3,55,3
MGK,2012-01-28,2012,2012-01-28,0.0,1,0,0,3,98,1
Anne Hathaway,2013-01-12,2013,2013-01-26,0.0,1,0,0,3,69,3
Britt Nicole,2013-03-16,2013,2013-03-30,0.0,1,0,0,3,83,3
"Ross Lynch, Grace Phipps And Jason Evigan",2013-08-10,2013,2013-08-24,0.0,1,0,0,3,82,3
Emblem3,2013-08-10,2013,2013-08-24,0.0,1,0,0,3,93,3
Christina Grimmie,2014-05-17,2014,2014-06-07,0.1,3,0,0,3,74,1
"Juicy J, Wiz Khalifa & Ty Dolla $ign",2014-08-30,2014,2015-01-10,0.4,1,0,0,3,84,3
"Steve Aoki, Chris Lake & Tujamo",2014-09-06,2014,2014-09-20,0.0,1,0,0,3,90,3
Snootie Wild,2014-11-08,2014,2014-11-29,0.1,1,0,0,3,93,3
Craig Wayne Boyd,2014-12-13,2014,2015-01-03,0.1,3,0,0,3,34,1
Common & John Legend,2015-01-31,2015,2015-03-14,0.1,1,0,0,3,49,3
"Kid Ink, Tyga, Wale, YG & Rich Homie Quan",2015-04-25,2015,2015-05-09,0.0,1,0,0,3,70,3
Andrew McMahon In The Wilderness,2015-09-12,2015,2015-10-24,0.1,1,0,0,3,96,3
"Kanye West, Gucci Mane, Big Sean, 2 Chainz, Travi$ Scott, Yo Gotti, Quavo, Desiigner",2016-07-02,2016,2016-07-16,0.0,1,0,0,3,71,3
Jacob Sartorius,2016-07-02,2016,2016-09-03,0.2,2,0,0,3,72,1.5
Solange,2016-10-22,2016,2016-10-29,0.0,2,0,0,3,74,1.5
DJ Suede The Remix God,2017-03-04,2017,2017-03-18,0.0,1,0,0,3,72,3
Tim McGraw & Faith Hill,2017-04-15,2017,2017-12-09,0.7,2,0,0,3,61,1.5
Lauren Duski,2017-06-03,2017,2017-06-10,0.0,3,0,0,3,43,1
"China Anne McClain, Thomas Doherty & Dylan Playfair",2017-08-12,2017,2017-08-26,0.0,1,0,0,3,61,3
Big Sean & Metro Boomin,2017-11-25,2017,2017-12-30,0.1,2,0,0,3,67,1.5
Natti Natasha x Ozuna,2017-12-23,2017,2018-02-24,0.2,1,0,0,3,95,3
Liam Payne & Rita Ora,2018-01-20,2018,2018-03-03,0.1,1,0,0,3,76,3
Khalid & Swae Lee,2018-02-24,2018,2018-03-10,0.0,1,0,0,3,63,3
Alice Merton,2018-04-07,2018,2018-04-21,0.0,1,0,0,3,84,3
Reik,2018-05-26,2018,2018-07-14,0.1,1,0,0,3,77,3
TK Kravitz,2018-07-28,2018,2018-08-11,0.0,1,0,0,3,76,3
TakeOff,2018-11-10,2018,2018-11-17,0.0,2,0,0,3,54,1.5
Ambjaay,2019-08-17,2019,2019-08-31,0.0,1,0,0,3,82,3
Rod Wave & Kevin Gates,2019-12-07,2019,2019-12-21,0.0,1,0,0,3,92,3
Idina Menzel & Evan Rachel Wood,2019-12-07,2019,2019-12-21,0.0,1,0,0,3,70,3
Bad Bunny & Sech,2020-02-29,2020,2020-03-21,0.1,1,0,0,3,49,3
Ashe,2020-03-07,2020,2020-10-10,0.6,1,0,0,3,71,3
Arcangel x Sech,2020-04-25,2020,2020-06-13,0.1,1,0,0,3,78,3
Mulatto,2020-08-22,2020,2020-09-05,0.0,1,0,0,3,95,3
WhoHeem,2020-09-12,2020,2020-09-26,0.0,1,0,0,3,86,3
Sada Baby,2020-10-03,2020,2020-11-07,0.1,1,0,0,3,35,3
Machine Gun Kelly & Halsey,2020-10-10,2020,2020-11-07,0.1,1,0,0,3,44,3
Kelly Clarkson & Brett Eldredge,2020-12-12,2020,2021-01-02,0.1,1,0,0,3,59,3
Carrie Underwood & John Legend,2020-12-19,2020,2021-01-02,0.0,1,0,0,3,54,3
Coi Leray & Pooh Shiesty,2021-04-10,2021,2021-04-24,0.0,1,0,0,3,69,3
J. Cole & Bas,2021-05-29,2021,2021-06-05,0.0,2,0,0,3,14,1.5
"Lil Baby, Lil Durk & Meek Mill",2021-06-19,2021,2021-07-03,0.0,1,0,0,3,43,3
Lil Tecca & Gunna,2021-08-21,2021,2021-09-11,0.1,1,0,0,3,80,3
J Balvin & Skrillex,2021-09-11,2021,2021-10-02,0.1,1,0,0,3,90,3
Lisa,2021-09-25,2021,2021-11-13,0.1,2,0,0,3,84,1.5
Joyner Lucas & J. Cole,2021-10-09,2021,2021-10-23,0.0,1,0,0,3,32,3
Realestk,2021-10-23,2021,2021-11-13,0.1,1,0,0,3,67,4
Loza Alexander,2021-10-30,2021,2021-11-13,0.0,1,0,0,3,38,3
Grupo Firme,2021-10-30,2021,2021-11-13,0.0,1,0,0,3,91,3
Amaarae & Moliy,2021-11-20,2021,2021-12-04,0.0,1,0,0,3,80,3
Gunna & 21 Savage,2022-01-22,2022,2022-02-05,0.0,1,0,0,3,23,3
The Game & Kanye West,2022-01-29,2022,2022-02-12,0.0,1,0,0,3,49,3
Lil Shordie Scott,2022-03-12,2022,2022-03-26,0.0,1,0,0,3,77,3
AnnenMayKantereit & Giant Rooks,2022-04-02,2022,2022-04-16,0.0,1,0,0,3,78,3
Daddy Yankee & Bad Bunny,2022-04-09,2022,2022-04-30,0.1,1,0,0,3,73,3
"Kay Flock, Cardi B, Dougie B & Bory300",2022-04-30,2022,2022-05-14,0.0,1,0,0,3,51,3
Bad Bunny & The Marias,2022-05-21,2022,2022-06-04,0.0,1,0,0,3,49,3
Kanye West & XXXTENTACION,2022-06-11,2022,2022-06-25,0.0,1,0,0,3,22,3
"Calvin Harris, Dua Lipa & Young Thug",2022-06-11,2022,2022-06-25,0.0,1,0,0,3,71,3
"Lil Baby, 42 Dugg & Veeze",2022-07-02,2022,2022-07-16,0.0,1,0,0,3,52,3
"NAV, Travis Scott & Lil Baby",2022-08-13,2022,2022-09-24,0.1,1,0,0,3,50,3
Lil Baby & Rylo Rodriguez,2022-10-29,2022,2025-01-25,2.2,2,0,0,3,44,1.5
Shakira + Ozuna,2022-11-05,2022,2023-01-28,0.2,1,0,0,3,65,3
Grupo Marca Registrada X Grupo Frontera,2023-04-29,2023,2023-05-13,0.0,1,0,0,3,89,3
Offset & JID,2023-06-17,2023,2025-07-12,2.1,2,0,0,3,72,1.5
Tainy & Bad Bunny,2023-07-15,2023,2023-07-29,0.0,1,0,0,3,57,3
Rylo Rodriguez,2023-07-29,2023,2023-08-05,0.0,2,0,0,3,91,1.5
Ryan Gosling,2023-08-05,2023,2023-08-19,0.0,1,0,0,3,87,3
Offset & Cardi B,2023-08-12,2023,2023-08-26,0.0,1,0,0,3,55,3
That Mexican OT,2024-01-27,2024,2024-02-10,0.0,1,0,0,3,74,3
Oscar Ortiz X Edgardo Nunez,2024-02-03,2024,2024-02-17,0.0,1,0,0,3,91,3
LE SSERAFIM,2024-03-09,2024,2024-09-21,0.5,2,0,0,3,76,1.5
Shoreline Mafia,2024-06-01,2024,2024-06-15,0.0,1,0,0,3,97,3
Kelsea Ballerini & Noah Kahan,2024-07-13,2024,2024-08-03,0.1,1,0,0,3,50,3
Eminem & White Gold,2024-07-27,2024,2024-08-03,0.0,2,0,0,3,19,1.5
Eminem & JID,2024-07-27,2024,2024-09-28,0.2,1,0,0,3,21,3
Eminem & Jelly Roll,2024-07-27,2024,2024-08-10,0.0,1,0,0,3,27,3
Drew Baldridge,2024-08-24,2024,2024-09-07,0.0,1,0,0,3,93,3
The Weeknd & Anitta,2024-11-16,2024,2025-02-22,0.3,1,0,0,3,43,3
JENNIE,2025-03-22,2025,2025-05-03,0.1,1,0,0,3,83,3
Morgan Wallen & Post Malone,2025-05-03,2025,2025-05-17,0.0,1,1,0,3,8,3
KATO,2025-12-27,2025,2026-01-10,0.0,1,0,0,3,82,3
Madison Beer,2026-01-10,2026,2026-02-07,0.1,1,0,0,3,68,3
Wale & Leon Thomas,2026-03-21,2026,2026-04-04,0.0,1,0,0,3,76,3
Drake & Qendresa,2026-05-30,2026,2026-06-13,0.0,1,0,0,3,39,3
Audrey Hobert,2026-08-08,2026,2026-08-22,0.0,1,0,0,3,85,3
Jim Backus & Friend,1958-08-04,1958,1958-08-18,0.0,1,0,0,2,66,2
Lee Andrews And The Hearts,1958-08-04,1958,1958-08-11,0.0,1,0,0,2,70,2
Kitty Wells,1958-08-04,1958,1958-08-11,0.0,1,0,0,2,83,2
Robert & Johnny,1958-08-04,1958,1958-08-11,0.0,1,0,0,2,93,2
Tennessee Ernie Ford,1958-08-11,1958,1959-02-23,0.5,2,0,0,2,97,1
DeJohn Sisters,1958-08-18,1958,1958-08-25,0.0,1,0,0,2,73,2
The Gaylords,1958-08-18,1958,1958-11-10,0.2,2,0,0,2,97,1
Warren Storm,1958-08-25,1958,1958-09-01,0.0,1,0,0,2,81,2
Jill Corey,1958-09-01,1958,1958-10-27,0.2,1,0,0,2,96,2
The Redjacks,1958-09-15,1958,1958-09-22,0.0,1,0,0,2,84,2
Cyclones,1958-09-29,1958,1958-10-06,0.0,1,0,0,2,83,2
Nappy Brown,1958-11-10,1958,1958-11-24,0.0,1,0,0,2,89,2
Bob Kayli,1958-11-17,1958,1958-11-24,0.0,1,0,0,2,96,2
Marie & Rex,1959-03-09,1959,1959-03-16,0.0,1,0,0,2,94,2
Jimmy Beck & His Orchestra,1959-04-20,1959,1959-04-27,0.0,1,0,0,2,82,2
Spencer & Spencer,1959-05-18,1959,1959-05-25,0.0,1,0,0,2,91,2
Vaughn Monroe,1959-05-25,1959,1959-06-15,0.1,1,0,0,2,87,2
Carl Perkins,1959-06-01,1959,1959-06-08,0.0,1,0,0,2,93,2
Richard Barrett,1959-07-20,1959,1959-07-27,0.0,1,0,0,2,93,2
Hawkshaw Hawkins,1959-08-03,1959,1959-08-10,0.0,1,0,0,2,87,2
The Tradewinds,1959-08-10,1959,1959-08-17,0.0,1,0,0,2,91,2
Ralph DeMarco,1959-11-09,1959,1959-11-16,0.0,1,0,0,2,91,2
Clyde Stacy,1959-11-16,1959,1959-11-23,0.0,1,0,0,2,99,2
Tender Slim,1960-01-11,1960,1960-01-18,0.0,1,0,0,2,93,2
Bob Crewe,1960-02-01,1960,1960-02-08,0.0,1,0,0,2,96,2
Nat Kendrick And The Swans,1960-02-15,1960,1960-02-29,0.0,1,0,0,2,84,2
Nickey DeMatteo,1960-03-07,1960,1960-03-14,0.0,1,0,0,2,90,2
Danny Valentino,1960-06-06,1960,1960-06-13,0.0,1,0,0,2,95,2
Art Mooney And His Orchestra,1960-06-13,1960,1960-06-20,0.0,1,0,0,2,100,2
Johnnie & Joe,1960-09-26,1960,1960-10-03,0.0,1,0,0,2,89,2
Austin Taylor,1960-11-14,1960,1960-11-21,0.0,1,0,0,2,90,2
Richie Allen,1960-11-21,1960,1960-11-28,0.0,1,0,0,2,90,2
The Melodeers,1960-12-19,1960,1960-12-26,0.0,1,0,0,2,71,2
Ronnie Savoy,1961-01-09,1961,1961-01-16,0.0,1,0,0,2,84,2
Van Dykes,1961-01-16,1961,1961-01-23,0.0,1,0,0,2,91,2
Debbie Dean,1961-02-06,1961,1961-02-13,0.0,1,0,0,2,92,2
Fred Darian,1961-02-27,1961,1961-09-25,0.6,2,0,0,2,96,1
Claude Gray,1961-04-10,1961,1961-04-17,0.0,1,0,0,2,84,2
Audrey Arno And The Hazy Osterwald Sextet,1961-04-10,1961,1961-04-17,0.0,1,0,0,2,87,2
The Strollers,1961-04-10,1961,1961-04-17,0.0,1,0,0,2,91,2
The Harptones,1961-05-08,1961,1961-05-15,0.0,1,0,0,2,96,2
Wyatt (Earp) McPherson,1961-05-15,1961,1961-05-29,0.0,1,0,0,2,97,2
Phill Wilson,1961-07-10,1961,1961-07-17,0.0,1,0,0,2,91,2
The 3 Friends,1961-07-31,1961,1961-08-14,0.0,1,0,0,2,89,2
The Caslons,1961-09-11,1961,1961-09-18,0.0,1,0,0,2,89,2
Bull Moose Jackson,1961-09-11,1961,1961-09-18,0.0,1,0,0,2,98,2
The Parkays,1961-10-09,1961,1961-10-16,0.0,1,0,0,2,89,2
Valadiers,1961-11-20,1961,1961-11-27,0.0,1,0,0,2,89,2
Charles Brown,1961-12-25,1961,1962-01-06,0.0,1,0,0,2,76,2
Ray Charles & Betty Carter,1962-03-03,1962,1962-03-10,0.0,1,0,0,2,91,2
Pearlettes,1962-03-10,1962,1962-03-17,0.0,1,0,0,2,96,2
The Duke Of Earl,1962-04-28,1962,1962-05-05,0.0,1,0,0,2,91,2
Vincent Edwards,1962-08-11,1962,1962-08-18,0.0,1,0,0,2,72,2
Bobby Vee and The Crickets,1962-09-22,1962,1962-09-29,0.0,1,0,0,2,99,2
Pat Thomas,1962-12-08,1962,1962-12-15,0.0,1,0,0,2,78,2
Carl Butler & Pearl,1963-02-09,1963,1963-03-23,0.1,1,0,0,2,88,2
The Furys,1963-02-09,1963,1963-02-16,0.0,1,0,0,2,92,2
The Rumblers,1963-02-16,1963,1963-03-09,0.1,1,0,0,2,87,2
The Shepherd Sisters,1963-03-09,1963,1963-04-13,0.1,1,0,0,2,94,2
Bobby Callender,1963-03-16,1963,1963-03-23,0.0,1,0,0,2,95,2
The Valentinos (The Lovers),1963-03-30,1963,1963-04-06,0.0,1,0,0,2,97,2
Little Esther Phillips & Big Al Downing,1963-04-27,1963,1963-05-04,0.0,1,0,0,2,73,2
James MacArthur,1963-06-22,1963,1963-07-13,0.1,1,0,0,2,94,2
Bobby Pickett,1963-06-22,1963,1963-06-29,0.0,1,0,0,2,88,2
Chris Columbo Quintet,1963-06-29,1963,1963-07-20,0.1,1,0,0,2,93,2
Birdlegs & Pauline And Their Versatility Birds,1963-07-06,1963,1963-07-13,0.0,1,0,0,2,94,2
The King Pins,1963-08-17,1963,1963-08-24,0.0,1,0,0,2,89,2
T.K. Hulin,1963-08-17,1963,1963-08-24,0.0,1,0,0,2,92,2
"Joe Sherman, his Orchestra and Chorus",1963-10-05,1963,1963-10-12,0.0,1,0,0,2,85,2
Lena Horne,1963-11-23,1963,1963-11-30,0.0,1,0,0,2,92,2
Jim and Monica,1964-01-18,1964,1964-01-25,0.0,1,0,0,2,96,2
The Drew-Vels,1964-02-08,1964,1964-02-15,0.0,1,0,0,2,90,2
The Crampton Sisters,1964-02-08,1964,1964-02-15,0.0,1,0,0,2,92,2
Little Jr. Parker,1964-02-08,1964,1964-02-15,0.0,1,0,0,2,99,2
B.B. King And His Orchestra,1964-03-28,1964,1964-04-04,0.0,1,0,0,2,97,2
Barbara & The Browns,1964-05-02,1964,1964-05-09,0.0,1,0,0,2,97,2
Christine Quaite,1964-05-23,1964,1964-05-30,0.0,1,0,0,2,85,2
Wallace Brothers,1964-08-29,1964,1964-09-05,0.0,1,0,0,2,97,2
Brian Poole And The Tremeloes,1964-09-12,1964,1964-09-19,0.0,1,0,0,2,97,2
Cathy & Joe,1964-10-10,1964,1964-10-17,0.0,1,0,0,2,82,2
Terry Black,1964-11-21,1964,1964-12-12,0.1,1,0,0,2,99,2
Willie Tee,1965-03-20,1965,1965-03-27,0.0,1,0,0,2,97,2
The Dixie Drifter,1965-09-04,1965,1965-09-11,0.0,1,0,0,2,99,2
P.F. Sloan,1965-09-25,1965,1965-10-02,0.0,1,0,0,2,87,2
The Spellbinders,1965-11-27,1965,1966-11-19,1.0,2,0,0,2,93,1
Ted Taylor,1965-12-04,1965,1965-12-11,0.0,1,0,0,2,99,2
Jamo Thomas & His Party Brothers Orchestra,1966-03-19,1966,1966-03-26,0.0,1,0,0,2,98,2
Dean Parrish,1966-07-16,1966,1966-07-23,0.0,1,0,0,2,97,2
Mable John,1966-08-06,1966,1966-08-13,0.0,1,0,0,2,95,2
Flip Cartridge,1966-08-20,1966,1966-08-27,0.0,1,0,0,2,91,2
Julie Monday,1966-08-20,1966,1966-08-27,0.0,1,0,0,2,96,2
The Abbey Tavern Singers,1966-09-24,1966,1966-10-01,0.0,1,0,0,2,94,2
"Richard ""Groove"" Holmes",1966-10-01,1966,1966-10-08,0.0,1,0,0,2,99,2
Paul Vance,1966-10-08,1966,1966-10-15,0.0,1,0,0,2,97,2
The Traits,1966-11-12,1966,1966-11-19,0.0,1,0,0,2,94,2
Gary And The Hornets,1966-11-19,1966,1966-11-26,0.0,1,0,0,2,96,2
The In Crowd,1966-12-10,1966,1966-12-17,0.0,1,0,0,2,92,2
Bobby McClure,1966-12-10,1966,1966-12-17,0.0,1,0,0,2,97,2
Bobby Moore's Rhythm Aces,1966-12-17,1966,1966-12-24,0.0,1,0,0,2,97,2
The Hardtimes,1966-12-31,1966,1967-01-07,0.0,1,0,0,2,97,2
The Blues Project,1967-04-01,1967,1967-04-08,0.0,1,0,0,2,96,2
Elmo & Almo,1967-06-03,1967,1967-06-10,0.0,1,0,0,2,98,2
Boots Walker,1967-06-10,1967,1967-06-17,0.0,1,0,0,2,77,2
Andre Williams,1967-07-29,1967,1967-08-05,0.0,1,0,0,2,90,2
Country Joe & The Fish,1967-08-05,1967,1967-08-12,0.0,1,0,0,2,95,2
Jimmy Roselli,1967-08-12,1967,1967-08-19,0.0,1,0,0,2,93,2
Jon & Robin,1967-08-19,1967,1967-08-26,0.0,1,0,0,2,100,2
Ray Bryant,1967-09-30,1967,1967-10-07,0.0,1,0,0,2,89,2
Freddie McCoy,1967-10-07,1967,1967-10-14,0.0,1,0,0,2,92,2
Long John Baldry,1968-01-13,1968,1968-01-20,0.0,1,0,0,2,88,2
The Four Sonics,1968-02-10,1968,1968-02-17,0.0,1,0,0,2,89,2
George Torrence & The Naturals,1968-02-17,1968,1968-02-24,0.0,1,0,0,2,91,2
Manny Kellem - His Orchestra And Voices,1968-02-24,1968,1968-03-02,0.0,1,0,0,2,96,2
Tom Northcott,1968-03-16,1968,1968-03-23,0.0,1,0,0,2,88,2
Linda Ronstadt & The Stone Poneys,1968-03-30,1968,1968-04-06,0.0,1,0,0,2,93,2
John W. Anderson,1968-12-14,1968,1968-12-21,0.0,1,0,0,2,91,2
Gloria Walker/Chevelles,1969-01-25,1969,1969-02-01,0.0,1,0,0,2,98,2
Blinky & Edwin Starr,1969-08-16,1969,1969-08-23,0.0,1,0,0,2,92,2
Waylon Jennings & The Kimberlys,1969-09-06,1969,1969-09-13,0.0,1,0,0,2,93,2
The Baskerville Hounds,1969-10-11,1969,1969-10-18,0.0,1,0,0,2,88,2
Blackwell,1969-10-25,1969,1969-11-01,0.0,1,0,0,2,89,2
The New Establishment,1969-11-29,1969,1969-12-06,0.0,1,0,0,2,92,2
Simon Stokes/Nighthawks,1969-12-20,1969,1969-12-27,0.0,1,0,0,2,90,2
Brother Jack McDuff,1969-12-27,1969,1970-01-03,0.0,1,0,0,2,95,2
Rotary Connection,1970-01-03,1970,1970-01-10,0.0,1,0,0,2,96,2
The Whatnauts & The Whatnaut Band,1970-02-28,1970,1970-03-07,0.0,1,0,0,2,99,2
Owen B.,1970-03-07,1970,1970-03-14,0.0,1,0,0,2,97,2
Willie Henderson And The Soul Explosions,1970-03-21,1970,1970-03-28,0.0,1,0,0,2,91,2
Flamingos,1970-04-04,1970,1970-04-11,0.0,1,0,0,2,86,2
Jesse Anderson,1970-04-25,1970,1970-05-02,0.0,1,0,0,2,95,2
I.A.P. Co. (the Italian Asphalt & Pavement Company),1970-05-02,1970,1970-05-09,0.0,1,0,0,2,97,2
Jamul,1970-05-09,1970,1970-05-16,0.0,1,0,0,2,93,2
Frankie Valli & The 4 Seasons,1970-05-09,1970,1970-05-16,0.0,1,0,0,2,94,2
Raeletts,1970-05-16,1970,1970-05-23,0.0,1,0,0,2,96,2
Ginger Baker's Air Force,1970-05-23,1970,1970-05-30,0.0,1,0,0,2,85,2
Neon Philharmonic,1970-05-30,1970,1970-06-06,0.0,1,0,0,2,94,2
McKinley Travis,1970-07-18,1970,1970-07-25,0.0,1,0,0,2,91,2
Jim Campbell,1970-07-18,1970,1970-07-25,0.0,1,0,0,2,93,2
Johnny Rivers & Friends,1970-09-05,1970,1970-09-12,0.0,1,0,0,2,94,2
Laura Nyro,1970-10-10,1970,1970-10-17,0.0,1,0,0,2,92,2
Brian Auger & The Trinity,1970-10-10,1970,1970-10-17,0.0,1,0,0,2,100,2
Dunn & McCashen,1970-11-07,1970,1970-11-14,0.0,1,0,0,2,91,2
The Flame,1970-11-07,1970,1970-11-14,0.0,1,0,0,2,95,2
The Klowns,1970-12-05,1970,1970-12-12,0.0,1,0,0,2,95,2
Lally Stott,1971-04-10,1971,1971-04-17,0.0,1,0,0,2,92,2
Cissy Houston,1971-04-24,1971,1971-05-01,0.0,1,0,0,2,92,2
Hog Heaven,1971-04-24,1971,1971-05-01,0.0,1,0,0,2,98,2
The Dillards,1971-07-31,1971,1971-08-07,0.0,1,0,0,2,92,2
Johnny Paycheck,1971-12-18,1971,1971-12-25,0.0,1,0,0,2,91,2
Rock Flowers,1972-02-12,1972,1972-02-19,0.0,1,0,0,2,95,2
Mark-Almond,1972-02-19,1972,1972-02-26,0.0,1,0,0,2,94,2
PG&E,1972-03-18,1972,1972-03-25,0.0,1,0,0,2,97,2
Peter Yarrow,1972-04-08,1972,1972-04-15,0.0,1,0,0,2,100,2
Jerry Garcia,1972-04-15,1972,1972-04-22,0.0,1,0,0,2,94,2
The Courtship,1972-06-24,1972,1972-07-01,0.0,1,0,0,2,93,2
The Temprees,1972-10-07,1972,1972-10-14,0.0,1,0,0,2,93,2
Billy Lee Riley,1972-11-04,1972,1972-11-11,0.0,1,0,0,2,93,2
Bones,1972-11-04,1972,1972-11-11,0.0,1,0,0,2,94,2
Sylvia And Ralfi Pagan,1973-09-08,1973,1973-09-15,0.0,1,0,0,2,99,2
Bob James,1974-11-09,1974,1974-11-16,0.0,1,0,0,2,88,2
Philly Devotions,1975-02-08,1975,1975-02-15,0.0,1,0,0,2,95,2
Bobby Moore,1975-08-09,1975,1975-08-16,0.0,1,0,0,2,99,2
The Sunshine Band,1975-09-06,1975,1975-09-13,0.0,1,0,0,2,88,2
Hamilton Bohannon,1975-09-13,1975,1975-09-20,0.0,1,0,0,2,98,2
U.S. 1,1975-11-29,1975,1975-12-06,0.0,1,0,0,2,91,2
The Champs' Boys Orchestra,1976-05-29,1976,1976-06-05,0.0,1,0,0,2,98,2
Impact,1976-06-19,1976,1976-06-26,0.0,1,0,0,2,94,2
D.J. Rogers,1976-07-04,1976,1976-07-10,0.0,1,0,0,2,98,2
Revelation,1976-07-31,1976,1976-08-07,0.0,1,0,0,2,98,2
Derringer,1976-08-28,1976,1976-09-04,0.0,1,0,0,2,86,2
Spin,1976-08-28,1976,1976-09-04,0.0,1,0,0,2,95,2
D.C. LaRue,1976-11-06,1976,1976-11-13,0.0,1,0,0,2,94,2
Terry Cashman,1976-11-27,1976,1976-12-04,0.0,1,0,0,2,79,2
Blaze,1976-12-11,1976,1976-12-18,0.0,1,0,0,2,95,2
Automatic Man,1977-02-12,1977,1977-02-19,0.0,1,0,0,2,97,2
Danny White,1977-02-26,1977,1977-03-05,0.0,1,0,0,2,100,2
The Philarmonics,1977-03-12,1977,1977-03-19,0.0,1,0,0,2,100,2
Kerry Chater,1977-03-26,1977,1977-04-02,0.0,1,0,0,2,97,2
The Lovers,1977-05-14,1977,1977-05-21,0.0,1,0,0,2,100,2
Idris Muhammad,1977-10-01,1977,1977-10-08,0.0,1,0,0,2,76,2
Snail,1978-09-23,1978,1978-09-30,0.0,1,0,0,2,93,2
The Wonder Band,1979-03-03,1979,1979-03-10,0.0,1,0,0,2,87,2
Grey & Hanks,1979-03-10,1979,1979-03-17,0.0,1,0,0,2,83,2
Liner,1979-03-17,1979,1979-03-24,0.0,1,0,0,2,92,2
Bill Wray,1979-05-19,1979,1979-05-26,0.0,1,0,0,2,96,2
Wilson Bros.,1979-10-06,1979,1979-10-13,0.0,1,0,0,2,94,2
Engelbert,1980-03-15,1980,1980-03-22,0.0,1,0,0,2,83,2
Suzanne Fellini,1980-03-15,1980,1980-03-22,0.0,1,0,0,2,87,2
RCR,1980-04-05,1980,1980-04-12,0.0,1,0,0,2,94,2
Grace Slick,1980-04-19,1980,1980-04-26,0.0,1,0,0,2,95,2
The Jags,1980-06-07,1980,1980-06-14,0.0,1,0,0,2,84,2
La Flavour,1980-06-14,1980,1980-06-21,0.0,1,0,0,2,91,2
Eric Troyer,1980-07-26,1980,1980-08-02,0.0,1,0,0,2,92,2
Wayne Massey,1980-10-11,1980,1980-10-18,0.0,1,0,0,2,92,2
Sky (Arista),1981-01-10,1981,1981-01-17,0.0,1,0,0,2,83,2
Larry John McNally,1981-08-08,1981,1981-08-15,0.0,1,0,0,2,86,2
Larry Lee,1982-06-26,1982,1982-07-03,0.0,1,0,0,2,81,2
Snuff,1983-08-20,1983,1983-08-27,0.0,1,0,0,2,88,2
Minor Detail,1983-09-24,1983,1983-10-01,0.0,1,0,0,2,92,2
Graham Parker,1983-09-24,1983,1983-10-01,0.0,1,0,0,2,94,2
"Joe ""Bean"" Esposito",1983-10-22,1983,1983-10-29,0.0,1,0,0,2,86,2
"Hagar, Schon, Aaronson, Shrieve",1984-05-19,1984,1984-05-26,0.0,1,0,0,2,94,2
Karen Kamon,1984-07-28,1984,1984-08-04,0.0,1,0,0,2,88,2
Grand Master Melle Mel And The Furious Five,1984-08-04,1984,1984-08-11,0.0,1,0,0,2,86,2
Robin George,1985-04-13,1985,1985-04-20,0.0,1,0,0,2,92,2
Eric Martin,1985-08-24,1985,1985-08-31,0.0,1,0,0,2,87,2
Eddie & The Tide,1985-09-21,1985,1985-09-28,0.0,1,0,0,2,85,2
Nick Jameson,1986-08-23,1986,1986-08-30,0.0,1,0,0,2,95,2
Tia,1987-03-07,1987,1987-03-14,0.0,1,0,0,2,97,2
Simon F,1987-10-24,1987,1987-10-31,0.0,1,0,0,2,91,2
3 Man Island,1988-04-02,1988,1988-04-09,0.0,1,0,0,2,94,2
Kings Of The Sun,1988-07-30,1988,1988-08-06,0.0,1,0,0,2,98,2
Britny Fox,1988-10-01,1988,1988-10-08,0.0,1,0,0,2,100,2
Chubb Rock,1991-05-18,1991,1991-05-25,0.0,1,0,0,2,95,2
Jinny,1991-09-14,1991,1991-09-21,0.0,1,0,0,2,97,2
T.P.E.,1991-11-30,1991,1991-12-07,0.0,1,0,0,2,91,2
Degrees Of Motion,1992-03-07,1992,1992-03-14,0.0,1,0,0,2,94,2
One 2 One,1992-03-07,1992,1992-03-14,0.0,1,0,0,2,95,2
St. Etienne,1992-03-07,1992,1992-03-14,0.0,1,0,0,2,97,2
Mocca Soul,1992-05-16,1992,1992-05-23,0.0,1,0,0,2,99,2
Home Team,1992-12-26,1992,1993-01-02,0.0,1,0,0,2,90,2
Martha Wash,1993-03-13,1993,1993-03-20,0.0,1,0,0,2,90,2
Dina Carroll,1993-04-17,1993,1993-04-24,0.0,1,0,0,2,95,2
New Born,1993-06-19,1993,1993-06-26,0.0,1,0,0,2,97,2
M.C. Breed,1993-08-21,1993,1993-08-28,0.0,1,0,0,2,96,2
Darden Smith,1993-10-02,1993,1993-10-09,0.0,1,0,0,2,96,2
Illegal,1993-10-23,1993,1993-10-30,0.0,1,0,0,2,95,2
Elton John & RuPaul,1994-03-26,1994,1994-04-02,0.0,1,0,0,2,92,2
The Jesus And Mary Chain,1994-10-15,1994,1994-10-22,0.0,1,0,0,2,96,2
The Juliana Hatfield 3,1994-11-19,1994,1994-11-26,0.0,1,0,0,2,97,2
Fabu,1995-05-20,1995,1995-05-27,0.0,1,0,0,2,88,2
Crooklyn Dodgers '95,1995-09-16,1995,1995-09-23,0.0,1,0,0,2,96,2
Jeff Carson,1995-09-16,1995,1995-09-23,0.0,1,0,0,2,97,2
Big Sister,1996-04-06,1996,1996-04-13,0.0,1,0,0,2,91,2
Sadat X,1996-07-27,1996,1996-08-03,0.0,1,0,0,2,98,2
Southsyde B.O.I.Z.,1996-10-19,1996,1996-10-26,0.0,1,0,0,2,96,2
Leschea,1997-06-14,1997,1997-06-21,0.0,1,0,0,2,90,2
Sons Of Funk,1997-10-25,1997,1997-11-01,0.0,1,0,0,2,97,2
Innerlude,1998-05-16,1998,1998-05-23,0.0,1,0,0,2,95,2
Dionne Warwick And The Hip-Hop Nation United,1998-08-01,1998,1998-08-08,0.0,1,0,0,2,87,2
Heather B.,1998-08-01,1998,1998-08-08,0.0,1,0,0,2,89,2
Reiss,1998-08-01,1998,1998-08-08,0.0,1,0,0,2,90,2
Nicole Renee,1998-11-21,1998,1998-11-28,0.0,1,0,0,2,83,2
Elvis Crespo,1998-11-21,1998,1998-11-28,0.0,1,0,0,2,84,2
Emilia,1998-11-28,1998,1999-01-23,0.2,1,0,0,2,92,2
Adam Sandler,1999-01-02,1999,1999-01-09,0.0,1,0,0,2,80,2
Zombie Nation,2000-09-02,2000,2000-09-09,0.0,1,0,0,2,99,2
NewSong,2000-12-30,2000,2001-01-06,0.0,1,0,0,2,42,2
Sunday,2000-12-30,2000,2001-01-06,0.0,1,0,0,2,98,2
Daniel Rodriguez,2001-12-29,2001,2002-01-05,0.0,1,0,0,2,99,2
B Rich,2002-05-18,2002,2002-05-25,0.0,1,0,0,2,98,2
Jade Anderson,2002-05-25,2002,2002-06-01,0.0,1,0,0,2,96,2
Kelly Osbourne,2002-07-13,2002,2002-07-20,0.0,1,0,0,2,74,2
Boomkat,2003-03-22,2003,2003-03-29,0.0,1,0,0,2,88,2
Kiley Dean,2003-06-07,2003,2003-06-14,0.0,1,0,0,2,99,2
Mr. Vegas,2004-03-20,2004,2004-03-27,0.0,1,0,0,2,98,2
Cherie,2004-05-29,2004,2004-06-05,0.0,1,0,0,2,99,2
Sugababes,2004-06-12,2004,2004-06-19,0.0,1,0,0,2,96,2
Mynt,2004-09-04,2004,2004-09-11,0.0,1,0,0,2,97,2
The Mars Volta,2005-03-19,2005,2005-03-26,0.0,1,0,0,2,95,2
Melissa Etheridge & Joss Stone,2005-04-02,2005,2005-04-09,0.0,1,0,0,2,32,2
Aventura,2005-12-17,2005,2019-04-20,13.3,2,0,0,2,95,1
HIM,2006-03-11,2006,2006-03-18,0.0,1,0,0,2,87,2
10 Years,2006-04-01,2006,2006-04-08,0.0,1,0,0,2,94,2
Lustra,2006-07-29,2006,2006-08-05,0.0,1,0,0,2,75,2
Chris Cornell,2006-12-09,2006,2006-12-16,0.0,1,0,0,2,79,2
Josh Groban & The African Children's Choir,2007-05-12,2007,2007-05-19,0.0,1,0,0,2,76,2
Cast Of Hairspray,2007-08-04,2007,2007-08-11,0.0,1,0,0,2,88,2
Corbin Bleu & Lucas Grabeel,2007-09-01,2007,2007-09-08,0.0,1,0,0,2,70,2
Landon Pigg,2008-01-05,2008,2008-01-12,0.0,1,0,0,2,93,2
Michael Cera & Ellen Page,2008-01-26,2008,2008-02-02,0.0,1,0,0,2,91,2
Kate Voegele,2008-02-09,2008,2008-05-31,0.3,2,0,0,2,68,1
Joshua Radin,2008-09-27,2008,2008-10-04,0.0,1,0,0,2,82,2
Zac Efron & Vanessa Hudgens,2008-11-08,2008,2008-11-15,0.0,1,0,0,2,98,2
Jack White & Alicia Keys,2008-11-29,2008,2008-12-06,0.0,1,0,0,2,81,2
Mitchel Musso,2009-06-20,2009,2009-06-27,0.0,1,0,0,2,70,2
K'Jon,2009-06-20,2009,2009-06-27,0.0,1,0,0,2,96,2
Matt And Kim,2009-06-27,2009,2009-08-29,0.2,1,0,0,2,95,2
Susan Boyle,2009-12-12,2009,2009-12-12,0.0,2,0,0,2,62,1
Nick Jonas & The Administration,2009-12-19,2009,2010-02-20,0.2,1,0,0,2,73,2
"Jay-Z, Bono, The Edge & Rihanna",2010-02-06,2010,2010-02-13,0.0,1,0,0,2,16,2
Christopher Wilde,2010-03-06,2010,2010-03-06,0.0,2,0,0,2,57,1
Lee DeWyze & Crystal Bowersox,2010-06-12,2010,2010-06-19,0.0,1,0,0,2,66,2
Chiddy Bang,2010-07-31,2010,2011-01-15,0.5,1,0,0,2,90,2
Gwyneth Paltrow,2011-01-22,2011,2011-01-29,0.0,1,0,0,2,81,2
Garrett Hedlund & Leighton Meester,2011-01-29,2011,2011-02-05,0.0,1,0,0,2,79,2
Xenia,2011-07-02,2011,2011-07-09,0.0,2,0,0,2,92,1
Five Finger Death Punch,2011-08-20,2011,2019-04-27,7.7,2,0,0,2,66,1
Hugh Laurie,2011-09-24,2011,2011-10-01,0.0,1,0,0,2,58,2
China Anne McClain,2011-10-15,2011,2011-10-29,0.0,1,0,0,2,86,2
Bella Thorne,2012-03-31,2012,2012-04-07,0.0,1,0,0,2,97,2
Juliet Simms,2012-04-28,2012,2012-05-19,0.1,2,0,0,2,70,1
Jennifer Hudson & Ne-Yo,2012-04-28,2012,2012-05-05,0.0,1,0,0,2,90,2
"Kanye West, R. Kelly",2012-10-06,2012,2012-10-13,0.0,1,0,0,2,70,2
Terry McDermott,2012-12-22,2012,2012-12-29,0.0,2,0,0,2,70,1
Alabama Shakes,2013-03-02,2013,2013-03-09,0.0,1,0,0,2,93,2
Hustle Gang,2013-05-11,2013,2013-05-18,0.0,1,0,0,2,88,2
"Fergie, Q-Tip & GoonRock",2013-06-01,2013,2013-06-08,0.0,1,0,0,2,77,2
Zach Sobiech,2013-06-08,2013,2013-06-15,0.0,1,0,0,2,26,2
Michelle Chamuel,2013-06-22,2013,2013-07-06,0.0,2,0,0,2,85,1
Ariana Grande & Nathan Sykes,2013-09-07,2013,2013-09-21,0.0,1,0,0,2,82,2
Charlie Worsham,2013-09-28,2013,2013-10-05,0.0,1,0,0,2,94,2
Matthew Schuler,2013-11-30,2013,2013-12-07,0.0,1,0,0,2,40,2
Tessanne Chin,2013-12-28,2013,2014-01-04,0.0,2,0,0,2,51,1
Josh Kaufman,2014-05-10,2014,2014-05-24,0.0,2,0,0,2,71,1
Jamie N Commons & X Ambassadors,2014-06-28,2014,2014-07-12,0.0,1,0,0,2,87,2
Jeezy,2014-09-20,2014,2014-09-27,0.0,1,0,0,2,85,2
Jimmy Fallon,2014-10-25,2014,2014-11-01,0.0,1,0,0,2,26,2
Chris Jamison,2014-12-27,2014,2015-01-03,0.0,2,0,0,2,53,1
Wiz Khalifa & Iggy Azalea,2015-03-07,2015,2015-04-25,0.1,1,0,0,2,86,2
NEEDTOBREATHE,2015-07-18,2015,2015-07-25,0.0,1,0,0,2,98,2
N.W.A,2015-09-05,2015,2015-09-12,0.0,1,0,0,2,38,2
A Great Big World,2015-10-10,2015,2015-10-24,0.0,1,0,0,2,99,2
Adam Wakefield,2016-06-04,2016,2016-06-11,0.0,2,0,0,2,73,1
Opetaia Foa'i & Lin-Manuel Miranda,2016-12-17,2016,2017-01-21,0.1,1,0,0,2,93,2
Nicki Minaj X Mike WiLL Made-It,2016-12-24,2016,2017-01-14,0.1,1,0,0,2,65,2
Sundance Head,2016-12-31,2016,2016-12-31,0.0,2,0,0,2,67,1
Calum Scott,2017-02-11,2017,2017-03-11,0.1,1,0,0,2,93,2
Jake Paul,2017-06-24,2017,2017-12-16,0.5,1,0,0,2,91,2
Kendrick Lamar & Travis Scott,2018-02-24,2018,2018-03-03,0.0,1,0,0,2,71,2
Cardi B & YG,2018-04-21,2018,2018-04-28,0.0,1,0,0,2,57,2
Swae Lee,2018-04-28,2018,2019-08-31,1.3,2,0,0,2,75,1
Mason Ramsey,2018-05-12,2018,2018-05-19,0.0,1,0,0,2,62,2
"2 Chainz, Drake & Quavo",2018-06-30,2018,2018-07-07,0.0,1,0,0,2,53,2
Kygo & Imagine Dragons,2018-06-30,2018,2018-07-07,0.0,1,0,0,2,74,2
Ozuna x Manuel Turizo,2018-09-22,2018,2018-10-06,0.0,1,0,0,2,94,2
Ariana Grande & Victoria Monet,2019-04-13,2019,2019-04-20,0.0,1,0,0,2,69,2
"SZA, The Weeknd & Travis Scott",2019-05-11,2019,2019-05-18,0.0,1,0,0,2,90,2
Joyner Lucas,2019-06-08,2019,2019-06-15,0.0,1,0,0,2,59,2
The Chainsmokers & ILLENIUM,2019-08-10,2019,2019-08-31,0.1,1,0,0,2,69,2
"Tainy, Anuel AA & Ozuna",2019-10-05,2019,2019-10-12,0.0,1,0,0,2,86,2
"DJ Snake, J. Balvin & Tyga",2019-10-05,2019,2020-01-11,0.3,1,0,0,2,95,2
JACKBOYS & Sheck Wes,2020-01-11,2020,2020-01-18,0.0,1,0,0,2,48,2
Bad Bunny X Daddy Yankee,2020-03-14,2020,2020-03-21,0.0,1,0,0,2,53,2
Lil Uzi Vert & 21 Savage,2020-03-28,2020,2020-04-04,0.0,1,0,0,2,26,2
Kane Brown & John Legend,2020-04-11,2020,2020-04-18,0.0,1,0,0,2,89,2
"Future, Drake & Young Thug",2020-05-16,2020,2020-05-23,0.0,1,0,0,2,19,2
Agust D,2020-06-06,2020,2023-05-06,2.9,2,0,0,2,58,1
Lady Gaga & BLACKPINK,2020-06-13,2020,2020-06-20,0.0,1,0,0,2,33,2
Tyla Yaweh & Post Malone,2020-06-27,2020,2020-07-04,0.0,1,0,0,2,65,2
J.I The Prince Of N.Y,2020-06-27,2020,2020-07-04,0.0,1,0,0,2,95,2
Breland,2020-07-04,2020,2020-07-11,0.0,1,0,0,2,92,2
Internet Money,2020-09-12,2020,2022-02-05,1.4,2,0,0,2,72,1
Trey Lewis,2020-12-12,2020,2020-12-19,0.0,1,0,0,2,65,2
The Kid LAROI & Juice WRLD,2020-12-26,2020,2021-01-16,0.1,1,0,0,2,89,2
Bing Crosby & The Andrews Sisters,2021-01-02,2021,2026-01-03,5.0,1,0,0,2,36,2
Tim McGraw & Tyler Hubbard,2021-01-30,2021,2021-03-27,0.2,1,0,0,2,76,2
Brent Faiyaz & DJ Dahi,2021-02-13,2021,2022-07-23,1.4,1,0,0,2,71,2
Clinton Kane,2021-03-06,2021,2021-09-04,0.5,2,0,0,2,88,1
ROSE,2021-03-27,2021,2024-12-21,3.7,2,0,0,2,70,1
The Kid LAROI & Miley Cyrus,2021-05-08,2021,2021-05-15,0.0,1,1,0,2,8,2
Joyner Lucas & Lil Baby,2021-05-15,2021,2021-05-22,0.0,1,0,0,2,67,2
Cico P,2021-05-15,2021,2021-05-22,0.0,1,0,0,2,91,2
"J. Cole, Bas & 6LACK",2021-05-29,2021,2021-06-05,0.0,1,0,0,2,19,2
Jack Harlow & Pooh Shiesty,2021-08-21,2021,2021-08-28,0.0,1,0,0,2,67,2
Sueco,2021-08-28,2021,2021-09-04,0.0,1,0,0,2,65,2
Drake & Yebba,2021-09-18,2021,2021-09-25,0.0,1,0,0,2,24,2
DaBaby X Lil Wayne,2021-09-25,2021,2021-10-02,0.0,1,0,0,2,63,2
TWICE,2021-10-16,2021,2023-02-04,1.3,2,0,0,2,83,1
Bryson Gray,2021-11-06,2021,2021-11-13,0.0,1,0,0,2,28,2
Machine Gun Kelly & WILLOW,2022-02-19,2022,2022-04-09,0.1,1,0,0,2,77,2
Machine Gun Kelly & Lil Wayne,2022-03-19,2022,2022-04-09,0.1,1,0,0,2,82,2
Machine Gun Kelly & Bring Me The Horizon,2022-04-02,2022,2022-04-09,0.0,1,0,0,2,68,2
Justin Bieber & Don Toliver,2022-05-14,2022,2022-05-21,0.0,1,0,0,2,44,2
Kendrick Lamar & Taylour Paige,2022-05-28,2022,2022-06-04,0.0,1,0,0,2,16,2
"Kendrick Lamar, Baby Keem, & Sam Dew",2022-05-28,2022,2022-06-04,0.0,1,0,0,2,23,2
Ghost,2022-09-24,2022,2022-10-08,0.0,1,0,0,2,90,2
Lil Baby & Nardo Wick,2022-10-29,2022,2022-11-05,0.0,1,0,0,2,15,2
JIN,2022-11-12,2022,2024-11-30,2.1,2,0,0,2,51,1
"Metro Boomin, 21 Savage & Young Nudy",2022-12-17,2022,2022-12-24,0.0,1,0,0,2,23,2
Metro Boomin & Travis Scott,2022-12-17,2022,2022-12-24,0.0,1,0,0,2,31,2
Metro Boomin & Young Thug,2022-12-17,2022,2022-12-24,0.0,1,0,0,2,43,2
Metro Boomin & John Legend,2022-12-17,2022,2022-12-24,0.0,1,0,0,2,48,2
Trippie Redd & Juice WRLD,2023-02-04,2023,2023-02-11,0.0,1,0,0,2,52,2
Junior H X Oscar Maydon,2023-02-11,2023,2023-02-18,0.0,1,0,0,2,86,2
Eladio Carrion & Bad Bunny,2023-04-01,2023,2023-04-08,0.0,1,0,0,2,87,2
Kanii,2023-04-15,2023,2023-04-22,0.0,1,0,0,2,90,2
"Kodak Black, NLE Choppa, Jimin, JVKE & Muni Long",2023-06-03,2023,2023-07-01,0.1,1,0,0,2,65,2
"Metro Boomin, Future & Lil Uzi Vert",2023-06-17,2023,2023-06-24,0.0,1,0,0,2,61,2
Metro Boomin & James Blake,2023-06-17,2023,2023-06-24,0.0,1,0,0,2,90,2
El Alfa x Peso Pluma,2023-06-24,2023,2023-07-01,0.0,1,0,0,2,68,2
Quavo & Future,2023-07-29,2023,2023-09-02,0.1,1,0,0,2,83,2
Travis Scott & Beyonce,2023-08-12,2023,2023-08-19,0.0,1,0,0,2,25,2
Carin Leon,2023-09-09,2023,2023-09-16,0.0,1,0,0,2,97,2
Rod Wave & Wet,2023-09-30,2023,2023-10-07,0.0,1,0,0,2,40,2
Bad Bunny & Mora,2023-10-28,2023,2023-11-04,0.0,1,0,0,2,24,2
Bad Bunny & Luar La L,2023-10-28,2023,2023-11-04,0.0,1,0,0,2,32,2
Bad Bunny & Bryant Myers,2023-10-28,2023,2023-11-04,0.0,1,0,0,2,38,2
"The Weeknd, JENNIE & Lily Rose Depp",2023-12-30,2023,2024-05-18,0.4,1,0,0,2,51,20
"Peso Pluma, Junior H & Oscar Maydon",2024-01-13,2024,2024-01-20,0.0,1,0,0,2,81,2
Fridayy,2024-01-20,2024,2024-02-03,0.0,1,0,0,2,97,2
"Tee Grizzley, Mariah The Scientist & Chris Brown",2024-01-20,2024,2024-02-03,0.0,1,0,0,2,98,2
"21 Savage, Young Thug & Metro Boomin",2024-01-27,2024,2024-02-03,0.0,1,0,0,2,31,2
"21 Savage, Lil Durk & Metro Boomin",2024-01-27,2024,2024-02-03,0.0,1,0,0,2,35,2
"21 Savage, Tommy Newport & Mikky Ekko",2024-01-27,2024,2024-02-03,0.0,1,0,0,2,57,2
Conner Smith,2024-02-10,2024,2024-03-16,0.1,1,0,0,2,89,2
"Future, Metro Boomin & Rick Ross",2024-04-06,2024,2024-04-13,0.0,1,0,0,2,38,2
"Peso Pluma, Tito Double P & Joel de La P",2024-04-06,2024,2024-04-13,0.0,1,0,0,2,69,2
Beyonce & Post Malone,2024-04-13,2024,2024-04-20,0.0,1,0,0,2,16,2
"Beyonce, Tanner Adell, Brittney Spencer, Tiera Kennedy & Reyna Roberts",2024-04-13,2024,2024-04-20,0.0,1,0,0,2,27,2
Beyonce & Dolly Parton,2024-04-13,2024,2024-04-20,0.0,1,0,0,2,44,2
Myke Towers & Bad Bunny,2024-05-11,2024,2024-05-18,0.0,1,0,0,2,63,2
Zach Bryan & Noeline Hofmann,2024-06-22,2024,2024-07-20,0.1,1,0,0,2,69,2
Lil Yachty & ian,2024-08-10,2024,2024-08-17,0.0,1,0,0,2,68,2
Richy Mitch And The Coal Miners,2024-08-24,2024,2024-08-31,0.0,1,0,0,2,83,2
Megan Thee Stallion & RM,2024-09-21,2024,2024-09-28,0.0,1,0,0,2,36,2
Jennie,2024-10-26,2024,2024-11-02,0.0,1,0,0,2,98,2
Juice WRLD & Nicki Minaj,2024-11-30,2024,2024-12-14,0.0,1,0,0,2,68,2
Jonathan Bailey,2024-12-07,2024,2024-12-14,0.0,1,0,0,2,86,2
Stromae & Pomme,2024-12-07,2024,2024-12-14,0.0,1,0,0,2,69,2
Lil Baby & 21 Savage,2025-01-18,2025,2025-01-25,0.0,1,0,0,2,50,2
Central Cee,2025-02-01,2025,2025-02-08,0.0,1,0,0,2,81,2
Gabito Ballesteros & Tito Double P,2025-02-15,2025,2025-03-15,0.1,1,0,0,2,84,2
"Pimmie, PARTYNEXTDOOR & Drake",2025-03-01,2025,2025-03-08,0.0,1,0,0,2,45,2
Tate McRae Featauring The Kid LAROI,2025-03-08,2025,2025-03-15,0.0,1,0,0,2,43,2
JENNIE & Doechii,2025-03-08,2025,2025-03-22,0.0,1,0,0,2,75,2
Playboi Carti & Kendrick Lamar,2025-03-29,2025,2025-04-05,0.0,1,0,0,2,17,2
Playboi Carti & Skepta,2025-03-29,2025,2025-04-05,0.0,1,0,0,2,34,2
Playboi Carti & Lil Uzi Vert,2025-03-29,2025,2025-03-29,0.0,2,0,0,2,53,1
Selena Gomez & benny blanco,2025-04-05,2025,2025-04-05,0.0,2,0,0,2,71,1
Chuckyy,2025-05-10,2025,2025-05-17,0.0,1,0,0,2,79,2
Lil Wayne & BigXthaPlug,2025-06-21,2025,2025-06-28,0.0,1,0,0,2,36,2
j-hope & GloRilla,2025-06-28,2025,2025-07-05,0.0,1,0,0,2,40,2
ATEEZ,2025-06-28,2025,2025-07-26,0.1,2,0,0,2,68,1
Saja Boys,2025-07-12,2025,2025-07-12,0.0,2,0,0,2,31,1
Alex Warren & ROSE,2025-07-12,2025,2025-07-19,0.0,1,0,0,2,60,2
Travis Scott & Don Toliver,2025-07-26,2025,2025-08-02,0.0,1,0,0,2,53,2
BigXthaPlug & Ella Langley,2025-08-23,2025,2025-08-30,0.0,1,0,0,2,49,2
Offset & Gunna,2025-09-06,2025,2025-09-13,0.0,1,0,0,2,73,2
"PARTYNEXTDOOR, Drake & Cash Cobain",2025-09-20,2025,2025-09-27,0.0,1,0,0,2,27,2
Josiah Queen,2025-11-01,2025,2026-01-17,0.2,1,0,0,2,92,2
Le Sserafim & J-Hope,2025-11-08,2025,2025-11-15,0.0,1,0,0,2,50,2
Cynthia Erivo & Ariana Grande,2025-12-06,2025,2025-12-13,0.0,1,0,0,2,43,2
The Kid Laroi,2026-01-24,2026,2026-01-24,0.0,1,0,0,2,77,1
Pitbull X Lil Jon,2026-01-31,2026,2026-02-07,0.0,1,0,0,2,76,2
Jeff Buckley,2026-01-31,2026,2026-02-07,0.0,1,0,0,2,84,2
J. Cole & Future,2026-02-21,2026,2026-02-28,0.0,1,0,0,2,33,2
"J. Cole, Tems & Future",2026-02-21,2026,2026-02-28,0.0,1,0,0,2,34,2
Chris Rainbow,2026-04-18,2026,2026-05-02,0.0,1,0,0,2,92,2
Ella Langley & Miranda Lambert,2026-04-25,2026,2026-05-02,0.0,1,0,0,2,71,2
Drake & Sexyy Red,2026-05-30,2026,2026-06-06,0.0,1,0,0,2,41,2
Fat Papi,2026-08-01,2026,2026-08-08,0.0,1,0,0,2,88,2
ADELA,2026-08-15,2026,2026-08-22,0.0,1,0,0,2,84,2
Marshmello & Kelsea Ballerini,2026-08-15,2026,2026-08-22,0.0,1,0,0,2,89,2
Gino & Gina,1958-08-04,1958,1958-08-04,0.0,1,0,0,1,46,1
The Honeycones,1958-08-04,1958,1958-08-04,0.0,1,0,0,1,69,1
Frank Gallup,1958-08-04,1958,1958-08-04,0.0,1,0,0,1,71,1
The Daddy-O's,1958-08-04,1958,1958-08-04,0.0,1,0,0,1,85,1
Thurston Harris,1958-08-04,1958,1958-08-04,0.0,1,0,0,1,96,1
Frankie Vaughan,1958-08-04,1958,1958-08-04,0.0,1,0,0,1,100,1
The Chargers,1958-09-01,1958,1958-09-01,0.0,1,0,0,1,95,1
The Swallows,1958-09-22,1958,1958-09-22,0.0,1,0,0,1,100,1
Lee Allen And His Band,1958-09-29,1958,1958-09-29,0.0,1,0,0,1,92,1
Lord Rockingham's XI,1958-10-06,1958,1958-10-06,0.0,1,0,0,1,96,1
Mitch Miller and his Orchestra and Chorus,1958-10-13,1958,1958-10-13,0.0,1,0,0,1,94,1
Jodie Sands,1958-10-27,1958,1958-10-27,0.0,1,0,0,1,95,1
The Fontane Sisters,1958-11-10,1958,1958-11-10,0.0,1,0,0,1,94,1
Mike Preston,1958-12-01,1958,1958-12-01,0.0,1,0,0,1,93,1
The 5 Chanels,1958-12-22,1958,1958-12-22,0.0,1,0,0,1,98,1
Dean Reed,1959-03-02,1959,1959-03-02,0.0,1,0,0,1,96,1
The Quarter Notes,1959-03-23,1959,1959-03-23,0.0,1,0,0,1,82,1
Diane Maxwell,1959-03-23,1959,1959-03-23,0.0,1,0,0,1,95,1
Sammy Turner and The Twisters,1959-03-23,1959,1959-03-23,0.0,1,0,0,1,100,1
Scott Garrett,1959-03-30,1959,1959-03-30,0.0,1,0,0,1,92,1
Lee and Paul,1959-03-30,1959,1959-03-30,0.0,1,0,0,1,100,1
Ruby Wright,1959-05-04,1959,1959-05-04,0.0,1,0,0,1,99,1
Leslie Uggams,1959-09-14,1959,1959-09-14,0.0,1,0,0,1,98,1
Crash Craddock,1959-11-09,1959,1959-11-09,0.0,1,0,0,1,94,1
Billy Walker,1960-02-15,1960,1960-02-15,0.0,1,0,0,1,83,1
100 Strings and Jono (Choir of 40 Voices),1960-03-28,1960,1960-03-28,0.0,1,0,0,1,98,1
Gary Cane And His Friends,1960-06-06,1960,1960-06-06,0.0,1,0,0,1,99,1
Hank Thompson,1960-07-25,1960,1960-07-25,0.0,1,0,0,1,99,1
Bobby Peterson,1960-10-31,1960,1960-10-31,0.0,1,0,0,1,96,1
Mantovani & His Orchestra,1960-11-07,1960,1960-11-07,0.0,1,0,0,1,93,1
The Heartbeats,1960-11-07,1960,1960-11-07,0.0,1,0,0,1,96,1
Mello-Kings,1961-01-23,1961,1961-01-23,0.0,1,0,0,1,95,1
Ernestine Anderson,1961-02-27,1961,1961-02-27,0.0,1,0,0,1,98,1
Charlie Mccoy,1961-02-27,1961,1961-02-27,0.0,1,0,0,1,99,1
Dick Lee,1961-03-13,1961,1961-03-13,0.0,1,0,0,1,94,1
The Texans,1961-03-27,1961,1961-03-27,0.0,1,0,0,1,100,1
Oscar Black,1961-04-24,1961,1961-04-24,0.0,1,0,0,1,94,1
Mina,1961-05-08,1961,1961-05-08,0.0,1,0,0,1,90,1
Pat Zill,1961-05-22,1961,1961-05-22,0.0,1,0,0,1,91,1
The Excels,1961-06-05,1961,1961-06-05,0.0,1,0,0,1,100,1
Richard Hayman And His Orchestra,1961-09-18,1961,1961-09-18,0.0,1,0,0,1,80,1
Tina Robin,1961-09-18,1961,1961-09-18,0.0,1,0,0,1,95,1
Hank Levine And Orchestra,1961-10-09,1961,1961-10-09,0.0,1,0,0,1,98,1
Helen Shapiro,1961-12-04,1961,1961-12-04,0.0,1,0,0,1,100,1
Jimmie Beaumont,1961-12-25,1961,1961-12-25,0.0,1,0,0,1,100,1
The Jack Halloran Singers,1962-01-06,1962,1962-01-06,0.0,1,0,0,1,96,1
Tico And The Triumphs,1962-01-06,1962,1962-01-06,0.0,1,0,0,1,99,1
Don Shirley,1962-01-06,1962,1962-01-06,0.0,1,0,0,1,100,1
Marlowe Morris Quintet,1962-03-31,1962,1962-03-31,0.0,1,0,0,1,95,1
Ray And Bob,1962-06-23,1962,1962-06-23,0.0,1,0,0,1,99,1
The Castle Sisters,1962-07-21,1962,1962-07-21,0.0,1,0,0,1,100,1
Carroll Bros.,1962-08-18,1962,1962-08-18,0.0,1,0,0,1,100,1
Dave York and The Beachcombers,1962-08-25,1962,1962-08-25,0.0,1,0,0,1,95,1
The Victor Feldman Quartet,1962-09-01,1962,1962-09-01,0.0,1,0,0,1,88,1
Ann Cole,1962-11-24,1962,1962-11-24,0.0,1,0,0,1,99,1
Lawrence Welk,1962-12-08,1962,1962-12-08,0.0,1,0,0,1,98,1
Pete Antell,1962-12-08,1962,1962-12-08,0.0,1,0,0,1,100,1
Mahalia Jackson,1962-12-29,1962,1962-12-29,0.0,1,0,0,1,99,1
"""Pookie"" Hudson",1963-05-25,1963,1963-05-25,0.0,1,0,0,1,96,1
Percy Mayfield,1963-06-01,1963,1963-06-01,0.0,1,0,0,1,99,1
Mongo Santamaria Orch.,1963-06-22,1963,1963-06-22,0.0,1,0,0,1,92,1
The Astronauts,1963-07-27,1963,1963-07-27,0.0,1,0,0,1,94,1
Johnny Caswell,1963-08-03,1963,1963-08-03,0.0,1,0,0,1,97,1
Tammy Montgomery,1963-08-17,1963,1963-08-17,0.0,1,0,0,1,99,1
Morty Jay And The Surferin' Cats,1963-11-09,1963,1963-11-09,0.0,1,0,0,1,93,1
The Charmettes,1963-11-23,1963,1963-11-23,0.0,1,0,0,1,100,1
The Allisons,1963-12-14,1963,1963-12-14,0.0,1,0,0,1,93,1
Lenny O'Henry,1964-05-30,1964,1964-05-30,0.0,1,0,0,1,98,1
Clarence Ashe,1964-06-06,1964,1964-06-06,0.0,1,0,0,1,99,1
The Soul Sisters,1964-06-13,1964,1964-06-13,0.0,1,0,0,1,98,1
Die Beatles,1964-06-27,1964,1964-06-27,0.0,1,0,0,1,97,1
The Hollyridge Strings,1964-07-04,1964,1964-07-04,0.0,1,0,0,1,93,1
The Ska Kings,1964-07-11,1964,1964-07-11,0.0,1,0,0,1,98,1
Bobby Shafto,1964-07-18,1964,1964-07-18,0.0,1,0,0,1,99,1
Cliff Richard And The Shadows,1964-08-01,1964,1964-08-01,0.0,1,0,0,1,99,1
The Spats,1964-09-26,1964,1964-09-26,0.0,1,0,0,1,96,1
Jimmy Witherspoon,1965-03-06,1965,1965-03-06,0.0,1,0,0,1,98,1
George & Gene,1965-04-17,1965,1965-04-17,0.0,1,0,0,1,99,1
Del Reeves,1965-06-26,1965,1965-06-26,0.0,1,0,0,1,96,1
The Ron-Dels,1965-07-24,1965,1965-07-24,0.0,1,0,0,1,97,1
Chris Andrews,1966-01-01,1966,1966-01-01,0.0,1,0,0,1,94,1
Jackie Wilson And LaVern Baker,1966-01-15,1966,1966-01-15,0.0,1,0,0,1,93,1
Andre Williams & His Orch.,1966-01-29,1966,1966-01-29,0.0,1,0,0,1,94,1
The Monitors,1966-04-16,1966,1966-04-16,0.0,1,0,0,1,100,1
The Shindogs,1966-09-03,1966,1966-09-03,0.0,1,0,0,1,91,1
The Vontastics,1966-09-03,1966,1966-09-03,0.0,1,0,0,1,100,1
Richard And The Young Lions,1966-09-24,1966,1966-09-24,0.0,1,0,0,1,99,1
The Trolls,1966-10-22,1966,1966-10-22,0.0,1,0,0,1,96,1
The Magic Mushrooms,1966-11-12,1966,1966-11-12,0.0,1,0,0,1,93,1
Liverpool Five,1966-12-24,1966,1966-12-24,0.0,1,0,0,1,98,1
Senator Bobby & Senator McKinley,1967-03-11,1967,1967-03-11,0.0,1,0,0,1,99,1
Vicki Anderson & James Brown,1967-04-08,1967,1967-04-08,0.0,1,0,0,1,100,1
Johnny Thunder & Ruby Winters,1967-04-15,1967,1967-04-15,0.0,1,0,0,1,96,1
Soul Brothers Six,1967-06-24,1967,1967-06-24,0.0,1,0,0,1,91,1
Jean & The Darlings,1967-08-26,1967,1967-08-26,0.0,1,0,0,1,96,1
Jesse James,1967-10-21,1967,1967-10-21,0.0,1,0,0,1,92,1
Grapefruit,1968-03-02,1968,1968-03-02,0.0,1,0,0,1,98,1
Rejoice!,1968-10-26,1968,1968-10-26,0.0,1,0,0,1,96,1
Frankie Karl & The Dreams,1968-12-14,1968,1968-12-14,0.0,1,0,0,1,93,1
Nick DeCaro,1969-01-11,1969,1969-01-11,0.0,1,0,0,1,95,1
The Banana Splits,1969-02-08,1969,1969-02-08,0.0,1,0,0,1,96,1
Earth Opera,1969-04-26,1969,1969-04-26,0.0,1,0,0,1,97,1
Buddy Miles Express,1969-08-23,1969,1969-08-23,0.0,1,0,0,1,100,1
A.B. Skhy,1969-12-06,1969,1969-12-06,0.0,1,0,0,1,100,1
Rozetta Johnson,1970-12-12,1970,1970-12-12,0.0,1,0,0,1,94,1
The Osmond Brothers,1971-03-13,1971,1971-03-13,0.0,1,0,0,1,96,1
The Kimberlys,1971-03-20,1971,1971-03-20,0.0,1,0,0,1,99,1
David Crosby,1971-05-01,1971,1971-05-01,0.0,1,0,0,1,95,1
Jimmy Beaumont And The Skyliners,1975-03-22,1975,1975-03-22,0.0,1,0,0,1,100,1
The 21st Century,1975-05-31,1975,1975-05-31,0.0,1,0,0,1,100,1
Canyon,1975-07-05,1975,1975-07-05,0.0,1,0,0,1,98,1
Banzaii,1975-10-11,1975,1975-10-11,0.0,1,0,0,1,98,1
Moonlion,1976-01-10,1976,1976-01-10,0.0,1,0,0,1,95,1
Billy Lemmons,1977-03-26,1977,1977-03-26,0.0,1,0,0,1,93,1
Colin James Hay,1987-03-07,1987,1987-03-07,0.0,1,0,0,1,99,1
Siedah Garrett,1988-07-16,1988,1988-07-16,0.0,1,0,0,1,97,1
1927,1989-08-26,1989,1989-08-26,0.0,1,0,0,1,100,1
Utah Saints,1992-11-21,1992,1992-11-21,0.0,1,0,0,1,98,1
The Tractors,1995-01-07,1995,1995-01-07,0.0,1,0,0,1,91,1
"Tag Team, Mickey, Minnie, And Goofy",1995-01-14,1995,1995-01-14,0.0,1,0,0,1,97,1
Super Cat,1995-10-07,1995,1995-10-07,0.0,1,0,0,1,99,1
Elmo & Patsy,1998-01-10,1998,1998-01-10,0.0,1,0,0,1,87,1
Reel Tight,1998-11-28,1998,1998-11-28,0.0,1,0,0,1,80,1
Terry Dexter,1999-08-21,1999,1999-08-21,0.0,1,0,0,1,99,1
Fragma,2000-10-28,2000,2000-10-28,0.0,1,0,0,1,99,1
Leslie Carter,2001-04-28,2001,2001-04-28,0.0,1,0,0,1,99,1
Ric-A-Che,2004-06-26,2004,2004-06-26,0.0,1,0,0,1,97,1
The Postal Service,2005-02-26,2005,2005-02-26,0.0,1,0,0,1,82,1
Squeak E. Clean,2005-04-30,2005,2005-04-30,0.0,1,0,0,1,85,1
The Bravery,2005-07-09,2005,2005-07-09,0.0,1,0,0,1,97,1
John Mayer Trio,2005-10-01,2005,2005-10-01,0.0,1,0,0,1,92,1
Tommy Lee,2005-10-01,2005,2005-10-01,0.0,1,0,0,1,95,1
The Strokes,2005-10-22,2005,2005-10-22,0.0,1,0,0,1,98,1
Trick-Trick,2005-12-17,2005,2005-12-17,0.0,1,0,0,1,100,1
Cristian Castro,2005-12-24,2005,2005-12-24,0.0,1,0,0,1,78,1
Andrew Seeley & Vanessa Anne Hudgens,2006-02-11,2006,2006-02-11,0.0,1,0,0,1,67,1
Vanessa Anne Hudgens,2006-02-11,2006,2006-02-11,0.0,1,0,0,1,72,1
Michael Stipe,2006-02-25,2006,2006-02-25,0.0,1,0,0,1,69,1
Bird York,2006-03-25,2006,2006-03-25,0.0,1,0,0,1,64,1
Mary J. Blige And U2,2006-06-17,2006,2006-06-17,0.0,1,0,0,1,86,1
Brown Boy,2006-10-07,2006,2006-10-07,0.0,1,0,0,1,99,1
Tenacious D,2006-11-04,2006,2006-11-04,0.0,1,0,0,1,78,1
Toby Love,2006-11-18,2006,2006-11-18,0.0,1,0,0,1,100,1
Alejandro Sanz,2006-11-25,2006,2006-11-25,0.0,1,0,0,1,100,1
(+44),2006-12-02,2006,2006-12-02,0.0,1,0,0,1,89,1
The Shins,2007-02-10,2007,2007-02-10,0.0,1,0,0,1,86,1
The Naked Brothers Band,2007-02-17,2007,2007-02-17,0.0,1,0,0,1,83,1
AnnaSophia Robb,2007-03-10,2007,2007-03-10,0.0,1,0,0,1,90,1
Joss Stone,2007-04-07,2007,2007-04-07,0.0,1,0,0,1,83,1
Brandi Carlile,2007-04-28,2007,2007-04-28,0.0,1,0,0,1,75,1
Ashley Tisdale & Lucas Grabeel,2007-09-08,2007,2007-09-08,0.0,1,0,0,1,76,1
Serj Tankian,2007-11-10,2007,2007-11-10,0.0,1,0,0,1,97,1
Celine Dion & Josh Groban,2008-03-01,2008,2008-03-01,0.0,1,0,0,1,70,1
American Idol Top 8,2008-04-26,2008,2008-04-26,0.0,1,0,0,1,43,1
Meryl Streep,2008-08-09,2008,2008-08-09,0.0,1,0,0,1,99,1
Melissa Lawson,2008-08-23,2008,2008-08-23,0.0,1,0,0,1,79,1
Ray LaMontagne,2008-11-01,2008,2008-11-01,0.0,1,0,0,1,90,1
Ludacris Co-Starring Lil Wayne,2008-12-13,2008,2008-12-13,0.0,1,0,0,1,65,1
Spectacular! Cast,2009-03-07,2009,2009-03-07,0.0,1,0,0,1,95,1
Brooke White,2009-03-14,2009,2009-03-14,0.0,1,0,0,1,47,1
M.I.A. & A R Rahman,2009-03-14,2009,2009-03-14,0.0,1,0,0,1,93,1
Silversun Pickups,2009-05-02,2009,2009-05-02,0.0,1,0,0,1,92,1
Selena Gomez & Demi Lovato,2009-07-18,2009,2009-07-18,0.0,1,0,0,1,82,1
Skillet,2009-09-12,2009,2009-09-12,0.0,1,0,0,1,100,1
Wonder Girls,2009-10-31,2009,2009-10-31,0.0,1,0,0,1,76,1
Anya Marina,2009-11-28,2009,2009-11-28,0.0,1,0,0,1,88,1
Francesca Battistelli,2009-12-12,2009,2009-12-12,0.0,1,0,0,1,95,1
"Sheryl Crow, Kid Rock & Keith Urban",2010-02-13,2010,2010-02-13,0.0,1,0,0,1,47,1
Eddie Vedder,2010-02-13,2010,2010-02-13,0.0,1,0,0,1,92,1
Mary J. Blige & Andrea Bocelli,2010-02-20,2010,2010-02-20,0.0,1,0,0,1,75,1
Shiny Toy Guns,2010-02-20,2010,2010-02-20,0.0,1,0,0,1,97,1
Christopher Wilde & Anna Margaret,2010-03-06,2010,2010-03-06,0.0,1,0,0,1,81,1
Danny Gokey,2010-03-20,2010,2010-03-20,0.0,1,0,0,1,82,1
Sam Adams,2010-03-27,2010,2010-03-27,0.0,1,0,0,1,90,1
Alpha Rev,2010-05-15,2010,2010-05-15,0.0,1,0,0,1,100,1
Crystal Bowersox,2010-06-12,2010,2010-06-12,0.0,1,0,0,1,57,1
Will Young,2010-06-12,2010,2010-06-12,0.0,1,0,0,1,81,1
Soundgarden,2010-09-04,2010,2010-09-04,0.0,1,0,0,1,96,1
A Rocket To The Moon,2010-10-23,2010,2010-10-23,0.0,1,0,0,1,91,1
ROCKMAFIA,2010-11-20,2010,2010-11-20,0.0,1,0,0,1,98,1
Rise Against,2011-02-12,2011,2011-02-12,0.0,1,0,0,1,89,1
Chris Medina,2011-03-19,2011,2011-03-19,0.0,1,0,0,1,83,1
Sara Ramirez,2011-04-16,2011,2011-04-16,0.0,1,0,0,1,69,1
Duck Sauce,2011-05-14,2011,2011-05-14,0.0,1,0,0,1,89,1
Ashton Shepherd,2011-06-04,2011,2011-06-04,0.0,1,0,0,1,95,1
Reeve Carney,2011-06-11,2011,2011-06-11,0.0,1,0,0,1,74,1
Rej3ctz,2011-06-18,2011,2011-06-18,0.0,1,0,0,1,97,1
Casey Weston,2011-07-02,2011,2011-07-02,0.0,1,0,0,1,90,1
Adam Levine & Javier Colon,2011-07-16,2011,2011-07-16,0.0,1,0,0,1,45,1
Blake Shelton & Dia Frampton,2011-07-16,2011,2011-07-16,0.0,1,0,0,1,57,1
Christina Aguilera & Beverly McClellan,2011-07-16,2011,2011-07-16,0.0,1,0,0,1,74,1
Tony Bennett & Amy Winehouse,2011-10-01,2011,2011-10-01,0.0,1,0,0,1,87,1
Kaskade,2011-11-12,2011,2011-11-12,0.0,1,0,0,1,94,1
Lindsey Pavao,2012-02-25,2012,2012-02-25,0.0,1,0,0,1,80,1
deadmau5,2012-03-03,2012,2012-03-03,0.0,1,0,0,1,100,1
Dev & Enrique Iglesias,2012-04-14,2012,2012-04-14,0.0,1,0,0,1,99,1
Tony Lucca,2012-05-26,2012,2012-05-26,0.0,1,0,0,1,58,1
Adam Levine & Tony Lucca,2012-05-26,2012,2012-05-26,0.0,1,0,0,1,68,1
Jermaine Paul,2012-05-26,2012,2012-05-26,0.0,1,0,0,1,83,1
Christina Aguilera & Chris Mann,2012-05-26,2012,2012-05-26,0.0,1,0,0,1,85,1
Pusha T Kanye West,2012-08-11,2012,2012-08-11,0.0,1,0,0,1,89,1
Slaughterhouse,2012-09-08,2012,2012-09-08,0.0,1,0,0,1,98,1
Sam Palladio & Clare Bowen,2012-11-10,2012,2012-11-10,0.0,1,0,0,1,92,1
Grace Potter & The Nocturnals,2012-12-08,2012,2012-12-08,0.0,1,0,0,1,95,1
Amanda Brown,2012-12-08,2012,2012-12-08,0.0,1,0,0,1,97,1
Nicholas David,2012-12-22,2012,2012-12-22,0.0,1,0,0,1,96,1
Samantha Barks,2013-01-19,2013,2013-01-19,0.0,1,0,0,1,97,1
Arianna,2013-05-18,2013,2013-05-18,0.0,1,0,0,1,97,1
Candice Glover,2013-06-01,2013,2013-06-01,0.0,1,0,0,1,93,1
Amber Carrington,2013-06-29,2013,2013-06-29,0.0,1,0,0,1,92,1
Usher & Michelle Chamuel,2013-07-06,2013,2013-07-06,0.0,1,0,0,1,98,1
Green Shoe Studio,2013-09-14,2013,2013-09-14,0.0,1,0,0,1,42,1
Arcade Fire,2013-09-28,2013,2013-09-28,0.0,1,0,0,1,99,1
Linkin Park X Steve Aoki,2013-10-05,2013,2013-10-05,0.0,1,0,0,1,65,1
Armin van Buuren,2013-10-05,2013,2013-10-05,0.0,1,0,0,1,96,1
Alison Gold,2013-11-02,2013,2013-11-02,0.0,1,0,0,1,29,1
Tyga & Justin Bieber,2013-11-09,2013,2013-11-09,0.0,1,0,0,1,68,1
James Wolpert,2013-11-23,2013,2013-11-23,0.0,1,0,0,1,72,1
Will Champlin,2013-12-14,2013,2013-12-14,0.0,1,0,0,1,83,1
Rebecca Black & Dave Days,2013-12-28,2013,2013-12-28,0.0,1,0,0,1,55,1
Lea Michele,2013-12-28,2013,2013-12-28,0.0,1,0,0,1,75,1
Jacquie Lee,2013-12-28,2013,2013-12-28,0.0,1,0,0,1,87,1
Tessanne Chin & Adam Levine,2014-01-04,2014,2014-01-04,0.0,1,0,0,1,76,1
Lucy Hale,2014-01-25,2014,2014-01-25,0.0,1,0,0,1,88,1
Buck 22,2014-03-01,2014,2014-03-01,0.0,1,0,0,1,80,1
Soko,2014-03-29,2014,2014-03-29,0.0,1,1,0,1,9,1
Katy Tiz,2014-05-17,2014,2014-05-17,0.0,1,0,0,1,100,1
Jake Worthington,2014-05-31,2014,2014-05-31,0.0,1,0,0,1,98,1
Christina Grimmie & Adam Levine,2014-06-07,2014,2014-06-07,0.0,1,0,0,1,66,1
Jack & Jack,2014-08-23,2014,2014-08-23,0.0,1,0,0,1,87,1
alt-J,2014-10-11,2014,2014-10-11,0.0,1,0,0,1,99,1
Band Aid 30,2014-12-06,2014,2014-12-06,0.0,1,0,0,1,63,1
Taylor John Williams,2014-12-20,2014,2014-12-20,0.0,1,0,0,1,100,1
The White Buffalo & The Forest Rangers,2014-12-27,2014,2014-12-27,0.0,1,0,0,1,93,1
Chris Jamison & Adam Levine,2015-01-03,2015,2015-01-03,0.0,1,0,0,1,63,1
Damien,2015-01-03,2015,2015-01-03,0.0,1,0,0,1,74,1
Matt McAndrew & Adam Levine,2015-01-03,2015,2015-01-03,0.0,1,0,0,1,83,1
Sophia Grace,2015-01-24,2015,2015-01-24,0.0,1,0,0,1,87,1
I Prevail,2015-01-24,2015,2015-01-24,0.0,1,0,0,1,90,1
A-Trak + Milo & Otis,2015-02-21,2015,2015-02-21,0.0,1,0,0,1,98,1
Cashmere Cat,2015-03-21,2015,2015-03-21,0.0,1,0,0,1,93,1
Action Bronson,2015-04-11,2015,2015-04-11,0.0,1,0,0,1,91,1
Who Is Fancy,2015-04-25,2015,2015-04-25,0.0,1,0,0,1,98,1
Kimberly Nichole,2015-05-02,2015,2015-05-02,0.0,1,0,0,1,100,1
Koryn Hawthorne,2015-05-09,2015,2015-05-09,0.0,1,0,0,1,84,1
Nick Fradiani,2015-05-30,2015,2015-05-30,0.0,1,0,0,1,93,1
Meghan Linsey,2015-06-06,2015,2015-06-06,0.0,1,0,0,1,92,1
How I Became The Bomb,2015-06-20,2015,2015-06-20,0.0,1,0,0,1,58,1
Travi$ Scott,2015-06-27,2015,2015-06-27,0.0,1,0,0,1,82,1
Bea Miller,2015-08-15,2015,2015-08-15,0.0,1,0,0,1,78,1
Barrett Baber,2015-12-19,2015,2015-12-19,0.0,1,0,0,1,92,1
Madi Davis,2015-12-19,2015,2015-12-19,0.0,1,0,0,1,98,1
Emily Ann Roberts,2016-01-02,2016,2016-01-02,0.0,1,0,0,1,56,1
Jordan Smith & Adam Levine,2016-01-02,2016,2016-01-02,0.0,1,0,0,1,90,1
Lindsey Stirling,2016-01-09,2016,2016-01-09,0.0,1,0,0,1,81,1
Curren$Y,2016-02-13,2016,2016-02-13,0.0,1,0,0,1,97,1
Zedd & Kesha,2016-05-21,2016,2016-05-21,0.0,1,0,0,1,74,1
Hannah Huston,2016-06-11,2016,2016-06-11,0.0,1,0,0,1,94,1
Alisan Porter,2016-06-11,2016,2016-06-11,0.0,1,0,0,1,100,1
Mike WiLL Made-It x Rihanna,2016-06-25,2016,2016-06-25,0.0,1,0,0,1,75,1
Broadway For Orlando,2016-07-09,2016,2016-07-09,0.0,1,0,0,1,86,1
Jennifer Lopez & Lin-Manuel Miranda,2016-07-30,2016,2016-07-30,0.0,1,0,0,1,72,1
Carlos Vives & Shakira,2016-07-30,2016,2016-07-30,0.0,1,0,0,1,95,1
Gucci Mane & Drake,2016-08-13,2016,2016-08-13,0.0,1,0,0,1,81,1
CL,2016-10-22,2016,2016-10-22,0.0,1,0,0,1,94,1
Leonard Cohen,2016-12-03,2016,2016-12-03,0.0,1,0,0,1,59,1
Olivia O'Brien,2017-01-14,2017,2017-01-14,0.0,1,0,0,1,99,1
Ariana Grande & John Legend,2017-02-25,2017,2017-02-25,0.0,1,0,0,1,87,1
Nick Jonas & Nicki Minaj,2017-03-04,2017,2017-03-04,0.0,1,0,0,1,54,1
Gucci Mane & Nicki Minaj,2017-03-18,2017,2017-03-18,0.0,1,0,0,1,78,1
Nicki Minaj & Lil Wayne,2017-04-01,2017,2017-04-01,0.0,1,0,0,1,71,1
Kygo & Ellie Goulding,2017-05-20,2017,2017-05-20,0.0,1,0,0,1,67,1
Chris Blue,2017-06-10,2017,2017-06-10,0.0,1,0,0,1,66,1
Martin Garrix x Troye Sivan,2017-06-17,2017,2017-06-17,0.0,1,0,0,1,94,1
DJ Khaled & Calvin Harris,2017-07-15,2017,2017-07-15,0.0,1,0,0,1,68,1
Zedd & Liam Payne,2017-07-29,2017,2017-07-29,0.0,1,0,0,1,91,1
Jake Paul & Erika Costell,2017-08-05,2017,2017-08-05,0.0,1,0,0,1,86,1
"Sofia Carson, Cameron Boyce, Booboo Stewart & Mitchell Hope",2017-08-26,2017,2017-08-26,0.0,1,0,0,1,95,1
RiceGum,2017-09-09,2017,2017-09-09,0.0,1,0,0,1,80,1
Lin-Manuel Miranda,2017-10-28,2017,2017-10-28,0.0,1,0,0,1,20,1
Lil Peep,2017-12-09,2017,2017-12-09,0.0,1,0,0,1,79,1
Chloe Kohanski,2017-12-16,2017,2017-12-16,0.0,1,0,0,1,99,1
Migos & Marshmello,2017-12-30,2017,2017-12-30,0.0,1,0,0,1,82,1
Imagine Dragons + Khalid,2018-01-06,2018,2018-01-06,0.0,1,0,0,1,69,1
Janelle Monae,2018-03-10,2018,2018-03-10,0.0,1,0,0,1,99,1
Joyner Lucas & Chris Brown,2018-03-17,2018,2018-03-17,0.0,1,0,0,1,91,1
Lin-Manuel Miranda & Ben Platt,2018-03-31,2018,2018-03-31,0.0,1,0,0,1,49,1
Rae Sremmurd & Travis Scott,2018-05-05,2018,2018-05-05,0.0,1,0,0,1,98,1
Kris Wu,2018-06-02,2018,2018-06-02,0.0,1,0,0,1,73,1
Pharrell Williams x Camila Cabello,2018-06-02,2018,2018-06-02,0.0,1,0,0,1,83,1
Iggy Azalea Feauring Tyga,2018-07-21,2018,2018-07-21,0.0,1,0,0,1,96,1
Janet & Daddy Yankee,2018-09-01,2018,2018-09-01,0.0,1,0,0,1,88,1
Zedd & Elley Duhe,2018-09-08,2018,2018-09-08,0.0,1,0,0,1,90,1
Eminem & Jessie Reyez,2018-09-15,2018,2018-09-15,0.0,1,0,0,1,65,1
Bradley Cooper,2018-10-20,2018,2018-10-20,0.0,1,0,0,1,93,1
Dua Lipa & BLACKPINK,2018-11-03,2018,2018-11-03,0.0,1,0,0,1,93,1
Steve Aoki,2018-11-10,2018,2018-11-10,0.0,1,0,0,1,89,1
Hikaru Utada & Skrillex,2019-02-02,2019,2019-02-02,0.0,1,0,0,1,98,1
Zedd & Katy Perry,2019-03-02,2019,2019-03-02,0.0,1,0,0,1,86,1
Khalid x SAFE,2019-04-20,2019,2019-04-20,0.0,1,0,0,1,84,1
ScHoolboy Q + Travis Scott,2019-05-11,2019,2019-05-11,0.0,1,0,0,1,85,1
"Marshmello, Tyga & Chris Brown",2019-05-11,2019,2019-05-11,0.0,1,0,0,1,90,1
PnB Rock & XXXTENTACION,2019-05-18,2019,2019-05-18,0.0,1,0,0,1,91,1
"Beyonce, SAINt JHN & Wizkid",2019-08-03,2019,2019-08-03,0.0,1,0,0,1,76,1
"Beyonce, JAY-Z & Childish Gambino",2019-08-03,2019,2019-08-03,0.0,1,0,0,1,90,1
"Dove Cameron, Sofia Carson, Booboo Stewart, Cameron Boyce, Thomas Doherty, China Anne McClain & Dylan Playfair",2019-08-24,2019,2019-08-24,0.0,1,0,0,1,84,1
for KING & COUNTRY,2019-09-14,2019,2019-09-14,0.0,1,0,0,1,94,1
Luke Combs & Brooks & Dunn,2019-09-28,2019,2019-09-28,0.0,1,0,0,1,97,1
DaBaby & Nicki Minaj,2019-10-12,2019,2019-10-12,0.0,1,0,0,1,43,1
Fat Joe & Dre,2019-12-21,2019,2019-12-21,0.0,1,0,0,1,97,1
"JACKBOYS, Pop Smoke & Travis Scott",2020-01-11,2020,2020-01-11,0.0,1,0,0,1,69,1
Anuel AA,2020-02-22,2020,2020-02-22,0.0,1,0,0,1,83,1
"Migos, Young Thug & Travis Scott",2020-02-29,2020,2020-02-29,0.0,1,0,0,1,48,1
Lil Baby & Moneybagg Yo,2020-03-14,2020,2020-03-14,0.0,1,0,0,1,58,1
Bad Bunny & Yaviah,2020-03-14,2020,2020-03-14,0.0,1,0,0,1,89,1
Bad Bunny X Anuel AA,2020-03-14,2020,2020-03-14,0.0,1,0,0,1,97,1
Kelsea Ballerini x Halsey,2020-04-04,2020,2020-04-04,0.0,1,0,0,1,95,1
Rosalia & Travis Scott,2020-06-13,2020,2020-06-13,0.0,1,0,0,1,66,1
Lil Yachty & Tierra Whack,2020-06-13,2020,2020-06-13,0.0,1,0,0,1,83,1
Anuel AA & Bad Bunny,2020-06-13,2020,2020-06-13,0.0,1,0,0,1,86,1
Kygo & OneRepublic,2020-06-13,2020,2020-06-13,0.0,1,0,0,1,88,1
Kid Cudi & Eminem,2020-07-25,2020,2020-07-25,0.0,1,0,0,1,22,1
Summer Walker & PARTYNEXTDOOR,2020-07-25,2020,2020-07-25,0.0,1,0,0,1,86,1
DaBaby x Stunna 4 Vegas,2020-08-15,2020,2020-08-15,0.0,1,0,0,1,92,1
Andrew Jannakos,2020-09-26,2020,2020-09-26,0.0,1,0,0,1,65,1
Lil Tecca & Lil Uzi Vert,2020-10-03,2020,2020-10-03,0.0,1,0,0,1,80,1
Lil Tecca & Polo G,2020-10-03,2020,2020-10-03,0.0,1,0,0,1,90,1
Why Don't We,2020-10-17,2020,2020-10-17,0.0,1,0,0,1,37,1
Clairo,2020-10-24,2020,2020-10-24,0.0,1,0,0,1,98,1
Larray,2020-10-31,2020,2020-10-31,0.0,1,0,0,1,81,1
Joel Corry X MNEK,2020-11-07,2020,2020-11-07,0.0,1,0,0,1,99,1
DJ Chose,2020-11-14,2020,2020-11-14,0.0,1,0,0,1,98,1
"Mike WiLL Made-It, Nicki Minaj & YoungBoy Never Broke Again",2020-11-21,2020,2020-11-21,0.0,1,0,0,1,35,1
Phoebe & Maggie,2020-11-28,2020,2020-11-28,0.0,1,0,0,1,57,1
Juice WRLD x benny blanco,2020-12-19,2020,2020-12-19,0.0,1,0,0,1,72,1
"Kid Cudi, Skepta & Pop Smoke",2020-12-26,2020,2020-12-26,0.0,1,0,0,1,54,1
Ant Clemons,2021-01-30,2021,2021-01-30,0.0,1,0,0,1,94,1
Billie Eilish & ROSALIA,2021-02-06,2021,2021-02-06,0.0,1,0,0,1,62,1
Anuel AA & Ozuna,2021-02-06,2021,2021-02-06,0.0,1,0,0,1,100,1
Nipsey Hussle & JAY-Z,2021-02-27,2021,2021-02-27,0.0,1,0,0,1,51,1
"Juice WRLD, Clever & Post Malone",2021-03-20,2021,2021-03-20,0.0,1,0,0,1,97,1
Machine Gun Kelly & CORPSE,2021-03-27,2021,2021-03-27,0.0,1,0,0,1,88,1
Baby Keem & Travis Scott,2021-05-15,2021,2021-05-15,0.0,1,0,0,1,85,1
"Internet Money, Don Toliver & Lil Uzi Vert",2021-05-29,2021,2021-05-29,0.0,1,0,0,1,67,1
Nicki Minaj & Skillibeng,2021-05-29,2021,2021-05-29,0.0,1,0,0,1,100,1
"Lil Baby, Lil Durk & Rod Wave",2021-06-19,2021,2021-06-19,0.0,1,0,0,1,68,1
"Lil Baby, Lil Durk & Young Thug",2021-06-19,2021,2021-06-19,0.0,1,0,0,1,80,1
Migos & Cardi B,2021-06-26,2021,2021-06-26,0.0,1,0,0,1,71,1
Big Red Machine,2021-07-17,2021,2021-07-17,0.0,1,0,0,1,73,1
Bas,2021-07-24,2021,2021-07-24,0.0,1,0,0,1,78,1
"Mora, Bad Bunny & Sech",2021-07-24,2021,2021-07-24,0.0,1,0,0,1,89,1
"Belly, The Weeknd & Young Thug",2021-08-07,2021,2021-08-07,0.0,1,0,0,1,88,1
Isaiah Rashad,2021-08-14,2021,2021-08-14,0.0,1,0,0,1,99,1
KSI x Lil Wayne,2021-08-21,2021,2021-08-21,0.0,1,0,0,1,86,1
Nessa Barrett,2021-08-21,2021,2021-08-21,0.0,1,0,0,1,88,1
T-Pain & Kehlani,2021-08-28,2021,2021-08-28,0.0,1,0,0,1,97,1
"Skrillex, Justin Bieber & Don Toliver",2021-09-04,2021,2021-09-04,0.0,1,0,0,1,69,1
"Skylar Grey, Polo G, Mozzy & Eminem",2021-10-16,2021,2021-10-16,0.0,1,0,0,1,78,1
Coldplay X Selena Gomez,2021-10-30,2021,2021-10-30,0.0,1,0,0,1,91,1
"Lil Tjay, Fivio Foreign & Kay Flock",2021-11-06,2021,2021-11-06,0.0,1,0,0,1,61,1
Summer Walker & Cardi B,2021-11-20,2021,2021-11-20,0.0,1,0,0,1,25,1
Summer Walker & Ari Lennox,2021-11-20,2021,2021-11-20,0.0,1,0,0,1,48,1
Summer Walker & Omarion,2021-11-20,2021,2021-11-20,0.0,1,0,0,1,73,1
"Summer Walker, Pharrell Williams & The Neptunes",2021-11-20,2021,2021-11-20,0.0,1,0,0,1,77,1
State Of Mine & Drew Jacobs,2021-12-04,2021,2021-12-04,0.0,1,0,0,1,73,1
Juice WRLD & SUGA,2021-12-25,2021,2021-12-25,0.0,1,0,0,1,29,1
"Juice WRLD, Polo G & Trippie Redd",2021-12-25,2021,2021-12-25,0.0,1,0,0,1,56,1
YoungBoy Never Broke Again & Birdman,2022-01-15,2022,2022-01-15,0.0,1,0,0,1,93,1
Gunna & Chloe,2022-01-22,2022,2022-01-22,0.0,1,0,0,1,72,1
Gunna & Chris Brown,2022-01-22,2022,2022-01-22,0.0,1,0,0,1,92,1
Benny The Butcher & J. Cole,2022-02-12,2022,2022-02-12,0.0,1,0,0,1,72,1
Jaymes Young,2022-02-12,2022,2022-02-12,0.0,1,0,0,1,94,1
Carlos Vives,2022-02-12,2022,2022-02-12,0.0,1,0,0,1,100,1
$NOT & A$AP Rocky,2022-02-19,2022,2022-02-19,0.0,1,0,0,1,87,1
DaBaby & YoungBoy Never Broke Again,2022-03-19,2022,2022-03-19,0.0,1,0,0,1,89,1
King Von & Lil Durk,2022-03-19,2022,2022-03-19,0.0,1,0,0,1,96,1
BoyWithUke X blackbear,2022-04-02,2022,2022-04-02,0.0,1,0,0,1,99,1
Nicki Minaj & Fivio Foreign,2022-04-09,2022,2022-04-09,0.0,1,0,0,1,58,1
J Balvin & Ed Sheeran,2022-04-09,2022,2022-04-09,0.0,1,0,0,1,89,1
JID & J. Cole,2022-04-16,2022,2022-04-16,0.0,1,0,0,1,71,1
42 Dugg & EST Gee,2022-04-23,2022,2022-04-23,0.0,1,0,0,1,79,1
BRELAND,2022-04-23,2022,2022-04-23,0.0,1,0,0,1,100,1
"Southside, Travis Scott & Future",2022-05-07,2022,2022-05-07,0.0,1,0,0,1,57,1
"Kendrick Lamar, Summer Walker & Ghostface Killah",2022-05-28,2022,2022-05-28,0.0,1,0,0,1,22,1
Kendrick Lamar & Tanna Leone,2022-05-28,2022,2022-05-28,0.0,1,0,0,1,40,1
Lil Nas X & Youngboy Never Broke Again,2022-07-09,2022,2022-07-09,0.0,1,0,0,1,67,1
Eminem & Snoop Dogg,2022-07-09,2022,2022-07-09,0.0,1,0,0,1,72,1
Russ & Ed Sheeran,2022-08-06,2022,2022-08-06,0.0,1,0,0,1,97,1
"Trippie Redd, Moneybagg Yo & Offset",2022-08-20,2022,2022-08-20,0.0,1,0,0,1,96,1
Romeo Santos & Justin Timberlake,2022-09-17,2022,2022-09-17,0.0,1,0,0,1,100,1
BLEU & Nicki Minaj,2022-10-01,2022,2022-10-01,0.0,1,0,0,1,93,1
"Quavo, Takeoff & YoungBoy Never Broke Again",2022-10-22,2022,2022-10-22,0.0,1,0,0,1,83,1
"Rauw Alejandro, Lyanno & Brray",2022-10-22,2022,2022-10-22,0.0,1,0,0,1,99,1
Marshmello & Juice WRLD,2022-10-29,2022,2022-10-29,0.0,1,0,0,1,53,1
Lil Baby & EST Gee,2022-10-29,2022,2022-10-29,0.0,1,0,0,1,68,1
Trippie Redd & Don Toliver,2022-11-12,2022,2022-11-12,0.0,1,0,0,1,92,1
Pharrell Williams & Travis Scott,2022-12-03,2022,2022-12-03,0.0,1,0,0,1,88,1
Metro Boomin & 21 Savage,2022-12-17,2022,2022-12-17,0.0,1,0,0,1,52,1
Metro Boomin & Future,2022-12-17,2022,2022-12-17,0.0,1,0,0,1,55,1
Metro Boomin & A$AP Rocky,2022-12-17,2022,2022-12-17,0.0,1,0,0,1,59,1
Metro Boomin & Gunna,2022-12-17,2022,2022-12-17,0.0,1,0,0,1,66,1
"Metro Boomin, Travis Scott & Future",2022-12-17,2022,2022-12-17,0.0,1,0,0,1,72,1
RM,2022-12-17,2022,2022-12-17,0.0,1,0,0,1,83,1
Moneybagg Yo x GloRilla,2023-01-28,2023,2023-01-28,0.0,1,0,0,1,56,1
TAEYANG,2023-01-28,2023,2023-01-28,0.0,1,0,0,1,76,1
Gucci Mane & Kodak Black,2023-01-28,2023,2023-01-28,0.0,1,0,0,1,100,1
Ice Spice & Lil Tjay,2023-02-04,2023,2023-02-04,0.0,1,0,0,1,82,1
"Trippie Redd, Future & Lil Baby",2023-02-04,2023,2023-02-04,0.0,1,0,0,1,86,1
Trippie Redd & Travis Scott,2023-02-04,2023,2023-02-04,0.0,1,0,0,1,90,1
ThxSoMch,2023-02-04,2023,2023-02-04,0.0,1,0,0,1,100,1
Falling In Reverse,2023-02-18,2023,2023-02-18,0.0,1,0,0,1,83,1
Polo G & Future,2023-03-04,2023,2023-03-04,0.0,1,0,0,1,69,1
Karol G & Ovy On The Drums,2023-03-11,2023,2023-03-11,0.0,1,0,0,1,82,1
Karol G & Quevedo,2023-03-11,2023,2023-03-11,0.0,1,0,0,1,86,1
"Karol G, Justin Quiles & Angel Dior",2023-03-11,2023,2023-03-11,0.0,1,0,0,1,95,1
Karol G & Carla Morrison,2023-03-11,2023,2023-03-11,0.0,1,0,0,1,98,1
NF & Cordae,2023-04-22,2023,2023-04-22,0.0,1,0,0,1,85,1
Kim Petras,2023-05-06,2023,2023-05-06,0.0,1,0,0,1,55,1
"Anuel AA, Mambo Kingz & DJ Luian",2023-05-20,2023,2023-05-20,0.0,1,0,0,1,83,1
Hailey Whitters,2023-05-27,2023,2023-05-27,0.0,1,0,0,1,94,1
Summer Walker & J. Cole,2023-06-03,2023,2023-06-03,0.0,1,0,0,1,63,1
Lil Durk & Chief Wuk,2023-06-10,2023,2023-06-10,0.0,1,0,0,1,67,1
Feid x Young Miko,2023-07-01,2023,2023-07-01,0.0,1,0,0,1,99,1
Gucci Mane & Lil Baby,2023-07-01,2023,2023-07-01,0.0,1,0,0,1,100,1
"Peso Pluma, Edgardo Nunez & Los Dareyes de La Sierra",2023-07-08,2023,2023-07-08,0.0,1,0,0,1,54,1
Juice WRLD & Cordae,2023-07-08,2023,2023-07-08,0.0,1,0,0,1,58,1
FendiDa Rappa,2023-07-22,2023,2023-07-22,0.0,1,0,0,1,82,1
Ryan Castro x Pe$o Pluma,2023-07-29,2023,2023-07-29,0.0,1,0,0,1,92,1
Burna Boy & Byron Messia,2023-08-05,2023,2023-08-05,0.0,1,0,0,1,99,1
"DJ Khaled, Lil Baby, Future & Lil Uzi Vert",2023-08-26,2023,2023-08-26,0.0,1,0,0,1,52,1
"Karol G, Cris Mj & Ryan Castro",2023-08-26,2023,2023-08-26,0.0,1,0,0,1,68,1
"Timbaland, Nelly Furtado & Justin Timberlake",2023-09-16,2023,2023-09-16,0.0,1,0,0,1,84,1
Rod Wave & Sadie Jean,2023-09-30,2023,2023-09-30,0.0,1,0,0,1,61,1
"Diddy, French Montana & The Weeknd",2023-09-30,2023,2023-09-30,0.0,1,0,0,1,87,1
Shakira X Fuerza Regida,2023-10-07,2023,2023-10-07,0.0,1,0,0,1,55,1
Lil Tecca & Kodak Black,2023-10-07,2023,2023-10-07,0.0,1,0,0,1,88,1
Rick Ross & Meek Mill,2023-10-14,2023,2023-10-14,0.0,1,0,0,1,83,1
Lil Yachty & J. Cole,2023-10-14,2023,2023-10-14,0.0,1,0,0,1,92,1
Bad Bunny & YOVNGCHIMI,2023-10-28,2023,2023-10-28,0.0,1,0,0,1,57,1
Bad Bunny & Eladio Carrion,2023-10-28,2023,2023-10-28,0.0,1,0,0,1,80,1
"Bad Bunny, Arcangel, De La Ghetto & Nengo Flow",2023-10-28,2023,2023-10-28,0.0,1,0,0,1,83,1
Lil Mabu & chriseanrock,2023-11-11,2023,2023-11-11,0.0,1,0,0,1,96,1
YoungBoy Never Broke Again & Rod Wave,2023-11-25,2023,2023-11-25,0.0,1,0,0,1,99,1
Andre 3000,2023-12-02,2023,2023-12-02,0.0,1,0,0,1,90,1
Kali Uchis & Karol G,2023-12-09,2023,2023-12-09,0.0,1,0,0,1,97,1
"21 Savage, Burna Boy & Metro Boomin",2024-01-27,2024,2024-01-27,0.0,1,0,0,1,67,1
21 Savage & Mariah The Scientist,2024-01-27,2024,2024-01-27,0.0,1,0,0,1,70,1
Tom MacDonald X Ben Shapiro,2024-02-10,2024,2024-02-10,0.0,1,0,0,1,16,1
Christian Nodal & Peso Pluma,2024-02-10,2024,2024-02-10,0.0,1,0,0,1,92,1
Pharrell & Miley Cyrus,2024-03-16,2024,2024-03-16,0.0,1,0,0,1,74,1
Shakira & Cardi B,2024-04-06,2024,2024-04-06,0.0,1,0,0,1,72,1
Hozier & Allison Russell,2024-04-06,2024,2024-04-06,0.0,1,0,0,1,88,1
Joyner Lucas & Jelly Roll,2024-04-06,2024,2024-04-06,0.0,1,0,0,1,93,1
"Beyonce, Linda Martell & Shaboozey",2024-04-13,2024,2024-04-13,0.0,1,0,0,1,31,1
Beyonce & Rumi Carter,2024-04-13,2024,2024-04-13,0.0,1,0,0,1,42,1
Beyonce & Willie Jones,2024-04-13,2024,2024-04-13,0.0,1,0,0,1,59,1
Beyonce & Shaboozey,2024-04-13,2024,2024-04-13,0.0,1,0,0,1,61,1
Camila Cabello & Playboi Carti,2024-04-13,2024,2024-04-13,0.0,1,0,0,1,81,1
ILLIT,2024-04-20,2024,2024-04-20,0.0,1,0,0,1,91,1
"Future, Metro Boomin & J. Cole",2024-04-27,2024,2024-04-27,0.0,1,0,0,1,39,1
"Future, Metro Boomin & Lil Baby",2024-04-27,2024,2024-04-27,0.0,1,0,0,1,61,1
"Future, Metro Boomin & A$AP Rocky",2024-04-27,2024,2024-04-27,0.0,1,0,0,1,71,1
"Future, Metro Boomin & Brownstone",2024-04-27,2024,2024-04-27,0.0,1,0,0,1,73,1
Ken Carson,2024-04-27,2024,2024-04-27,0.0,1,0,0,1,79,1
$uicideBoy$,2024-05-04,2024,2024-05-04,0.0,1,0,0,1,96,1
"Peso Pluma, Junior H & Eslabon Armado",2024-05-25,2024,2024-05-25,0.0,1,0,0,1,75,1
Falling In Reverse & Jelly Roll,2024-06-22,2024,2024-06-22,0.0,1,0,0,1,77,1
Peso Pluma & Ivan Cornejo,2024-07-06,2024,2024-07-06,0.0,1,0,0,1,69,1
"Peso Pluma, Natanael Cano & Gabito Ballesteros",2024-07-06,2024,2024-07-06,0.0,1,0,0,1,91,1
Jimin & Loco,2024-07-13,2024,2024-07-13,0.0,1,0,0,1,88,1
David Guetta & OneRepublic,2024-07-13,2024,2024-07-13,0.0,1,0,0,1,96,1
Eminem & Sly Pyper,2024-07-27,2024,2024-07-27,0.0,1,0,0,1,37,1
Eminem & Skylar Grey,2024-07-27,2024,2024-07-27,0.0,1,0,0,1,56,1
"Eminem, Dem Jointz & Sly Pyper",2024-07-27,2024,2024-07-27,0.0,1,0,0,1,59,1
Eminem & Ez Mil,2024-07-27,2024,2024-07-27,0.0,1,0,0,1,72,1
BossMan DLow & Lil Baby,2024-07-27,2024,2024-07-27,0.0,1,0,0,1,86,1
Royel Otis,2024-08-10,2024,2024-08-10,0.0,1,0,0,1,94,1
Lil Yachty & Veeze,2024-09-14,2024,2024-09-14,0.0,1,0,0,1,99,1
Surf Curse,2024-09-21,2024,2024-09-21,0.0,1,0,0,1,91,1
Tee Grizzley & J. Cole,2024-10-12,2024,2024-10-12,0.0,1,0,0,1,88,1
Odetari,2024-10-12,2024,2024-10-12,0.0,1,0,0,1,96,1
Rod Wave & Be Charlotte,2024-10-26,2024,2024-10-26,0.0,1,0,0,1,87,1
"Karol G, Feid & DFZM",2024-11-23,2024,2024-11-23,0.0,1,0,0,1,62,1
Loe Shimmy & Brent Faiyaz,2024-11-23,2024,2024-11-23,0.0,1,0,0,1,78,1
Rauw Alejandro & Laura Pausini,2024-11-30,2024,2024-11-30,0.0,1,0,0,1,82,1
Rauw Alejandro & Feid,2024-11-30,2024,2024-11-30,0.0,1,0,0,1,88,1
V & Bing Crosby,2024-12-21,2024,2024-12-21,0.0,1,0,0,1,93,1
Gelo,2025-01-18,2025,2025-04-12,0.2,1,0,0,1,29,13
Lil Baby & GloRilla,2025-01-18,2025,2025-01-18,0.0,1,0,0,1,53,1
The Weeknd & Justice,2025-02-15,2025,2025-02-15,0.0,1,0,0,1,45,1
"The Weeknd, Travis Scott & Florence + The Machine",2025-02-15,2025,2025-02-15,0.0,1,0,0,1,53,1
The Weeknd & Future,2025-02-15,2025,2025-02-15,0.0,1,0,0,1,60,1
The Weeknd & Lana Del Rey,2025-02-15,2025,2025-02-15,0.0,1,0,0,1,68,1
JENNIE & Dominic Fike,2025-02-15,2025,2025-02-15,0.0,1,0,0,1,96,1
"PARTYNEXTDOOR, Drake & Chino Pacas",2025-03-01,2025,2025-03-01,0.0,1,0,0,1,63,1
"Don Toliver, j-hope, Pharrell Williams & Speedy",2025-03-08,2025,2025-03-08,0.0,1,0,0,1,83,1
JENNIE & Dua Lipa,2025-03-22,2025,2025-03-22,0.0,1,0,0,1,80,1
Fridayy & Meek Mill,2025-03-22,2025,2025-03-22,0.0,1,0,0,1,87,1
Playboi Carti & Future,2025-03-29,2025,2025-03-29,0.0,1,0,0,1,46,1
"Playboi Carti, Future & Travis Scott",2025-03-29,2025,2025-03-29,0.0,1,0,0,1,49,1
"Playboi Carti, Young Thug & Ty Dolla $ign",2025-03-29,2025,2025-03-29,0.0,1,0,0,1,71,1
Jack Harlow & Doja Cat,2025-04-05,2025,2025-04-05,0.0,1,0,0,1,57,1
Maroon 5 & LISA,2025-05-17,2025,2025-05-17,0.0,1,0,0,1,76,1
Megan Moroney & Kenny Chesney,2025-05-24,2025,2025-05-24,0.0,1,0,0,1,86,1
wifiskeleton & i wanna be a jack-o-lantern,2025-05-24,2025,2025-05-24,0.0,1,0,0,1,91,1
Jin,2025-05-31,2025,2025-05-31,0.0,1,0,0,1,90,1
"Lil Wayne, Jelly Roll & Big Sean",2025-06-21,2025,2025-06-21,0.0,1,0,0,1,54,1
Lil Wayne & 2 Chainz,2025-06-21,2025,2025-06-21,0.0,1,0,0,1,93,1
"Saja Boys, Andrew Choi, Neckwav, Danny Chung, Kevin Woo & samUIL Lee",2025-07-05,2025,2025-07-05,0.0,1,0,0,1,77,1
"HUNTRX, EJAE, Audrey Nuna & Rei Ami",2025-07-05,2025,2025-07-05,0.0,1,0,0,1,81,1
Karol G & Feid,2025-07-05,2025,2025-07-05,0.0,1,0,0,1,96,1
BigXthaPlug & Shaboozey,2025-07-12,2025,2025-07-12,0.0,1,0,0,1,77,1
Justin Bieber & Gunna,2025-07-26,2025,2025-07-26,0.0,1,0,0,1,33,1
Justin Bieber & Dijon,2025-07-26,2025,2025-07-26,0.0,1,0,0,1,56,1
Justin Bieber & Sexyy Red,2025-07-26,2025,2025-07-26,0.0,1,0,0,1,57,1
"Justin Bieber, Cash Cobain & Eddie Benjamin",2025-07-26,2025,2025-07-26,0.0,1,0,0,1,70,1
"Travis Scott, Sheck Wes & Don Toliver",2025-07-26,2025,2025-07-26,0.0,1,0,0,1,72,1
"Travis Scott, Playboi Carti & Future",2025-07-26,2025,2025-07-26,0.0,1,0,0,1,74,1
Justin Bieber & Lil B,2025-07-26,2025,2025-07-26,0.0,1,0,0,1,84,1
Travis Scott & GloRilla,2025-07-26,2025,2025-07-26,0.0,1,0,0,1,93,1
Forrest Frank & The Figs,2025-08-16,2025,2025-08-16,0.0,1,0,0,1,77,1
$uicideboy$ X BONES,2025-08-16,2025,2025-08-16,0.0,1,0,0,1,100,1
Bailey Zimmerman & The Kid LAROI,2025-08-23,2025,2025-08-23,0.0,1,0,0,1,86,1
"Drake, Julia Wolf & Yeat",2025-09-27,2025,2025-09-27,0.0,1,0,0,1,53,1
A Boogie wit da Hoodie,2025-10-25,2025,2025-10-25,0.0,1,0,0,1,66,1
JISOO & ZAYN,2025-10-25,2025,2025-10-25,0.0,1,0,0,1,72,1
Emmanuell Cortes,2025-11-08,2025,2025-11-08,0.0,1,0,0,1,96,1
Cody Johnson & The Rockin' CJB,2025-11-22,2025,2025-11-22,0.0,1,0,0,1,12,1
ROSALIA & Yahritza y Su Esencia,2025-11-22,2025,2025-11-22,0.0,1,0,0,1,82,1
Summer Walker & Mariah the Scientist,2025-11-29,2025,2025-11-29,0.0,1,0,0,1,58,1
"Summer Walker, Latto & Doja Cat",2025-11-29,2025,2025-11-29,0.0,1,0,0,1,60,1
NF & MGK,2025-11-29,2025,2025-11-29,0.0,1,0,0,1,62,1
Summer Walker & Chris Brown,2025-11-29,2025,2025-11-29,0.0,1,0,0,1,68,1
Summer Walker & Anderson .Paak,2025-11-29,2025,2025-11-29,0.0,1,0,0,1,80,1
"Summer Walker, Glorilla, Sexyy Red & Monaleo",2025-11-29,2025,2025-11-29,0.0,1,0,0,1,96,1
Blake Roman,2025-11-29,2025,2025-11-29,0.0,1,0,0,1,98,1
BigXthaPlug & Post Malone,2025-12-06,2025,2025-12-06,0.0,1,0,0,1,82,1
Cynthia Erivo & Jonathan Bailey,2025-12-06,2025,2025-12-06,0.0,1,0,0,1,91,1
"Lil Baby, Playboi Carti & Skooly",2025-12-20,2025,2025-12-20,0.0,1,0,0,1,71,1
21 Savage & Young Nudy,2025-12-27,2025,2025-12-27,0.0,1,0,0,1,89,1
21 Savage & GloRilla,2025-12-27,2025,2025-12-27,0.0,1,0,0,1,93,1
Strawberry Guy,2026-02-07,2026,2026-02-07,0.0,1,0,0,1,97,1
J. Cole & PJ,2026-02-21,2026,2026-02-21,0.0,1,0,0,1,36,1
J. Cole & Petey Pablo,2026-02-21,2026,2026-02-21,0.0,1,0,0,1,64,1
J. Cole & Erykah Badu,2026-02-21,2026,2026-02-21,0.0,1,0,0,1,72,1
J. Cole & Burna Boy,2026-02-21,2026,2026-02-21,0.0,1,0,0,1,78,1
"Junior H, Gael Valenzuela & Peso Pluma",2026-02-28,2026,2026-02-28,0.0,1,0,0,1,100,1
Megan Moroney & Ed Sheeran,2026-03-07,2026,2026-03-07,0.0,1,0,0,1,67,1
beabadoobee,2026-03-28,2026,2026-03-28,0.0,1,0,0,1,84,1
Ye & CeeLo Green,2026-04-11,2026,2026-04-11,0.0,1,0,0,1,61,1
Ye & Peso Pluma,2026-04-11,2026,2026-04-11,0.0,1,0,0,1,81,1
Yeat & Don Toliver,2026-04-11,2026,2026-04-11,0.0,1,0,0,1,97,1
STELLA LEFTY,2026-04-18,2026,2026-08-22,0.3,1,1,0,1,3,19
"DJ Khaled, Future & Lil Baby",2026-04-25,2026,2026-04-25,0.0,1,0,0,1,70,1
"Clave Especial, Fuerza Regida & Los Gemelos de Sinaloa",2026-05-02,2026,2026-05-02,0.0,1,0,0,1,83,1
Karol G & Greg Gonzalez,2026-05-09,2026,2026-05-09,0.0,1,0,0,1,96,1
Madonna & Sabrina Carpenter,2026-05-16,2026,2026-05-16,0.0,1,0,0,1,74,1
Drake Feauring Future & Molly Santana,2026-05-30,2026,2026-05-30,0.0,1,1,0,1,2,1
Drake & Stunna Sandy,2026-05-30,2026,2026-05-30,0.0,1,0,0,1,65,1
Drake & Iconic Savvy,2026-05-30,2026,2026-05-30,0.0,1,0,0,1,67,1
Drake & Popcaan,2026-05-30,2026,2026-05-30,0.0,1,0,0,1,76,1
Role Model,2026-06-20,2026,2026-06-20,0.0,1,0,0,1,95,1
Slayyyter,2026-08-15,2026,2026-08-15,0.0,1,0,0,1,98,1
Koe Wetzel & Ella Langley,2026-08-22,2026,2026-08-22,0.0,1,0,0,1,19,1
Karol G & Bruno Mars,2026-08-22,2026,2026-08-22,0.0,1,0,0,1,41,1
Karol G & Drake,2026-08-22,2026,2026-08-22,0.0,1,0,0,1,44,1
"Karol G, Judeline & rusowsky",2026-08-22,2026,2026-08-22,0.0,1,0,0,1,73,1
Mack Geiger,2026-08-22,2026,2026-08-22,0.0,1,0,0,1,95,1
